sample_id,input,prediction,reference
397a1e851aab41c455c2b284f5e4947500d797f0,"<s>
[INST] You are a precise scientific QA assistant. Use only the provided paper text. If the question is not answerable from the text, reply with answer 'UNANSWERABLE'.

Return a STRICT JSON object with keys exactly:
{ ""answer"": ""<string>"", ""evidence"": [""<verbatim span 1>"", ""<verbatim span 2>""] }
- 'answer' must be 1-3 sentences or 'UNANSWERABLE'.
- 'evidence' must be 0-5 verbatim snippets copied from the paper text (no paraphrases).
No extra commentary.

Paper title: End-to-End Trainable Non-Collaborative Dialog System

Paper text:
# End-to-End Trainable Non-Collaborative Dialog System

## Abstract
End-to-end task-oriented dialog models have achieved promising performance on collaborative tasks where users willingly coordinate with the system to complete a given task. While in non-collaborative settings, for example, negotiation and persuasion, users and systems do not share a common goal. As a result, compared to collaborate tasks, people use social content to build rapport and trust in these non-collaborative settings in order to advance their goals. To handle social content, we introduce a hierarchical intent annotation scheme, which can be generalized to different non-collaborative dialog tasks. Building upon TransferTransfo (Wolf et al. 2019), we propose an end-to-end neural network model to generate diverse coherent responses. Our model utilizes intent and semantic slots as the intermediate sentence representation to guide the generation process. In addition, we design a filter to select appropriate responses based on whether these intermediate representations fit the designed task and conversation constraints. Our non-collaborative dialog model guides users to complete the task while simultaneously keeps them engaged. We test our approach on our newly proposed ANTISCAM dataset and an existing PERSUASIONFORGOOD dataset. Both automatic and human evaluations suggest that our model outperforms multiple baselines in these two non-collaborative tasks.

## Introduction
Considerable progress has been made building end-to-end dialog systems for collaborative tasks in which users cooperate with the system to achieve a common goal. Examples of collaborative tasks include making restaurant reservations and retrieving bus time-table information. Since users typically have clear and explicit intentions in collaborative tasks, existing systems commonly classify user utterances into pre-defined intents. In contrast, non-collaborative tasks are those where the users and the system do not strive to achieve the same goal. Examples of such tasks include deceiving attackers, persuading users to donate to a cause BIBREF1, and negotiating a product price BIBREF2, BIBREF3. In these tasks, users often perform complex actions that are beyond a simple set of pre-defined intents. In order to reach a common state, the user and the system need to build rapport and trust which naturally involves off-task content. Previous work did not model off-task content BIBREF2, which may have led to less optimal results. For example, in the persuasion task BIBREF1, users would ask the system “How do you feel about war?"" An example of an on-task system response that the system could have made is “Do you want to make a donation?"", which sticks to the task but neglects users' question. However, a better response to such an off-task question is “War is destructive and pitiless, but you can donate to help child victims of war."" This response is better, as it has been found that users are more likely to end the conversation if the system neglects their questions BIBREF4. Therefore, we need to design a system that handles both on-task and off-task information appropriately and in a way that leads back to the system's goal.
To tackle the issue of incoherent system responses to off-task content, previous studies have built hybrid systems to interleave off-task and on-task content. BIBREF4 used a rule-based dialog manager for on-task content and a neural model for off-task content, and trained a reinforcement learning model to select between these two models based on the dialog context. However, such a method is difficult to train and struggles to generalize beyond the movie promotion task they considered. To tackle these problems, we propose a hierarchical intent annotation scheme that separates on-task and off-task information in order to provide detailed supervision. For on-task information, we directly use task-related intents for representation. Off-task information, on the other hand, is too general to categorize into specific intents, so we choose dialog acts that convey syntax information. These acts, such as “open question"" are general to all tasks.
Previous studies use template-based methods to maintain sentence coherence. However, rigid templates lead to limited diversity, causing the user losing engagement. On the other hand, language generation models can generate diverse responses but are bad at being coherent. We propose Multiple Intents and Semantic Slots Annotation Neural Network (MISSA) to combine the advantages of both template and generation models and takes advantage from the hierarchical annotation at the same time. MISSA follows the TransferTransfo framework BIBREF0 with three modifications: (i) We first concurrently predict user's, system's intents and semantic slots; (ii) We then perform conditional generation to improve generated response's coherence. Specifically, we generate responses conditioned on the above intermediate representation (intents and slots); (iii) Finally, we generate multiple responses with the nucleus sampling strategy BIBREF5 and then apply a response filter, which contains a set of pre-defined constraints to select coherent responses. The constraints in the filter can be defined according to specific task requirements or general conversational rules.
To enrich publicly available non-collaborative task datasets, we collect a new dataset AntiScam, where users defend themselves against attackers trying to collect personal information. As non-collaborative tasks are still relatively new to the study of dialog systems, there are insufficiently many meaningful datasets for evaluation and we hope this provides a valuable example. We evaluate MISSA on the newly collected AntiScam dataset and an existing PersuasionForGood dataset. Both automatic and human evaluations suggest that MISSA outperforms multiple competitive baselines.
In summary, our contributions include: (i) We design a hierarchical intent annotation scheme and a semantic slot annotation scheme to annotate the non-collaborative dialog dataset, we also propose a carefully-designed AntiScam dataset to facilitate the research of non-collaborative dialog systems. (ii) We propose a model that can be applied to all non-collaborative tasks, outperforming other baselines on two different non-collaborative tasks. (iii) We develop an anti-scam dialog system to occupy attacker's attention and elicit their private information for social good. Furthermore, we also build a persuasion dialog system to persuade people to donate to charities. We release the code and data.

## Related Work
The interest in non-collaborative tasks has been increasing and there have already been several related datasets. For instance, BIBREF1 wang2019persuasion collected conversations where one participant persuades another to donate to a charity. BIBREF2 he2018decoupling collected negotiation dialogs where buyers and sellers bargain for items for sale on Craigslist. There are many other non-collaborative tasks, such as the turn-taking game BIBREF6, the multi-party game BIBREF7 and item splitting negotiation BIBREF8. Similar to the AntiScam dataset proposed in this paper, these datasets contain off-task content and can be used to train non-collaborative dialog systems. However, since they are not specifically collected and designed for non-collaborative tasks, it might be difficult to disentangle the on-task and off-task contents and measure the performance. Therefore, we propose the AntiScam dataset, which is designed to interleave the on-task and off-task contents in the conversation, and can serve as a benchmark dataset for similar non-collaborative tasks.
To better understand user utterances and separate on-task and off-task content within a conversation, previous work has designed hierarchical annotation schemes for specific domains. BIBREF9 hardy2002multi followed the DAMSL schemeBIBREF10 and annotated a multilingual human-computer dialog corpus with a hierarchical dialog act annotation scheme. BIBREF11 gupta2018semantic used a hierarchical annotation scheme for semantic parsing. Inspired by these studies, our idea is to annotate the intent and semantic slot separately in non-collaborative tasks. We propose a hierarchical intent annotation scheme that can be adopted by all non-collaborative tasks. With this annotation scheme, MISSA is able to quickly build an end-to-end trainable dialog system for any non-collaborative task.
Traditional task-oriented dialog systems BIBREF12 are usually composed of multiple independent modules, for example, natural language understanding, dialog state tracking BIBREF13, BIBREF14, dialog policy manager BIBREF15, and natural language generation BIBREF16. Conversational intent is adopted to capture the meaning of task content in these dialog systems BIBREF2, BIBREF17. In comparison to this work, we use a hierarchical intent scheme that includes off-task and on-task intents to capture utterance meaning. We also train the model in a multi-task fashion to predict decoupled intents and semantic slots. The major defect of a separately trained pipeline is the laborious dialog state design and annotation. In order to mitigate this problem, recent work has explored replacing independent modules with end-to-end neural networks BIBREF18, BIBREF19, BIBREF20. Our model also follows this end-to-end fashion.
Over the last few years, we have witnessed a huge growth in non-task-oriented dialog systems BIBREF21, BIBREF22. Social chatbots such as Gunrock BIBREF23 were able to maintain a conversation for around ten minutes in an open domain. Recent improvements build on top of the transformer and pre-trained language models BIBREF24, BIBREF25, BIBREF26, obtained state-of-the-art results on the Persona-Chat dataset BIBREF0. Pre-trained language models are proposed to build task-oriented dialog systems to drive the progress on leveraging large amounts of available unannotated data. BIBREF27. Similarly, our approach is also built on top of the TransferTransfo framework BIBREF0. BIBREF27 budzianowski2019hello focused on collaborative tasks BIBREF28. We target non-collaborative tasks instead.
Another line of work interleaves on-task and off-task content by building a hybrid dialog system that combines a task-oriented model and a non-task-oriented model BIBREF4, BIBREF29. In these studies, task-oriented systems and non-task-oriented systems are designed separately and both systems generate candidate responses. A selector is then designed to choose an appropriate output from the candidate responses BIBREF4 and a connector to combine two response candidates BIBREF30, BIBREF31. Compared with these works, MISSA is end-to-end trainable and thus easier to train and update.

## Non-Collaborative Task Annotation Scheme
To decouple syntactic and semantic information in utterances and provide detailed supervision, we design a hierarchical intent annotation scheme for non-collaborative tasks. We first separate on-task and off-task intents. As on-task intents are key actions that can vary among different tasks, we need to specifically define on-task intents for each task. On the other hand, since off-task content is too general to design task-specific intents, we choose common dialog acts as the categories. The advantage of this hierarchical annotation scheme is apparent when starting a new non-collaborative task: we only need to focus on designing the on-task categories and semantic slots which are the same as traditional task-oriented dialog systems. Consequently, we don't have to worry about the off-task annotation design since the off-task category is universal.
In the intent annotation scheme shown in Table TABREF2, we list the designed intent annotation scheme for the newly collected AntiScam dataset and the PersuasionForGood dataset. We first define on-task intents for the datasets, which are key actions in the task. Since our AntiScam focuses on understanding and reacting towards elicitations, we define elicitation, providing_information and refusal as on-task intents. In the PersuasionForGood dataset, we define nine on-task intents in Table TABREF2 based on the original PersuasionForGood dialog act annotation scheme. All these intents are related to donation actions, which are salient on-task intents in the persuasion task. The off-task intents are the same for both tasks, including six general intents and six additional social intents. General intents are more closely related to the syntactic meaning of the sentence (open_question, yes_no_question, positive_answer, negative_answer, responsive_statement, and nonresponsive_statement) while social intents are common social actions (greeting, closing, apology, thanking,respond_to_thank, and hold).
For specific tasks, we also design a semantic slot annotation scheme for annotating sentences based on their semantic content. We identify 13 main semantic slots in the anti-scam task, for example, credit card numbers. We present a detailed semantic slot annotation in Table TABREF3. Following BIBREF1, we segment each conversation turn into single sentences and then annotate each sentence rather than turns.

## Datasets
We test our approach on two non-collaborative task datasets: the AntiScam dataset and the PersuasionForGood dataset BIBREF1. Both datasets are collected from the Amazon Mechanical Turk platform in the form of typing conversations and off-task dialog is interleaved in the dialog.

## Datasets ::: AntiScam Dataset
To enrich available non-collaborative task datasets, we created a corpus of human-human anti-scam dialogs in order to learn human elicitation strategies. We chose a popular Amazon customer service scam scenario to collect dialogs between users and attackers who aim to collect users information. We posted a role-playing task on the Amazon Mechanical Turk platform and collected a typing conversation dataset named AntiScam. We collected 220 human-human dialogs. The average conversation length is 12.45 turns and the average utterance length is 11.13 words. Only 172 out of 220 users successfully identified their partner as an attacker, suggesting that the attackers are well trained and not too easily identifiable. We recruited two expert annotators who have linguistic training to annotate 3,044 sentences in 100 dialogs, achieving a 0.874 averaged weighted kappa value.

## Datasets ::: PersuasionForGood Dataset
The PersuasionForGood dataset BIBREF1 was collected from typing conversations on Amazon Mechanical Turk platform. Two workers were randomly paired, one was assigned the role of persuader, the other was persuadee. The goal of the persuader was to persuade the persuadee to donate a portion of task earning to a specific charity. The dataset consists of 1,017 dialogs, where 300 dialogs are annotated with dialog acts. The average conversation length is 10.43, the vocabulary size is 8,141. Since the original PersuasionForGood dataset is annotated with dialog acts, we select the on-task dialog acts as on-task intents shown in Table TABREF2, and categorize the other dialog acts into our pre-defined off-task intents.

## Model ::: Background
The TransferTransfo framework was proposed to build open domain dialog systems. BIBREF0 wolf2019transfertransfo fine-tuned the generative pre-training model (GPT) BIBREF32 with the PERSONA-CHAT dataset BIBREF33 in a multi-task fashion, where the language model objective is combined with a next-utterance classification task. The language model's objective is to maximize the following likelihood for a given sequence of tokens, $X = \lbrace x_1,\dots ,x_n\rbrace $:
The authors also trained a classifier to distinguish the correct next-utterance appended to the input human utterances from a set of randomly selected utterance distractors. In addition, they introduced dialog state embeddings to indicate speaker role in the model. The model significantly outperformed previous baselines over both automatic evaluations and human evaluations in social conversations. Since the TransferTransfo framework performs well in open domain, we adapt it for non-collaborative settings. We keep all the embeddings in the framework and train the language model and next-utterance classification task in a multi-task fashion following TransferTransfo.
We make two major changes: (1) To address the problem that TransferTransfo is originally designed for an open domain without explicit intents and regulations, we add two intent classifiers and two semantic slot classifiers to classify the intents and semantic slots for both human utterances and system responses as an effort to incorporate the proposed hierarchical intent and semantic slot annotation for non-collaborative tasks. (2) In dialog systems, multiple generated responses can be coherent under the current context. Generating diverse responses has proven to be an enduring challenge. To increase response diversity, we sample multiple generated responses and choose an appropriate one according to a set of pre-defined rules.

## Model ::: Intent and Semantic Slot Classifiers
We train MISSA in a multi-task fashion. In addition to the language model task and the next-utterance prediction task, we also use separate classifiers to predict the intents and semantic slots of both human utterances and system responses. The intent classifier and semantic slot classifier for human utterances capture the semantic and syntactic meaning of human utterances, providing information to select the appropriate response among response candidates while the classifiers for the system intents and semantic slots are designed to help select an appropriate next-sentence. We describe response filtering in the corresponding subsection. Classifiers are designed as the following equation:
where $L^i_{t}$ is the intent or semantic label of $i$-th sentence at turn $t$. $h^l_{t-1}$ is the hidden states at the end of last sentence in turn $t-1$, $h^i_{t}$ is the last hidden states at the end of $i$-th sentence in turn $t$. $W_{2h}$ are weights learned during training.
MISSA is able to classify multiple intents and multiple semantic slots in a single utterance with these classifiers. Figure FIGREF6 shows how it works on the AntiScam dataset. Specifically, we set a special token $<$sep$>$ at the end of each sentence in an utterance (an utterance can consist of multiple sentences). Next, we pass the token's position information to the transformer architecture and obtain the representation of the position (represented as colored position at last layer in Figure FIGREF6). After that, we concatenate the embeddings at these position with the hidden states of last sentence. We pass these concatenated representations to the intent classifier and the slot classifier to obtain an intent and a semantic slot for each sentence in the utterance. As shown in Figure FIGREF6, the loss function ${\mathcal {L}}$ for the model combines all the task losses:
where ${\mathcal {L}_{LM}}$ is the language model loss, ${\mathcal {L}_{I_h}}$, ${\mathcal {L}_{S_h}}$, ${\mathcal {L}_{I_s}}$, and ${\mathcal {L}_{S_s}}$ are losses of intent and slots classifiers, ${\mathcal {L}_{nup}}$ is next-utterance classification loss. $\lambda _{LM}$, $\lambda _{I_h}$, $\lambda _{S_h}$, $\lambda _{I_s}$, $\lambda _{S_s}$, and $\lambda _{nup}$ are the hyper-parameters that control the relative importance of every loss.

## Model ::: Response Generation
MISSA can generate multiple sentences in a single system turn. Therefore, we perform system generation conditioned on predicted system intents. More specifically, during the training phase, in addition to inserting a special $<$sep$>$ token at the end of each sentence, we also insert the intent of the system response as special tokens at the head of each sentence in the system response. For example, in Figure FIGREF6, we insert a $<$pos_ans$>$ token at the head of $S_t^1$, which is the system response in green. We then use a cross entropy loss function to calculate the loss between the predicted token and the ground truth intent token. During the testing phase, the model first generates a special intent token, then after being conditioned on this intent token, the model keeps generating a sentence until it generates a $<$sep$>$ token. After that, the model continues to generate another intent token and another sentence until it generates an $<$eos$>$ token.

## Model ::: Response Filtering
Since we only perform conditional generation, a type of soft constraint on the predicted intent of system response, the system can still generate samples that violate simple conversation regulations, such as eliciting information that has already been provided. These corner cases may lead to fatal results in high-risk tasks, for example, health care and education. To improve the robustness of MISSA and improve its ability to generalize to more tasks, we add a response filtering module after the generation. With the nucleus sampling strategy BIBREF5, MISSA is able to generate multiple diverse candidate responses with different intents and semantic slots. We then adopt a task-specific response filtering policy to choose the best candidate response as the final output. In our anti-scam scenario, we set up a few simple rules to filter out some unreasonable candidates, for instance, eliciting the repeated information. The filtering module is easily adaptable to different domains or specific requirements, which makes our dialog system more controllable.

## Experiments
We evaluate MISSA on two non-collaborative task datasets. AntiScam aims to build a dialog system that occupies the attacker's attention and elicits the attacker's information while PersuasionForGood BIBREF1 aims to build a dialog system that persuades people to donate to a charity. We use $80\%$ data for training, $10\%$ data for validation, and $10\%$ data for testing. More training details are presented in Appendix.

## Experiments ::: Baseline Models
We compare MISSA mainly with two baseline models:
TransferTransfo The vanilla TransferTransfo framework is compared with MISSA to show the impact and necessity of adding the intent and slot classifiers. We follow the original TransferTransfo design BIBREF0 and train with undelexicalized data.
Hybrid Following BIBREF4 yu2017learning, we also build a hybrid dialog system by combining vanilla TransferTransfo and MISSA. Specifically, we first determine if the human utterances are on-task or off-task with human intent classifier. If the classifier decides that the utterance is on-task, we choose the response from MISSA; otherwise, we choose the response from vanilla TransferTransfo baseline.
In addition, we perform ablation studies on MISSA to show the effects of different components.
MISSA-sel denotes MISSA without response filtering.
MISSA-con denotes MISSA leaving out the intent token at the start of the response generation.

## Experiments ::: Automatic Evaluation Metrics
Perplexity Since the canonical measure of a good language model is perplexity, which indicates the error rate of the expected word. We choose perplexity to evaluate the model performance.
Response-Intent Prediction (RIP) $\&$ Response-Slot Prediction (RSP) Different from open-domain dialog systems, we care about the intents of the system response in non-collaborative tasks as we hope to know if the system response satisfies user intents. For example, in the anti-scam task, if the attacker elicits information from the system, we need to know if the system refuses or agrees to provide the information. Therefore we care about intent prediction for the generated system response. Since our baselines are more suited for social chat as they cannot produce system intents, we use the system intent and slot classifiers trained in our model to predict their responses' intents and slots. The intent predictor achieves a $84\%$ accuracy and the semantic slot predictor achieves $77\%$ on the AntiScam dataset. Then we compare the predicted values with human-annotated ground truth in the dataset to compute the response-intent prediction (RIP) and response-slot prediction (RSP).
Extended Response-Intent Prediction (ERIP) $\&$ Extended Response-Slot Prediction (ERSP) With Response-Intent Prediction, we verify the predicted intents to evaluate the coherence of the dialog. However, the real mapping between human-intent and system-intent is much more complicated as there might be multiple acceptable system-intents for the same human-intent. Therefore, we also design a metric to evaluate if the predicted system-intent is in the set of acceptable intents. Specifically, we estimate the transition probability $p(I_i|I_j)$ by counting the frequency of all the bi-gram human-intent and system-intent pairs in the training data. During the test stage, if the predicted intent matches the ground truth, we set the score as 1, otherwise we set the score as $p(I_{predict}|I_i)$ where $I_i$ is the intent of the input human utterance. We then report the average value of those scores over turns as the final extended response-intent prediction result.

## Experiments ::: Human Evaluation Metrics
Automatic metrics only validate the system’s performance on a single dimension at a time. The ultimate holistic evaluation should be conducted by having the trained system interact with human users. Therefore we also conduct human evaluations for the dialog system built on AntiScam. We test our models and baselines with 15 college-student volunteers. Each of them is asked to pretend to be an attacker and interact with all the models for at least three times to avoid randomness. We in total collect 225 number of dialogs. Each time, volunteers are required to use similar sentences and strategies to interact with all five models and score each model based on the metrics listed below at the end of the current round. Each model receives a total of 45 human ratings, and the average score is reported as the final human-evaluation score. In total, we design five different metrics to assess the models' conversational ability whilst interacting with humans. The results are shown in Table TABREF19.
Fluency Fluency is used to explore different models' language generation quality.
Coherence Different from single sentence's fluency, coherence focuses more on the logical consistency between sentences in each turn.
Engagement In the anti-scam scenario, one of our missions is to keep engaging with the attackers to waste their time. So we directly ask volunteers (attackers) to what extend they would like to continue chatting with the system.
Dialog length (Length) Engagement is a subjective metric. Anti-scam system's goal is to engage user in the conversation longer in order to limit their harm to other potential victims. So we count the dialog length as another metric to evaluate system performance.
Task Success Score (TaskSuc) The other goal of the anti-scam system is to elicit attacker's personal information. We count the average type of information (name, address and phone number) that the system obtained from attackers as the task success score.

## Results and Analysis
Table TABREF19 presents the main experiment results on AntiScam dataset, for both automatic evaluation metrics and human evaluation metrics. The experiment results on PersuasionForGood are shown in Table TABREF23. We observe that MISSA outperforms two baseline models (TransferTransfo and hybrid model) on almost all the metrics on both datasets. For further analysis, examples of real dialogs from the human evaluation are presented in Table TABREF21.
Compared to the first TransferTransfo baseline, MISSA outperforms the TransferTransfo baseline on the on-task contents. From Table TABREF19, we observe that MISSA maintains longer conversations (14.9 turns) compared with TransferTransfo (8.5 turns), which means MISSA is better at maintaining the attacker's engagement. MISSA also has a higher task success score (1.294) than TransferTransfo (1.025), which indicates that it elicits information more strategically. In the top two dialogs (A and B) that are shown in Table TABREF21, both attackers were eliciting a credit card number in their first turns. TransferTransfo directly gave away the information, while MISSA replied with a semantically-related question “why would you need my credit card number?"" Furthermore, in the next turn, TransferTransfo ignored the context and asked an irrelevant question “what is your name?” while MISSA was able to generate the response “why can't you use my address?”, which is consistent to the context. We suspect the improved performance of MISSA comes from our proposed annotation scheme: the semantic slot information enables MISSA to keep track of the current entities, and the intent information helps MISSA to maintain coherency and prolong conversations.
Compared to the hybrid model baseline, MISSA performs better on off-task content. As shown in the bottom two dialogs in Table TABREF21, attackers in both dialogs introduced their names in their first utterances. MISSA recognized attacker's name, while the hybrid model did not. We suspect it is because the hybrid model does not have the built-in semantic slot predictor. In the second turn, both attackers were explaining the reason of requesting the billing address previously. With semantic slot information, MISSA can easily understand the attacker; but the hybrid model misunderstands that the attacker was talking about the order number, possibly because the token “order” appeared in the attacker's utterance. We suspect that the hybrid model's bad performance on the off-task content leads to its low coherence rating (2.76) and short dialog length (8.2).
To explore the influence of the intent-based conditional response generation method and the designed response filter, we perform an ablation study. The results are shown in Table TABREF19. We find that MISSA has higher fluency score and coherence score than MISSA-con (4.18 vs 3.78 for fluency, and 3.75 vs 3.68 for coherence), which suggests that conditioning on the system intent to generate responses improves the quality of the generated sentences. Compared with MISSA-sel, MISSA achieves better performance on all the metrics. For example, the engagement score for MISSA is 3.69 while MISSA-sel only has 2.87. This is because the response filter removed all the incoherent responses, which makes the attacker more willing to keep chatting. The ablation study shows both the conditional language generation mechanism and the response filter are essential to MISSA's good performance.
We also apply our method to the PersuasionForGood dataset. As shown in Table TABREF23, MISSA and its variants outperform the TransferTransfo and the hybrid models on all evaluation metrics. Such good performance indicates MISSA can be easily applied to a different non-collaborative task and achieve good performance. Particularly, MISSA achieves the lowest perplexity, which confirms that using conditional response generation leads to high quality responses. Compared with the result on AntiScam dataset, MISSA-con performs the best in terms of RIP and ERIP. We suspect the underlying reason is that there are more possible responses with the same intent in PersuasionForGood than in AntiScam. This also suggests that we should adjust the model structure according to the nature of the dataset.

## Conclusion and Future Work
We propose a general dialog system pipeline to build non-collaborative dialog systems, including a hierarchical annotation scheme and an end-to-end neural response generation model called MISSA. With the hierarchical annotation scheme, we can distinguish on-task and off-task intents. MISSA takes both on and off-task intents as supervision in its training and thus can deal with diverse user utterances in non-collaborative settings. Moreover, to validate MISSA's performance, we create a non-collaborate dialog dataset that focuses on deterring phone scammers. MISSA outperforms all baseline methods in terms of fluency, coherency, and user engagement on both the newly proposed anti-scam task and an existing persuasion task. However, MISSA still produces responses that are not consistent with their distant conversation history as GPT can only track a limited history span. In future work, we plan to address this issue by developing methods that can effectively track longer dialog context.

## Acknowledgements
This work was supported by DARPA ASED Program HR001117S0050. The U.S. Government is authorized to reproduce and distribute reprints for governmental purposes not withstanding any copyright notation therein. The views and conclusions contained herein are those of the authors and should not be interpreted as necessarily representing the official policies, either expressed or implied, of DARPA or the U.S. Government.

## Appendix ::: Anti-Scam Collection Setting
We randomly pair two workers: one is assigned the role of the attacker to elicit user information, and the other one is assigned the role of an everyday user who aims to protect her/his information and potentially elicit the attacker's information. We give both workers specific personal data. Instructions are shown in Table TABREF24. The “attacker” additionally receives training on how to elicit information from people. Workers cannot see their partners' instructions.
There are two tasks for the users: firstly, users are required to chat with their partners and determine if they are attackers or not, reporting their decisions at the end of the task. If users think their partners are attackers, they are instructed to prolong the conversation and elicit information from their partners. We give a bonus to users if they detect the attackers and elicit real information from the attackers, including the attacker's name, address and phone number. Since one worker can only participate once in the task, they do not know their partners are always attackers.
We provide real user information including the user's name and the task background (user purchased a product on Amazon) . Attackers are well-trained to pretend to be an Amazon customer service agent. To simulate a real-world scam, we tell attackers some details about the user, such as the user's name to stop them from being too easily identified. We give a bonus to attackers if they elicit correct information from users, including the user's address, credit card number, CVS and expiration date. Each worker can only participate once to prevent workers from knowing their partner's information and goals in advance. We collected 220 human-human dialogs. The average conversation length is 12.45 turns and the average utterance length is 11.13 words. Only 172 out of 220 users successfully identified their partner as an attacker, suggesting that the attackers are well trained and not too easily identifiable.
We recruited two expert annotators who have linguistic training to annotate 3,044 sentences in 100 dialogs, achieving a 0.874 averaged weighted kappa value. Table TABREF2 shows that there is a vast amount of off-task content in the dataset, which confirms the necessity of a hierarchical on-task/off-task annotation scheme. We observe that sentences from the attacker and user have different intent distributions. Compared to attackers, users produce more refusal (74 vs 19), because users are more likely to refuse to provide requested information if they have detected the attacker. Moreover, users also ask more open_questions (173 vs 54) and yes_no_questions (165 vs 117) for off-task content because they are instructed to prolong the conversation after detecting the attacker. Furthermore, attackers and users both have a massive amount of social content (292 in total and 252 in total), suggesting that it is important to have social intent sentences to maintain the conversation.

## Appendix ::: Training details
MISSA is based on the generative pre-trained transformer BIBREF32. We use an Adam optimizer with a learning rate of 6.25e-5 and $L2$ weight decay of $0.01$, we set the coefficient of language modeling loss to be 2, the coefficient of intent and slot classifiers to be 1, and the coefficient of next-utterance classifier to be 1. We first pre-train the model on the PERSONA-CHAT dataset. When fine-tuning on the AntiScam and the PersuasionForGood datasets, we use $80\%$ data for training, $10\%$ data for validation, and $10\%$ data for testing. Since the original PersuasionForGood dataset is annotated with intents, we separate the original on-task and off-task intents, which are shown in Table TABREF2. To deal with the words out of the vocabulary, we conduct delexicalization to replace slot values with corresponding slot tokens during the training phase, and replace the slot tokens with pre-defined information during testing.

## Appendix ::: Example Dialog
An example of human-human chat on AntiScam dataset is shown in Table TABREF25.

Question: How big is the ANTISCAM dataset? 
JSON: [/INST]
[INST] ","task content is due to the lack of semantic slot information.



















































































































































































","3,044 sentences in 100 dialogs | 220 human-human dialogs | 220 human-human dialogs. 3,044 sentences in 100 dialogs | 220 human-human dialogs. The average conversation length is 12.45 turns and the average utterance length is 11.13 words."
cc8b4ed3985f9bfbe1b5d7761b31d9bd6a965444,"<s>
[INST] You are a precise scientific QA assistant. Use only the provided paper text. If the question is not answerable from the text, reply with answer 'UNANSWERABLE'.

Return a STRICT JSON object with keys exactly:
{ ""answer"": ""<string>"", ""evidence"": [""<verbatim span 1>"", ""<verbatim span 2>""] }
- 'answer' must be 1-3 sentences or 'UNANSWERABLE'.
- 'evidence' must be 0-5 verbatim snippets copied from the paper text (no paraphrases).
No extra commentary.

Paper title: End-to-End Trainable Non-Collaborative Dialog System

Paper text:
# End-to-End Trainable Non-Collaborative Dialog System

## Abstract
End-to-end task-oriented dialog models have achieved promising performance on collaborative tasks where users willingly coordinate with the system to complete a given task. While in non-collaborative settings, for example, negotiation and persuasion, users and systems do not share a common goal. As a result, compared to collaborate tasks, people use social content to build rapport and trust in these non-collaborative settings in order to advance their goals. To handle social content, we introduce a hierarchical intent annotation scheme, which can be generalized to different non-collaborative dialog tasks. Building upon TransferTransfo (Wolf et al. 2019), we propose an end-to-end neural network model to generate diverse coherent responses. Our model utilizes intent and semantic slots as the intermediate sentence representation to guide the generation process. In addition, we design a filter to select appropriate responses based on whether these intermediate representations fit the designed task and conversation constraints. Our non-collaborative dialog model guides users to complete the task while simultaneously keeps them engaged. We test our approach on our newly proposed ANTISCAM dataset and an existing PERSUASIONFORGOOD dataset. Both automatic and human evaluations suggest that our model outperforms multiple baselines in these two non-collaborative tasks.

## Introduction
Considerable progress has been made building end-to-end dialog systems for collaborative tasks in which users cooperate with the system to achieve a common goal. Examples of collaborative tasks include making restaurant reservations and retrieving bus time-table information. Since users typically have clear and explicit intentions in collaborative tasks, existing systems commonly classify user utterances into pre-defined intents. In contrast, non-collaborative tasks are those where the users and the system do not strive to achieve the same goal. Examples of such tasks include deceiving attackers, persuading users to donate to a cause BIBREF1, and negotiating a product price BIBREF2, BIBREF3. In these tasks, users often perform complex actions that are beyond a simple set of pre-defined intents. In order to reach a common state, the user and the system need to build rapport and trust which naturally involves off-task content. Previous work did not model off-task content BIBREF2, which may have led to less optimal results. For example, in the persuasion task BIBREF1, users would ask the system “How do you feel about war?"" An example of an on-task system response that the system could have made is “Do you want to make a donation?"", which sticks to the task but neglects users' question. However, a better response to such an off-task question is “War is destructive and pitiless, but you can donate to help child victims of war."" This response is better, as it has been found that users are more likely to end the conversation if the system neglects their questions BIBREF4. Therefore, we need to design a system that handles both on-task and off-task information appropriately and in a way that leads back to the system's goal.
To tackle the issue of incoherent system responses to off-task content, previous studies have built hybrid systems to interleave off-task and on-task content. BIBREF4 used a rule-based dialog manager for on-task content and a neural model for off-task content, and trained a reinforcement learning model to select between these two models based on the dialog context. However, such a method is difficult to train and struggles to generalize beyond the movie promotion task they considered. To tackle these problems, we propose a hierarchical intent annotation scheme that separates on-task and off-task information in order to provide detailed supervision. For on-task information, we directly use task-related intents for representation. Off-task information, on the other hand, is too general to categorize into specific intents, so we choose dialog acts that convey syntax information. These acts, such as “open question"" are general to all tasks.
Previous studies use template-based methods to maintain sentence coherence. However, rigid templates lead to limited diversity, causing the user losing engagement. On the other hand, language generation models can generate diverse responses but are bad at being coherent. We propose Multiple Intents and Semantic Slots Annotation Neural Network (MISSA) to combine the advantages of both template and generation models and takes advantage from the hierarchical annotation at the same time. MISSA follows the TransferTransfo framework BIBREF0 with three modifications: (i) We first concurrently predict user's, system's intents and semantic slots; (ii) We then perform conditional generation to improve generated response's coherence. Specifically, we generate responses conditioned on the above intermediate representation (intents and slots); (iii) Finally, we generate multiple responses with the nucleus sampling strategy BIBREF5 and then apply a response filter, which contains a set of pre-defined constraints to select coherent responses. The constraints in the filter can be defined according to specific task requirements or general conversational rules.
To enrich publicly available non-collaborative task datasets, we collect a new dataset AntiScam, where users defend themselves against attackers trying to collect personal information. As non-collaborative tasks are still relatively new to the study of dialog systems, there are insufficiently many meaningful datasets for evaluation and we hope this provides a valuable example. We evaluate MISSA on the newly collected AntiScam dataset and an existing PersuasionForGood dataset. Both automatic and human evaluations suggest that MISSA outperforms multiple competitive baselines.
In summary, our contributions include: (i) We design a hierarchical intent annotation scheme and a semantic slot annotation scheme to annotate the non-collaborative dialog dataset, we also propose a carefully-designed AntiScam dataset to facilitate the research of non-collaborative dialog systems. (ii) We propose a model that can be applied to all non-collaborative tasks, outperforming other baselines on two different non-collaborative tasks. (iii) We develop an anti-scam dialog system to occupy attacker's attention and elicit their private information for social good. Furthermore, we also build a persuasion dialog system to persuade people to donate to charities. We release the code and data.

## Related Work
The interest in non-collaborative tasks has been increasing and there have already been several related datasets. For instance, BIBREF1 wang2019persuasion collected conversations where one participant persuades another to donate to a charity. BIBREF2 he2018decoupling collected negotiation dialogs where buyers and sellers bargain for items for sale on Craigslist. There are many other non-collaborative tasks, such as the turn-taking game BIBREF6, the multi-party game BIBREF7 and item splitting negotiation BIBREF8. Similar to the AntiScam dataset proposed in this paper, these datasets contain off-task content and can be used to train non-collaborative dialog systems. However, since they are not specifically collected and designed for non-collaborative tasks, it might be difficult to disentangle the on-task and off-task contents and measure the performance. Therefore, we propose the AntiScam dataset, which is designed to interleave the on-task and off-task contents in the conversation, and can serve as a benchmark dataset for similar non-collaborative tasks.
To better understand user utterances and separate on-task and off-task content within a conversation, previous work has designed hierarchical annotation schemes for specific domains. BIBREF9 hardy2002multi followed the DAMSL schemeBIBREF10 and annotated a multilingual human-computer dialog corpus with a hierarchical dialog act annotation scheme. BIBREF11 gupta2018semantic used a hierarchical annotation scheme for semantic parsing. Inspired by these studies, our idea is to annotate the intent and semantic slot separately in non-collaborative tasks. We propose a hierarchical intent annotation scheme that can be adopted by all non-collaborative tasks. With this annotation scheme, MISSA is able to quickly build an end-to-end trainable dialog system for any non-collaborative task.
Traditional task-oriented dialog systems BIBREF12 are usually composed of multiple independent modules, for example, natural language understanding, dialog state tracking BIBREF13, BIBREF14, dialog policy manager BIBREF15, and natural language generation BIBREF16. Conversational intent is adopted to capture the meaning of task content in these dialog systems BIBREF2, BIBREF17. In comparison to this work, we use a hierarchical intent scheme that includes off-task and on-task intents to capture utterance meaning. We also train the model in a multi-task fashion to predict decoupled intents and semantic slots. The major defect of a separately trained pipeline is the laborious dialog state design and annotation. In order to mitigate this problem, recent work has explored replacing independent modules with end-to-end neural networks BIBREF18, BIBREF19, BIBREF20. Our model also follows this end-to-end fashion.
Over the last few years, we have witnessed a huge growth in non-task-oriented dialog systems BIBREF21, BIBREF22. Social chatbots such as Gunrock BIBREF23 were able to maintain a conversation for around ten minutes in an open domain. Recent improvements build on top of the transformer and pre-trained language models BIBREF24, BIBREF25, BIBREF26, obtained state-of-the-art results on the Persona-Chat dataset BIBREF0. Pre-trained language models are proposed to build task-oriented dialog systems to drive the progress on leveraging large amounts of available unannotated data. BIBREF27. Similarly, our approach is also built on top of the TransferTransfo framework BIBREF0. BIBREF27 budzianowski2019hello focused on collaborative tasks BIBREF28. We target non-collaborative tasks instead.
Another line of work interleaves on-task and off-task content by building a hybrid dialog system that combines a task-oriented model and a non-task-oriented model BIBREF4, BIBREF29. In these studies, task-oriented systems and non-task-oriented systems are designed separately and both systems generate candidate responses. A selector is then designed to choose an appropriate output from the candidate responses BIBREF4 and a connector to combine two response candidates BIBREF30, BIBREF31. Compared with these works, MISSA is end-to-end trainable and thus easier to train and update.

## Non-Collaborative Task Annotation Scheme
To decouple syntactic and semantic information in utterances and provide detailed supervision, we design a hierarchical intent annotation scheme for non-collaborative tasks. We first separate on-task and off-task intents. As on-task intents are key actions that can vary among different tasks, we need to specifically define on-task intents for each task. On the other hand, since off-task content is too general to design task-specific intents, we choose common dialog acts as the categories. The advantage of this hierarchical annotation scheme is apparent when starting a new non-collaborative task: we only need to focus on designing the on-task categories and semantic slots which are the same as traditional task-oriented dialog systems. Consequently, we don't have to worry about the off-task annotation design since the off-task category is universal.
In the intent annotation scheme shown in Table TABREF2, we list the designed intent annotation scheme for the newly collected AntiScam dataset and the PersuasionForGood dataset. We first define on-task intents for the datasets, which are key actions in the task. Since our AntiScam focuses on understanding and reacting towards elicitations, we define elicitation, providing_information and refusal as on-task intents. In the PersuasionForGood dataset, we define nine on-task intents in Table TABREF2 based on the original PersuasionForGood dialog act annotation scheme. All these intents are related to donation actions, which are salient on-task intents in the persuasion task. The off-task intents are the same for both tasks, including six general intents and six additional social intents. General intents are more closely related to the syntactic meaning of the sentence (open_question, yes_no_question, positive_answer, negative_answer, responsive_statement, and nonresponsive_statement) while social intents are common social actions (greeting, closing, apology, thanking,respond_to_thank, and hold).
For specific tasks, we also design a semantic slot annotation scheme for annotating sentences based on their semantic content. We identify 13 main semantic slots in the anti-scam task, for example, credit card numbers. We present a detailed semantic slot annotation in Table TABREF3. Following BIBREF1, we segment each conversation turn into single sentences and then annotate each sentence rather than turns.

## Datasets
We test our approach on two non-collaborative task datasets: the AntiScam dataset and the PersuasionForGood dataset BIBREF1. Both datasets are collected from the Amazon Mechanical Turk platform in the form of typing conversations and off-task dialog is interleaved in the dialog.

## Datasets ::: AntiScam Dataset
To enrich available non-collaborative task datasets, we created a corpus of human-human anti-scam dialogs in order to learn human elicitation strategies. We chose a popular Amazon customer service scam scenario to collect dialogs between users and attackers who aim to collect users information. We posted a role-playing task on the Amazon Mechanical Turk platform and collected a typing conversation dataset named AntiScam. We collected 220 human-human dialogs. The average conversation length is 12.45 turns and the average utterance length is 11.13 words. Only 172 out of 220 users successfully identified their partner as an attacker, suggesting that the attackers are well trained and not too easily identifiable. We recruited two expert annotators who have linguistic training to annotate 3,044 sentences in 100 dialogs, achieving a 0.874 averaged weighted kappa value.

## Datasets ::: PersuasionForGood Dataset
The PersuasionForGood dataset BIBREF1 was collected from typing conversations on Amazon Mechanical Turk platform. Two workers were randomly paired, one was assigned the role of persuader, the other was persuadee. The goal of the persuader was to persuade the persuadee to donate a portion of task earning to a specific charity. The dataset consists of 1,017 dialogs, where 300 dialogs are annotated with dialog acts. The average conversation length is 10.43, the vocabulary size is 8,141. Since the original PersuasionForGood dataset is annotated with dialog acts, we select the on-task dialog acts as on-task intents shown in Table TABREF2, and categorize the other dialog acts into our pre-defined off-task intents.

## Model ::: Background
The TransferTransfo framework was proposed to build open domain dialog systems. BIBREF0 wolf2019transfertransfo fine-tuned the generative pre-training model (GPT) BIBREF32 with the PERSONA-CHAT dataset BIBREF33 in a multi-task fashion, where the language model objective is combined with a next-utterance classification task. The language model's objective is to maximize the following likelihood for a given sequence of tokens, $X = \lbrace x_1,\dots ,x_n\rbrace $:
The authors also trained a classifier to distinguish the correct next-utterance appended to the input human utterances from a set of randomly selected utterance distractors. In addition, they introduced dialog state embeddings to indicate speaker role in the model. The model significantly outperformed previous baselines over both automatic evaluations and human evaluations in social conversations. Since the TransferTransfo framework performs well in open domain, we adapt it for non-collaborative settings. We keep all the embeddings in the framework and train the language model and next-utterance classification task in a multi-task fashion following TransferTransfo.
We make two major changes: (1) To address the problem that TransferTransfo is originally designed for an open domain without explicit intents and regulations, we add two intent classifiers and two semantic slot classifiers to classify the intents and semantic slots for both human utterances and system responses as an effort to incorporate the proposed hierarchical intent and semantic slot annotation for non-collaborative tasks. (2) In dialog systems, multiple generated responses can be coherent under the current context. Generating diverse responses has proven to be an enduring challenge. To increase response diversity, we sample multiple generated responses and choose an appropriate one according to a set of pre-defined rules.

## Model ::: Intent and Semantic Slot Classifiers
We train MISSA in a multi-task fashion. In addition to the language model task and the next-utterance prediction task, we also use separate classifiers to predict the intents and semantic slots of both human utterances and system responses. The intent classifier and semantic slot classifier for human utterances capture the semantic and syntactic meaning of human utterances, providing information to select the appropriate response among response candidates while the classifiers for the system intents and semantic slots are designed to help select an appropriate next-sentence. We describe response filtering in the corresponding subsection. Classifiers are designed as the following equation:
where $L^i_{t}$ is the intent or semantic label of $i$-th sentence at turn $t$. $h^l_{t-1}$ is the hidden states at the end of last sentence in turn $t-1$, $h^i_{t}$ is the last hidden states at the end of $i$-th sentence in turn $t$. $W_{2h}$ are weights learned during training.
MISSA is able to classify multiple intents and multiple semantic slots in a single utterance with these classifiers. Figure FIGREF6 shows how it works on the AntiScam dataset. Specifically, we set a special token $<$sep$>$ at the end of each sentence in an utterance (an utterance can consist of multiple sentences). Next, we pass the token's position information to the transformer architecture and obtain the representation of the position (represented as colored position at last layer in Figure FIGREF6). After that, we concatenate the embeddings at these position with the hidden states of last sentence. We pass these concatenated representations to the intent classifier and the slot classifier to obtain an intent and a semantic slot for each sentence in the utterance. As shown in Figure FIGREF6, the loss function ${\mathcal {L}}$ for the model combines all the task losses:
where ${\mathcal {L}_{LM}}$ is the language model loss, ${\mathcal {L}_{I_h}}$, ${\mathcal {L}_{S_h}}$, ${\mathcal {L}_{I_s}}$, and ${\mathcal {L}_{S_s}}$ are losses of intent and slots classifiers, ${\mathcal {L}_{nup}}$ is next-utterance classification loss. $\lambda _{LM}$, $\lambda _{I_h}$, $\lambda _{S_h}$, $\lambda _{I_s}$, $\lambda _{S_s}$, and $\lambda _{nup}$ are the hyper-parameters that control the relative importance of every loss.

## Model ::: Response Generation
MISSA can generate multiple sentences in a single system turn. Therefore, we perform system generation conditioned on predicted system intents. More specifically, during the training phase, in addition to inserting a special $<$sep$>$ token at the end of each sentence, we also insert the intent of the system response as special tokens at the head of each sentence in the system response. For example, in Figure FIGREF6, we insert a $<$pos_ans$>$ token at the head of $S_t^1$, which is the system response in green. We then use a cross entropy loss function to calculate the loss between the predicted token and the ground truth intent token. During the testing phase, the model first generates a special intent token, then after being conditioned on this intent token, the model keeps generating a sentence until it generates a $<$sep$>$ token. After that, the model continues to generate another intent token and another sentence until it generates an $<$eos$>$ token.

## Model ::: Response Filtering
Since we only perform conditional generation, a type of soft constraint on the predicted intent of system response, the system can still generate samples that violate simple conversation regulations, such as eliciting information that has already been provided. These corner cases may lead to fatal results in high-risk tasks, for example, health care and education. To improve the robustness of MISSA and improve its ability to generalize to more tasks, we add a response filtering module after the generation. With the nucleus sampling strategy BIBREF5, MISSA is able to generate multiple diverse candidate responses with different intents and semantic slots. We then adopt a task-specific response filtering policy to choose the best candidate response as the final output. In our anti-scam scenario, we set up a few simple rules to filter out some unreasonable candidates, for instance, eliciting the repeated information. The filtering module is easily adaptable to different domains or specific requirements, which makes our dialog system more controllable.

## Experiments
We evaluate MISSA on two non-collaborative task datasets. AntiScam aims to build a dialog system that occupies the attacker's attention and elicits the attacker's information while PersuasionForGood BIBREF1 aims to build a dialog system that persuades people to donate to a charity. We use $80\%$ data for training, $10\%$ data for validation, and $10\%$ data for testing. More training details are presented in Appendix.

## Experiments ::: Baseline Models
We compare MISSA mainly with two baseline models:
TransferTransfo The vanilla TransferTransfo framework is compared with MISSA to show the impact and necessity of adding the intent and slot classifiers. We follow the original TransferTransfo design BIBREF0 and train with undelexicalized data.
Hybrid Following BIBREF4 yu2017learning, we also build a hybrid dialog system by combining vanilla TransferTransfo and MISSA. Specifically, we first determine if the human utterances are on-task or off-task with human intent classifier. If the classifier decides that the utterance is on-task, we choose the response from MISSA; otherwise, we choose the response from vanilla TransferTransfo baseline.
In addition, we perform ablation studies on MISSA to show the effects of different components.
MISSA-sel denotes MISSA without response filtering.
MISSA-con denotes MISSA leaving out the intent token at the start of the response generation.

## Experiments ::: Automatic Evaluation Metrics
Perplexity Since the canonical measure of a good language model is perplexity, which indicates the error rate of the expected word. We choose perplexity to evaluate the model performance.
Response-Intent Prediction (RIP) $\&$ Response-Slot Prediction (RSP) Different from open-domain dialog systems, we care about the intents of the system response in non-collaborative tasks as we hope to know if the system response satisfies user intents. For example, in the anti-scam task, if the attacker elicits information from the system, we need to know if the system refuses or agrees to provide the information. Therefore we care about intent prediction for the generated system response. Since our baselines are more suited for social chat as they cannot produce system intents, we use the system intent and slot classifiers trained in our model to predict their responses' intents and slots. The intent predictor achieves a $84\%$ accuracy and the semantic slot predictor achieves $77\%$ on the AntiScam dataset. Then we compare the predicted values with human-annotated ground truth in the dataset to compute the response-intent prediction (RIP) and response-slot prediction (RSP).
Extended Response-Intent Prediction (ERIP) $\&$ Extended Response-Slot Prediction (ERSP) With Response-Intent Prediction, we verify the predicted intents to evaluate the coherence of the dialog. However, the real mapping between human-intent and system-intent is much more complicated as there might be multiple acceptable system-intents for the same human-intent. Therefore, we also design a metric to evaluate if the predicted system-intent is in the set of acceptable intents. Specifically, we estimate the transition probability $p(I_i|I_j)$ by counting the frequency of all the bi-gram human-intent and system-intent pairs in the training data. During the test stage, if the predicted intent matches the ground truth, we set the score as 1, otherwise we set the score as $p(I_{predict}|I_i)$ where $I_i$ is the intent of the input human utterance. We then report the average value of those scores over turns as the final extended response-intent prediction result.

## Experiments ::: Human Evaluation Metrics
Automatic metrics only validate the system’s performance on a single dimension at a time. The ultimate holistic evaluation should be conducted by having the trained system interact with human users. Therefore we also conduct human evaluations for the dialog system built on AntiScam. We test our models and baselines with 15 college-student volunteers. Each of them is asked to pretend to be an attacker and interact with all the models for at least three times to avoid randomness. We in total collect 225 number of dialogs. Each time, volunteers are required to use similar sentences and strategies to interact with all five models and score each model based on the metrics listed below at the end of the current round. Each model receives a total of 45 human ratings, and the average score is reported as the final human-evaluation score. In total, we design five different metrics to assess the models' conversational ability whilst interacting with humans. The results are shown in Table TABREF19.
Fluency Fluency is used to explore different models' language generation quality.
Coherence Different from single sentence's fluency, coherence focuses more on the logical consistency between sentences in each turn.
Engagement In the anti-scam scenario, one of our missions is to keep engaging with the attackers to waste their time. So we directly ask volunteers (attackers) to what extend they would like to continue chatting with the system.
Dialog length (Length) Engagement is a subjective metric. Anti-scam system's goal is to engage user in the conversation longer in order to limit their harm to other potential victims. So we count the dialog length as another metric to evaluate system performance.
Task Success Score (TaskSuc) The other goal of the anti-scam system is to elicit attacker's personal information. We count the average type of information (name, address and phone number) that the system obtained from attackers as the task success score.

## Results and Analysis
Table TABREF19 presents the main experiment results on AntiScam dataset, for both automatic evaluation metrics and human evaluation metrics. The experiment results on PersuasionForGood are shown in Table TABREF23. We observe that MISSA outperforms two baseline models (TransferTransfo and hybrid model) on almost all the metrics on both datasets. For further analysis, examples of real dialogs from the human evaluation are presented in Table TABREF21.
Compared to the first TransferTransfo baseline, MISSA outperforms the TransferTransfo baseline on the on-task contents. From Table TABREF19, we observe that MISSA maintains longer conversations (14.9 turns) compared with TransferTransfo (8.5 turns), which means MISSA is better at maintaining the attacker's engagement. MISSA also has a higher task success score (1.294) than TransferTransfo (1.025), which indicates that it elicits information more strategically. In the top two dialogs (A and B) that are shown in Table TABREF21, both attackers were eliciting a credit card number in their first turns. TransferTransfo directly gave away the information, while MISSA replied with a semantically-related question “why would you need my credit card number?"" Furthermore, in the next turn, TransferTransfo ignored the context and asked an irrelevant question “what is your name?” while MISSA was able to generate the response “why can't you use my address?”, which is consistent to the context. We suspect the improved performance of MISSA comes from our proposed annotation scheme: the semantic slot information enables MISSA to keep track of the current entities, and the intent information helps MISSA to maintain coherency and prolong conversations.
Compared to the hybrid model baseline, MISSA performs better on off-task content. As shown in the bottom two dialogs in Table TABREF21, attackers in both dialogs introduced their names in their first utterances. MISSA recognized attacker's name, while the hybrid model did not. We suspect it is because the hybrid model does not have the built-in semantic slot predictor. In the second turn, both attackers were explaining the reason of requesting the billing address previously. With semantic slot information, MISSA can easily understand the attacker; but the hybrid model misunderstands that the attacker was talking about the order number, possibly because the token “order” appeared in the attacker's utterance. We suspect that the hybrid model's bad performance on the off-task content leads to its low coherence rating (2.76) and short dialog length (8.2).
To explore the influence of the intent-based conditional response generation method and the designed response filter, we perform an ablation study. The results are shown in Table TABREF19. We find that MISSA has higher fluency score and coherence score than MISSA-con (4.18 vs 3.78 for fluency, and 3.75 vs 3.68 for coherence), which suggests that conditioning on the system intent to generate responses improves the quality of the generated sentences. Compared with MISSA-sel, MISSA achieves better performance on all the metrics. For example, the engagement score for MISSA is 3.69 while MISSA-sel only has 2.87. This is because the response filter removed all the incoherent responses, which makes the attacker more willing to keep chatting. The ablation study shows both the conditional language generation mechanism and the response filter are essential to MISSA's good performance.
We also apply our method to the PersuasionForGood dataset. As shown in Table TABREF23, MISSA and its variants outperform the TransferTransfo and the hybrid models on all evaluation metrics. Such good performance indicates MISSA can be easily applied to a different non-collaborative task and achieve good performance. Particularly, MISSA achieves the lowest perplexity, which confirms that using conditional response generation leads to high quality responses. Compared with the result on AntiScam dataset, MISSA-con performs the best in terms of RIP and ERIP. We suspect the underlying reason is that there are more possible responses with the same intent in PersuasionForGood than in AntiScam. This also suggests that we should adjust the model structure according to the nature of the dataset.

## Conclusion and Future Work
We propose a general dialog system pipeline to build non-collaborative dialog systems, including a hierarchical annotation scheme and an end-to-end neural response generation model called MISSA. With the hierarchical annotation scheme, we can distinguish on-task and off-task intents. MISSA takes both on and off-task intents as supervision in its training and thus can deal with diverse user utterances in non-collaborative settings. Moreover, to validate MISSA's performance, we create a non-collaborate dialog dataset that focuses on deterring phone scammers. MISSA outperforms all baseline methods in terms of fluency, coherency, and user engagement on both the newly proposed anti-scam task and an existing persuasion task. However, MISSA still produces responses that are not consistent with their distant conversation history as GPT can only track a limited history span. In future work, we plan to address this issue by developing methods that can effectively track longer dialog context.

## Acknowledgements
This work was supported by DARPA ASED Program HR001117S0050. The U.S. Government is authorized to reproduce and distribute reprints for governmental purposes not withstanding any copyright notation therein. The views and conclusions contained herein are those of the authors and should not be interpreted as necessarily representing the official policies, either expressed or implied, of DARPA or the U.S. Government.

## Appendix ::: Anti-Scam Collection Setting
We randomly pair two workers: one is assigned the role of the attacker to elicit user information, and the other one is assigned the role of an everyday user who aims to protect her/his information and potentially elicit the attacker's information. We give both workers specific personal data. Instructions are shown in Table TABREF24. The “attacker” additionally receives training on how to elicit information from people. Workers cannot see their partners' instructions.
There are two tasks for the users: firstly, users are required to chat with their partners and determine if they are attackers or not, reporting their decisions at the end of the task. If users think their partners are attackers, they are instructed to prolong the conversation and elicit information from their partners. We give a bonus to users if they detect the attackers and elicit real information from the attackers, including the attacker's name, address and phone number. Since one worker can only participate once in the task, they do not know their partners are always attackers.
We provide real user information including the user's name and the task background (user purchased a product on Amazon) . Attackers are well-trained to pretend to be an Amazon customer service agent. To simulate a real-world scam, we tell attackers some details about the user, such as the user's name to stop them from being too easily identified. We give a bonus to attackers if they elicit correct information from users, including the user's address, credit card number, CVS and expiration date. Each worker can only participate once to prevent workers from knowing their partner's information and goals in advance. We collected 220 human-human dialogs. The average conversation length is 12.45 turns and the average utterance length is 11.13 words. Only 172 out of 220 users successfully identified their partner as an attacker, suggesting that the attackers are well trained and not too easily identifiable.
We recruited two expert annotators who have linguistic training to annotate 3,044 sentences in 100 dialogs, achieving a 0.874 averaged weighted kappa value. Table TABREF2 shows that there is a vast amount of off-task content in the dataset, which confirms the necessity of a hierarchical on-task/off-task annotation scheme. We observe that sentences from the attacker and user have different intent distributions. Compared to attackers, users produce more refusal (74 vs 19), because users are more likely to refuse to provide requested information if they have detected the attacker. Moreover, users also ask more open_questions (173 vs 54) and yes_no_questions (165 vs 117) for off-task content because they are instructed to prolong the conversation after detecting the attacker. Furthermore, attackers and users both have a massive amount of social content (292 in total and 252 in total), suggesting that it is important to have social intent sentences to maintain the conversation.

## Appendix ::: Training details
MISSA is based on the generative pre-trained transformer BIBREF32. We use an Adam optimizer with a learning rate of 6.25e-5 and $L2$ weight decay of $0.01$, we set the coefficient of language modeling loss to be 2, the coefficient of intent and slot classifiers to be 1, and the coefficient of next-utterance classifier to be 1. We first pre-train the model on the PERSONA-CHAT dataset. When fine-tuning on the AntiScam and the PersuasionForGood datasets, we use $80\%$ data for training, $10\%$ data for validation, and $10\%$ data for testing. Since the original PersuasionForGood dataset is annotated with intents, we separate the original on-task and off-task intents, which are shown in Table TABREF2. To deal with the words out of the vocabulary, we conduct delexicalization to replace slot values with corresponding slot tokens during the training phase, and replace the slot tokens with pre-defined information during testing.

## Appendix ::: Example Dialog
An example of human-human chat on AntiScam dataset is shown in Table TABREF25.

Question: How is intent annotated?
JSON: [/INST]
[INST] ","task content is due to the lack of semantic slot information.



















































































































































































","using a role-playing task on the Amazon Mechanical Turk platform and collecting typed conversations | Separate on-task and off task intents and annotate on task for data set specific intents, while annotating  off task intents with a fixed set of general intents. | On-task dialog are annotated as on-task intents , the other dialog are annotated as pre-defined off-task intents. | separate on-task and off-task intents on-task intents are key actions that can vary among different tasks, we need to specifically define on-task intents for each task off-task content is too general to design task-specific intents, we choose common dialog acts as the categories | we design a hierarchical intent annotation scheme for non-collaborative tasks. We first separate on-task and off-task intents. As on-task intents are key actions that can vary among different tasks, we need to specifically define on-task intents for each task. On the other hand, since off-task content is too general to design task-specific intents, we choose common dialog acts as the categories. In the intent annotation scheme shown in Table TABREF2, we list the designed intent annotation scheme for the newly collected AntiScam dataset and the PersuasionForGood dataset. We first define on-task intents for the datasets, which are key actions in the task. Since our AntiScam focuses on understanding and reacting towards elicitations, we define elicitation, providing_information and refusal as on-task intents. In the PersuasionForGood dataset, we define nine on-task intents in Table TABREF2 based on the original PersuasionForGood dialog act annotation scheme For specific tasks, we also design a semantic slot annotation scheme for annotating sentences based on their semantic content. We identify 13 main semantic slots in the anti-scam task, for example, credit card numbers. We present a detailed semantic slot annotation in Table TABREF3. Following BIBREF1, we segment each conversation turn into single sentences and then annotate each sentence rather than turns. | using a hierarchical scheme where on-task intents uses task-related intents for representation and off-task intents chooses dialog acts that convey the syntax information"
f7662b11e87c1e051e13799413f3db459ac3e19c,"<s>
[INST] You are a precise scientific QA assistant. Use only the provided paper text. If the question is not answerable from the text, reply with answer 'UNANSWERABLE'.

Return a STRICT JSON object with keys exactly:
{ ""answer"": ""<string>"", ""evidence"": [""<verbatim span 1>"", ""<verbatim span 2>""] }
- 'answer' must be 1-3 sentences or 'UNANSWERABLE'.
- 'evidence' must be 0-5 verbatim snippets copied from the paper text (no paraphrases).
No extra commentary.

Paper title: End-to-End Trainable Non-Collaborative Dialog System

Paper text:
# End-to-End Trainable Non-Collaborative Dialog System

## Abstract
End-to-end task-oriented dialog models have achieved promising performance on collaborative tasks where users willingly coordinate with the system to complete a given task. While in non-collaborative settings, for example, negotiation and persuasion, users and systems do not share a common goal. As a result, compared to collaborate tasks, people use social content to build rapport and trust in these non-collaborative settings in order to advance their goals. To handle social content, we introduce a hierarchical intent annotation scheme, which can be generalized to different non-collaborative dialog tasks. Building upon TransferTransfo (Wolf et al. 2019), we propose an end-to-end neural network model to generate diverse coherent responses. Our model utilizes intent and semantic slots as the intermediate sentence representation to guide the generation process. In addition, we design a filter to select appropriate responses based on whether these intermediate representations fit the designed task and conversation constraints. Our non-collaborative dialog model guides users to complete the task while simultaneously keeps them engaged. We test our approach on our newly proposed ANTISCAM dataset and an existing PERSUASIONFORGOOD dataset. Both automatic and human evaluations suggest that our model outperforms multiple baselines in these two non-collaborative tasks.

## Introduction
Considerable progress has been made building end-to-end dialog systems for collaborative tasks in which users cooperate with the system to achieve a common goal. Examples of collaborative tasks include making restaurant reservations and retrieving bus time-table information. Since users typically have clear and explicit intentions in collaborative tasks, existing systems commonly classify user utterances into pre-defined intents. In contrast, non-collaborative tasks are those where the users and the system do not strive to achieve the same goal. Examples of such tasks include deceiving attackers, persuading users to donate to a cause BIBREF1, and negotiating a product price BIBREF2, BIBREF3. In these tasks, users often perform complex actions that are beyond a simple set of pre-defined intents. In order to reach a common state, the user and the system need to build rapport and trust which naturally involves off-task content. Previous work did not model off-task content BIBREF2, which may have led to less optimal results. For example, in the persuasion task BIBREF1, users would ask the system “How do you feel about war?"" An example of an on-task system response that the system could have made is “Do you want to make a donation?"", which sticks to the task but neglects users' question. However, a better response to such an off-task question is “War is destructive and pitiless, but you can donate to help child victims of war."" This response is better, as it has been found that users are more likely to end the conversation if the system neglects their questions BIBREF4. Therefore, we need to design a system that handles both on-task and off-task information appropriately and in a way that leads back to the system's goal.
To tackle the issue of incoherent system responses to off-task content, previous studies have built hybrid systems to interleave off-task and on-task content. BIBREF4 used a rule-based dialog manager for on-task content and a neural model for off-task content, and trained a reinforcement learning model to select between these two models based on the dialog context. However, such a method is difficult to train and struggles to generalize beyond the movie promotion task they considered. To tackle these problems, we propose a hierarchical intent annotation scheme that separates on-task and off-task information in order to provide detailed supervision. For on-task information, we directly use task-related intents for representation. Off-task information, on the other hand, is too general to categorize into specific intents, so we choose dialog acts that convey syntax information. These acts, such as “open question"" are general to all tasks.
Previous studies use template-based methods to maintain sentence coherence. However, rigid templates lead to limited diversity, causing the user losing engagement. On the other hand, language generation models can generate diverse responses but are bad at being coherent. We propose Multiple Intents and Semantic Slots Annotation Neural Network (MISSA) to combine the advantages of both template and generation models and takes advantage from the hierarchical annotation at the same time. MISSA follows the TransferTransfo framework BIBREF0 with three modifications: (i) We first concurrently predict user's, system's intents and semantic slots; (ii) We then perform conditional generation to improve generated response's coherence. Specifically, we generate responses conditioned on the above intermediate representation (intents and slots); (iii) Finally, we generate multiple responses with the nucleus sampling strategy BIBREF5 and then apply a response filter, which contains a set of pre-defined constraints to select coherent responses. The constraints in the filter can be defined according to specific task requirements or general conversational rules.
To enrich publicly available non-collaborative task datasets, we collect a new dataset AntiScam, where users defend themselves against attackers trying to collect personal information. As non-collaborative tasks are still relatively new to the study of dialog systems, there are insufficiently many meaningful datasets for evaluation and we hope this provides a valuable example. We evaluate MISSA on the newly collected AntiScam dataset and an existing PersuasionForGood dataset. Both automatic and human evaluations suggest that MISSA outperforms multiple competitive baselines.
In summary, our contributions include: (i) We design a hierarchical intent annotation scheme and a semantic slot annotation scheme to annotate the non-collaborative dialog dataset, we also propose a carefully-designed AntiScam dataset to facilitate the research of non-collaborative dialog systems. (ii) We propose a model that can be applied to all non-collaborative tasks, outperforming other baselines on two different non-collaborative tasks. (iii) We develop an anti-scam dialog system to occupy attacker's attention and elicit their private information for social good. Furthermore, we also build a persuasion dialog system to persuade people to donate to charities. We release the code and data.

## Related Work
The interest in non-collaborative tasks has been increasing and there have already been several related datasets. For instance, BIBREF1 wang2019persuasion collected conversations where one participant persuades another to donate to a charity. BIBREF2 he2018decoupling collected negotiation dialogs where buyers and sellers bargain for items for sale on Craigslist. There are many other non-collaborative tasks, such as the turn-taking game BIBREF6, the multi-party game BIBREF7 and item splitting negotiation BIBREF8. Similar to the AntiScam dataset proposed in this paper, these datasets contain off-task content and can be used to train non-collaborative dialog systems. However, since they are not specifically collected and designed for non-collaborative tasks, it might be difficult to disentangle the on-task and off-task contents and measure the performance. Therefore, we propose the AntiScam dataset, which is designed to interleave the on-task and off-task contents in the conversation, and can serve as a benchmark dataset for similar non-collaborative tasks.
To better understand user utterances and separate on-task and off-task content within a conversation, previous work has designed hierarchical annotation schemes for specific domains. BIBREF9 hardy2002multi followed the DAMSL schemeBIBREF10 and annotated a multilingual human-computer dialog corpus with a hierarchical dialog act annotation scheme. BIBREF11 gupta2018semantic used a hierarchical annotation scheme for semantic parsing. Inspired by these studies, our idea is to annotate the intent and semantic slot separately in non-collaborative tasks. We propose a hierarchical intent annotation scheme that can be adopted by all non-collaborative tasks. With this annotation scheme, MISSA is able to quickly build an end-to-end trainable dialog system for any non-collaborative task.
Traditional task-oriented dialog systems BIBREF12 are usually composed of multiple independent modules, for example, natural language understanding, dialog state tracking BIBREF13, BIBREF14, dialog policy manager BIBREF15, and natural language generation BIBREF16. Conversational intent is adopted to capture the meaning of task content in these dialog systems BIBREF2, BIBREF17. In comparison to this work, we use a hierarchical intent scheme that includes off-task and on-task intents to capture utterance meaning. We also train the model in a multi-task fashion to predict decoupled intents and semantic slots. The major defect of a separately trained pipeline is the laborious dialog state design and annotation. In order to mitigate this problem, recent work has explored replacing independent modules with end-to-end neural networks BIBREF18, BIBREF19, BIBREF20. Our model also follows this end-to-end fashion.
Over the last few years, we have witnessed a huge growth in non-task-oriented dialog systems BIBREF21, BIBREF22. Social chatbots such as Gunrock BIBREF23 were able to maintain a conversation for around ten minutes in an open domain. Recent improvements build on top of the transformer and pre-trained language models BIBREF24, BIBREF25, BIBREF26, obtained state-of-the-art results on the Persona-Chat dataset BIBREF0. Pre-trained language models are proposed to build task-oriented dialog systems to drive the progress on leveraging large amounts of available unannotated data. BIBREF27. Similarly, our approach is also built on top of the TransferTransfo framework BIBREF0. BIBREF27 budzianowski2019hello focused on collaborative tasks BIBREF28. We target non-collaborative tasks instead.
Another line of work interleaves on-task and off-task content by building a hybrid dialog system that combines a task-oriented model and a non-task-oriented model BIBREF4, BIBREF29. In these studies, task-oriented systems and non-task-oriented systems are designed separately and both systems generate candidate responses. A selector is then designed to choose an appropriate output from the candidate responses BIBREF4 and a connector to combine two response candidates BIBREF30, BIBREF31. Compared with these works, MISSA is end-to-end trainable and thus easier to train and update.

## Non-Collaborative Task Annotation Scheme
To decouple syntactic and semantic information in utterances and provide detailed supervision, we design a hierarchical intent annotation scheme for non-collaborative tasks. We first separate on-task and off-task intents. As on-task intents are key actions that can vary among different tasks, we need to specifically define on-task intents for each task. On the other hand, since off-task content is too general to design task-specific intents, we choose common dialog acts as the categories. The advantage of this hierarchical annotation scheme is apparent when starting a new non-collaborative task: we only need to focus on designing the on-task categories and semantic slots which are the same as traditional task-oriented dialog systems. Consequently, we don't have to worry about the off-task annotation design since the off-task category is universal.
In the intent annotation scheme shown in Table TABREF2, we list the designed intent annotation scheme for the newly collected AntiScam dataset and the PersuasionForGood dataset. We first define on-task intents for the datasets, which are key actions in the task. Since our AntiScam focuses on understanding and reacting towards elicitations, we define elicitation, providing_information and refusal as on-task intents. In the PersuasionForGood dataset, we define nine on-task intents in Table TABREF2 based on the original PersuasionForGood dialog act annotation scheme. All these intents are related to donation actions, which are salient on-task intents in the persuasion task. The off-task intents are the same for both tasks, including six general intents and six additional social intents. General intents are more closely related to the syntactic meaning of the sentence (open_question, yes_no_question, positive_answer, negative_answer, responsive_statement, and nonresponsive_statement) while social intents are common social actions (greeting, closing, apology, thanking,respond_to_thank, and hold).
For specific tasks, we also design a semantic slot annotation scheme for annotating sentences based on their semantic content. We identify 13 main semantic slots in the anti-scam task, for example, credit card numbers. We present a detailed semantic slot annotation in Table TABREF3. Following BIBREF1, we segment each conversation turn into single sentences and then annotate each sentence rather than turns.

## Datasets
We test our approach on two non-collaborative task datasets: the AntiScam dataset and the PersuasionForGood dataset BIBREF1. Both datasets are collected from the Amazon Mechanical Turk platform in the form of typing conversations and off-task dialog is interleaved in the dialog.

## Datasets ::: AntiScam Dataset
To enrich available non-collaborative task datasets, we created a corpus of human-human anti-scam dialogs in order to learn human elicitation strategies. We chose a popular Amazon customer service scam scenario to collect dialogs between users and attackers who aim to collect users information. We posted a role-playing task on the Amazon Mechanical Turk platform and collected a typing conversation dataset named AntiScam. We collected 220 human-human dialogs. The average conversation length is 12.45 turns and the average utterance length is 11.13 words. Only 172 out of 220 users successfully identified their partner as an attacker, suggesting that the attackers are well trained and not too easily identifiable. We recruited two expert annotators who have linguistic training to annotate 3,044 sentences in 100 dialogs, achieving a 0.874 averaged weighted kappa value.

## Datasets ::: PersuasionForGood Dataset
The PersuasionForGood dataset BIBREF1 was collected from typing conversations on Amazon Mechanical Turk platform. Two workers were randomly paired, one was assigned the role of persuader, the other was persuadee. The goal of the persuader was to persuade the persuadee to donate a portion of task earning to a specific charity. The dataset consists of 1,017 dialogs, where 300 dialogs are annotated with dialog acts. The average conversation length is 10.43, the vocabulary size is 8,141. Since the original PersuasionForGood dataset is annotated with dialog acts, we select the on-task dialog acts as on-task intents shown in Table TABREF2, and categorize the other dialog acts into our pre-defined off-task intents.

## Model ::: Background
The TransferTransfo framework was proposed to build open domain dialog systems. BIBREF0 wolf2019transfertransfo fine-tuned the generative pre-training model (GPT) BIBREF32 with the PERSONA-CHAT dataset BIBREF33 in a multi-task fashion, where the language model objective is combined with a next-utterance classification task. The language model's objective is to maximize the following likelihood for a given sequence of tokens, $X = \lbrace x_1,\dots ,x_n\rbrace $:
The authors also trained a classifier to distinguish the correct next-utterance appended to the input human utterances from a set of randomly selected utterance distractors. In addition, they introduced dialog state embeddings to indicate speaker role in the model. The model significantly outperformed previous baselines over both automatic evaluations and human evaluations in social conversations. Since the TransferTransfo framework performs well in open domain, we adapt it for non-collaborative settings. We keep all the embeddings in the framework and train the language model and next-utterance classification task in a multi-task fashion following TransferTransfo.
We make two major changes: (1) To address the problem that TransferTransfo is originally designed for an open domain without explicit intents and regulations, we add two intent classifiers and two semantic slot classifiers to classify the intents and semantic slots for both human utterances and system responses as an effort to incorporate the proposed hierarchical intent and semantic slot annotation for non-collaborative tasks. (2) In dialog systems, multiple generated responses can be coherent under the current context. Generating diverse responses has proven to be an enduring challenge. To increase response diversity, we sample multiple generated responses and choose an appropriate one according to a set of pre-defined rules.

## Model ::: Intent and Semantic Slot Classifiers
We train MISSA in a multi-task fashion. In addition to the language model task and the next-utterance prediction task, we also use separate classifiers to predict the intents and semantic slots of both human utterances and system responses. The intent classifier and semantic slot classifier for human utterances capture the semantic and syntactic meaning of human utterances, providing information to select the appropriate response among response candidates while the classifiers for the system intents and semantic slots are designed to help select an appropriate next-sentence. We describe response filtering in the corresponding subsection. Classifiers are designed as the following equation:
where $L^i_{t}$ is the intent or semantic label of $i$-th sentence at turn $t$. $h^l_{t-1}$ is the hidden states at the end of last sentence in turn $t-1$, $h^i_{t}$ is the last hidden states at the end of $i$-th sentence in turn $t$. $W_{2h}$ are weights learned during training.
MISSA is able to classify multiple intents and multiple semantic slots in a single utterance with these classifiers. Figure FIGREF6 shows how it works on the AntiScam dataset. Specifically, we set a special token $<$sep$>$ at the end of each sentence in an utterance (an utterance can consist of multiple sentences). Next, we pass the token's position information to the transformer architecture and obtain the representation of the position (represented as colored position at last layer in Figure FIGREF6). After that, we concatenate the embeddings at these position with the hidden states of last sentence. We pass these concatenated representations to the intent classifier and the slot classifier to obtain an intent and a semantic slot for each sentence in the utterance. As shown in Figure FIGREF6, the loss function ${\mathcal {L}}$ for the model combines all the task losses:
where ${\mathcal {L}_{LM}}$ is the language model loss, ${\mathcal {L}_{I_h}}$, ${\mathcal {L}_{S_h}}$, ${\mathcal {L}_{I_s}}$, and ${\mathcal {L}_{S_s}}$ are losses of intent and slots classifiers, ${\mathcal {L}_{nup}}$ is next-utterance classification loss. $\lambda _{LM}$, $\lambda _{I_h}$, $\lambda _{S_h}$, $\lambda _{I_s}$, $\lambda _{S_s}$, and $\lambda _{nup}$ are the hyper-parameters that control the relative importance of every loss.

## Model ::: Response Generation
MISSA can generate multiple sentences in a single system turn. Therefore, we perform system generation conditioned on predicted system intents. More specifically, during the training phase, in addition to inserting a special $<$sep$>$ token at the end of each sentence, we also insert the intent of the system response as special tokens at the head of each sentence in the system response. For example, in Figure FIGREF6, we insert a $<$pos_ans$>$ token at the head of $S_t^1$, which is the system response in green. We then use a cross entropy loss function to calculate the loss between the predicted token and the ground truth intent token. During the testing phase, the model first generates a special intent token, then after being conditioned on this intent token, the model keeps generating a sentence until it generates a $<$sep$>$ token. After that, the model continues to generate another intent token and another sentence until it generates an $<$eos$>$ token.

## Model ::: Response Filtering
Since we only perform conditional generation, a type of soft constraint on the predicted intent of system response, the system can still generate samples that violate simple conversation regulations, such as eliciting information that has already been provided. These corner cases may lead to fatal results in high-risk tasks, for example, health care and education. To improve the robustness of MISSA and improve its ability to generalize to more tasks, we add a response filtering module after the generation. With the nucleus sampling strategy BIBREF5, MISSA is able to generate multiple diverse candidate responses with different intents and semantic slots. We then adopt a task-specific response filtering policy to choose the best candidate response as the final output. In our anti-scam scenario, we set up a few simple rules to filter out some unreasonable candidates, for instance, eliciting the repeated information. The filtering module is easily adaptable to different domains or specific requirements, which makes our dialog system more controllable.

## Experiments
We evaluate MISSA on two non-collaborative task datasets. AntiScam aims to build a dialog system that occupies the attacker's attention and elicits the attacker's information while PersuasionForGood BIBREF1 aims to build a dialog system that persuades people to donate to a charity. We use $80\%$ data for training, $10\%$ data for validation, and $10\%$ data for testing. More training details are presented in Appendix.

## Experiments ::: Baseline Models
We compare MISSA mainly with two baseline models:
TransferTransfo The vanilla TransferTransfo framework is compared with MISSA to show the impact and necessity of adding the intent and slot classifiers. We follow the original TransferTransfo design BIBREF0 and train with undelexicalized data.
Hybrid Following BIBREF4 yu2017learning, we also build a hybrid dialog system by combining vanilla TransferTransfo and MISSA. Specifically, we first determine if the human utterances are on-task or off-task with human intent classifier. If the classifier decides that the utterance is on-task, we choose the response from MISSA; otherwise, we choose the response from vanilla TransferTransfo baseline.
In addition, we perform ablation studies on MISSA to show the effects of different components.
MISSA-sel denotes MISSA without response filtering.
MISSA-con denotes MISSA leaving out the intent token at the start of the response generation.

## Experiments ::: Automatic Evaluation Metrics
Perplexity Since the canonical measure of a good language model is perplexity, which indicates the error rate of the expected word. We choose perplexity to evaluate the model performance.
Response-Intent Prediction (RIP) $\&$ Response-Slot Prediction (RSP) Different from open-domain dialog systems, we care about the intents of the system response in non-collaborative tasks as we hope to know if the system response satisfies user intents. For example, in the anti-scam task, if the attacker elicits information from the system, we need to know if the system refuses or agrees to provide the information. Therefore we care about intent prediction for the generated system response. Since our baselines are more suited for social chat as they cannot produce system intents, we use the system intent and slot classifiers trained in our model to predict their responses' intents and slots. The intent predictor achieves a $84\%$ accuracy and the semantic slot predictor achieves $77\%$ on the AntiScam dataset. Then we compare the predicted values with human-annotated ground truth in the dataset to compute the response-intent prediction (RIP) and response-slot prediction (RSP).
Extended Response-Intent Prediction (ERIP) $\&$ Extended Response-Slot Prediction (ERSP) With Response-Intent Prediction, we verify the predicted intents to evaluate the coherence of the dialog. However, the real mapping between human-intent and system-intent is much more complicated as there might be multiple acceptable system-intents for the same human-intent. Therefore, we also design a metric to evaluate if the predicted system-intent is in the set of acceptable intents. Specifically, we estimate the transition probability $p(I_i|I_j)$ by counting the frequency of all the bi-gram human-intent and system-intent pairs in the training data. During the test stage, if the predicted intent matches the ground truth, we set the score as 1, otherwise we set the score as $p(I_{predict}|I_i)$ where $I_i$ is the intent of the input human utterance. We then report the average value of those scores over turns as the final extended response-intent prediction result.

## Experiments ::: Human Evaluation Metrics
Automatic metrics only validate the system’s performance on a single dimension at a time. The ultimate holistic evaluation should be conducted by having the trained system interact with human users. Therefore we also conduct human evaluations for the dialog system built on AntiScam. We test our models and baselines with 15 college-student volunteers. Each of them is asked to pretend to be an attacker and interact with all the models for at least three times to avoid randomness. We in total collect 225 number of dialogs. Each time, volunteers are required to use similar sentences and strategies to interact with all five models and score each model based on the metrics listed below at the end of the current round. Each model receives a total of 45 human ratings, and the average score is reported as the final human-evaluation score. In total, we design five different metrics to assess the models' conversational ability whilst interacting with humans. The results are shown in Table TABREF19.
Fluency Fluency is used to explore different models' language generation quality.
Coherence Different from single sentence's fluency, coherence focuses more on the logical consistency between sentences in each turn.
Engagement In the anti-scam scenario, one of our missions is to keep engaging with the attackers to waste their time. So we directly ask volunteers (attackers) to what extend they would like to continue chatting with the system.
Dialog length (Length) Engagement is a subjective metric. Anti-scam system's goal is to engage user in the conversation longer in order to limit their harm to other potential victims. So we count the dialog length as another metric to evaluate system performance.
Task Success Score (TaskSuc) The other goal of the anti-scam system is to elicit attacker's personal information. We count the average type of information (name, address and phone number) that the system obtained from attackers as the task success score.

## Results and Analysis
Table TABREF19 presents the main experiment results on AntiScam dataset, for both automatic evaluation metrics and human evaluation metrics. The experiment results on PersuasionForGood are shown in Table TABREF23. We observe that MISSA outperforms two baseline models (TransferTransfo and hybrid model) on almost all the metrics on both datasets. For further analysis, examples of real dialogs from the human evaluation are presented in Table TABREF21.
Compared to the first TransferTransfo baseline, MISSA outperforms the TransferTransfo baseline on the on-task contents. From Table TABREF19, we observe that MISSA maintains longer conversations (14.9 turns) compared with TransferTransfo (8.5 turns), which means MISSA is better at maintaining the attacker's engagement. MISSA also has a higher task success score (1.294) than TransferTransfo (1.025), which indicates that it elicits information more strategically. In the top two dialogs (A and B) that are shown in Table TABREF21, both attackers were eliciting a credit card number in their first turns. TransferTransfo directly gave away the information, while MISSA replied with a semantically-related question “why would you need my credit card number?"" Furthermore, in the next turn, TransferTransfo ignored the context and asked an irrelevant question “what is your name?” while MISSA was able to generate the response “why can't you use my address?”, which is consistent to the context. We suspect the improved performance of MISSA comes from our proposed annotation scheme: the semantic slot information enables MISSA to keep track of the current entities, and the intent information helps MISSA to maintain coherency and prolong conversations.
Compared to the hybrid model baseline, MISSA performs better on off-task content. As shown in the bottom two dialogs in Table TABREF21, attackers in both dialogs introduced their names in their first utterances. MISSA recognized attacker's name, while the hybrid model did not. We suspect it is because the hybrid model does not have the built-in semantic slot predictor. In the second turn, both attackers were explaining the reason of requesting the billing address previously. With semantic slot information, MISSA can easily understand the attacker; but the hybrid model misunderstands that the attacker was talking about the order number, possibly because the token “order” appeared in the attacker's utterance. We suspect that the hybrid model's bad performance on the off-task content leads to its low coherence rating (2.76) and short dialog length (8.2).
To explore the influence of the intent-based conditional response generation method and the designed response filter, we perform an ablation study. The results are shown in Table TABREF19. We find that MISSA has higher fluency score and coherence score than MISSA-con (4.18 vs 3.78 for fluency, and 3.75 vs 3.68 for coherence), which suggests that conditioning on the system intent to generate responses improves the quality of the generated sentences. Compared with MISSA-sel, MISSA achieves better performance on all the metrics. For example, the engagement score for MISSA is 3.69 while MISSA-sel only has 2.87. This is because the response filter removed all the incoherent responses, which makes the attacker more willing to keep chatting. The ablation study shows both the conditional language generation mechanism and the response filter are essential to MISSA's good performance.
We also apply our method to the PersuasionForGood dataset. As shown in Table TABREF23, MISSA and its variants outperform the TransferTransfo and the hybrid models on all evaluation metrics. Such good performance indicates MISSA can be easily applied to a different non-collaborative task and achieve good performance. Particularly, MISSA achieves the lowest perplexity, which confirms that using conditional response generation leads to high quality responses. Compared with the result on AntiScam dataset, MISSA-con performs the best in terms of RIP and ERIP. We suspect the underlying reason is that there are more possible responses with the same intent in PersuasionForGood than in AntiScam. This also suggests that we should adjust the model structure according to the nature of the dataset.

## Conclusion and Future Work
We propose a general dialog system pipeline to build non-collaborative dialog systems, including a hierarchical annotation scheme and an end-to-end neural response generation model called MISSA. With the hierarchical annotation scheme, we can distinguish on-task and off-task intents. MISSA takes both on and off-task intents as supervision in its training and thus can deal with diverse user utterances in non-collaborative settings. Moreover, to validate MISSA's performance, we create a non-collaborate dialog dataset that focuses on deterring phone scammers. MISSA outperforms all baseline methods in terms of fluency, coherency, and user engagement on both the newly proposed anti-scam task and an existing persuasion task. However, MISSA still produces responses that are not consistent with their distant conversation history as GPT can only track a limited history span. In future work, we plan to address this issue by developing methods that can effectively track longer dialog context.

## Acknowledgements
This work was supported by DARPA ASED Program HR001117S0050. The U.S. Government is authorized to reproduce and distribute reprints for governmental purposes not withstanding any copyright notation therein. The views and conclusions contained herein are those of the authors and should not be interpreted as necessarily representing the official policies, either expressed or implied, of DARPA or the U.S. Government.

## Appendix ::: Anti-Scam Collection Setting
We randomly pair two workers: one is assigned the role of the attacker to elicit user information, and the other one is assigned the role of an everyday user who aims to protect her/his information and potentially elicit the attacker's information. We give both workers specific personal data. Instructions are shown in Table TABREF24. The “attacker” additionally receives training on how to elicit information from people. Workers cannot see their partners' instructions.
There are two tasks for the users: firstly, users are required to chat with their partners and determine if they are attackers or not, reporting their decisions at the end of the task. If users think their partners are attackers, they are instructed to prolong the conversation and elicit information from their partners. We give a bonus to users if they detect the attackers and elicit real information from the attackers, including the attacker's name, address and phone number. Since one worker can only participate once in the task, they do not know their partners are always attackers.
We provide real user information including the user's name and the task background (user purchased a product on Amazon) . Attackers are well-trained to pretend to be an Amazon customer service agent. To simulate a real-world scam, we tell attackers some details about the user, such as the user's name to stop them from being too easily identified. We give a bonus to attackers if they elicit correct information from users, including the user's address, credit card number, CVS and expiration date. Each worker can only participate once to prevent workers from knowing their partner's information and goals in advance. We collected 220 human-human dialogs. The average conversation length is 12.45 turns and the average utterance length is 11.13 words. Only 172 out of 220 users successfully identified their partner as an attacker, suggesting that the attackers are well trained and not too easily identifiable.
We recruited two expert annotators who have linguistic training to annotate 3,044 sentences in 100 dialogs, achieving a 0.874 averaged weighted kappa value. Table TABREF2 shows that there is a vast amount of off-task content in the dataset, which confirms the necessity of a hierarchical on-task/off-task annotation scheme. We observe that sentences from the attacker and user have different intent distributions. Compared to attackers, users produce more refusal (74 vs 19), because users are more likely to refuse to provide requested information if they have detected the attacker. Moreover, users also ask more open_questions (173 vs 54) and yes_no_questions (165 vs 117) for off-task content because they are instructed to prolong the conversation after detecting the attacker. Furthermore, attackers and users both have a massive amount of social content (292 in total and 252 in total), suggesting that it is important to have social intent sentences to maintain the conversation.

## Appendix ::: Training details
MISSA is based on the generative pre-trained transformer BIBREF32. We use an Adam optimizer with a learning rate of 6.25e-5 and $L2$ weight decay of $0.01$, we set the coefficient of language modeling loss to be 2, the coefficient of intent and slot classifiers to be 1, and the coefficient of next-utterance classifier to be 1. We first pre-train the model on the PERSONA-CHAT dataset. When fine-tuning on the AntiScam and the PersuasionForGood datasets, we use $80\%$ data for training, $10\%$ data for validation, and $10\%$ data for testing. Since the original PersuasionForGood dataset is annotated with intents, we separate the original on-task and off-task intents, which are shown in Table TABREF2. To deal with the words out of the vocabulary, we conduct delexicalization to replace slot values with corresponding slot tokens during the training phase, and replace the slot tokens with pre-defined information during testing.

## Appendix ::: Example Dialog
An example of human-human chat on AntiScam dataset is shown in Table TABREF25.

Question: What are the baselines outperformed by this work?
JSON: [/INST]
[INST] ","task content is due to the lack of semantic slot information.



















































































































































































","TransferTransfo and Hybrid | TransferTransfo hybrid model | TransferTransfo Hybrid | TransferTransfo The vanilla TransferTransfo framework Hybrid Following BIBREF4 yu2017learning, we also build a hybrid dialog system by combining vanilla TransferTransfo and MISSA"
b584739622d0c53830e60430b13fd3ae6ff43669,"<s>
[INST] You are a precise scientific QA assistant. Use only the provided paper text. If the question is not answerable from the text, reply with answer 'UNANSWERABLE'.

Return a STRICT JSON object with keys exactly:
{ ""answer"": ""<string>"", ""evidence"": [""<verbatim span 1>"", ""<verbatim span 2>""] }
- 'answer' must be 1-3 sentences or 'UNANSWERABLE'.
- 'evidence' must be 0-5 verbatim snippets copied from the paper text (no paraphrases).
No extra commentary.

Paper title: End-to-End Trainable Non-Collaborative Dialog System

Paper text:
# End-to-End Trainable Non-Collaborative Dialog System

## Abstract
End-to-end task-oriented dialog models have achieved promising performance on collaborative tasks where users willingly coordinate with the system to complete a given task. While in non-collaborative settings, for example, negotiation and persuasion, users and systems do not share a common goal. As a result, compared to collaborate tasks, people use social content to build rapport and trust in these non-collaborative settings in order to advance their goals. To handle social content, we introduce a hierarchical intent annotation scheme, which can be generalized to different non-collaborative dialog tasks. Building upon TransferTransfo (Wolf et al. 2019), we propose an end-to-end neural network model to generate diverse coherent responses. Our model utilizes intent and semantic slots as the intermediate sentence representation to guide the generation process. In addition, we design a filter to select appropriate responses based on whether these intermediate representations fit the designed task and conversation constraints. Our non-collaborative dialog model guides users to complete the task while simultaneously keeps them engaged. We test our approach on our newly proposed ANTISCAM dataset and an existing PERSUASIONFORGOOD dataset. Both automatic and human evaluations suggest that our model outperforms multiple baselines in these two non-collaborative tasks.

## Introduction
Considerable progress has been made building end-to-end dialog systems for collaborative tasks in which users cooperate with the system to achieve a common goal. Examples of collaborative tasks include making restaurant reservations and retrieving bus time-table information. Since users typically have clear and explicit intentions in collaborative tasks, existing systems commonly classify user utterances into pre-defined intents. In contrast, non-collaborative tasks are those where the users and the system do not strive to achieve the same goal. Examples of such tasks include deceiving attackers, persuading users to donate to a cause BIBREF1, and negotiating a product price BIBREF2, BIBREF3. In these tasks, users often perform complex actions that are beyond a simple set of pre-defined intents. In order to reach a common state, the user and the system need to build rapport and trust which naturally involves off-task content. Previous work did not model off-task content BIBREF2, which may have led to less optimal results. For example, in the persuasion task BIBREF1, users would ask the system “How do you feel about war?"" An example of an on-task system response that the system could have made is “Do you want to make a donation?"", which sticks to the task but neglects users' question. However, a better response to such an off-task question is “War is destructive and pitiless, but you can donate to help child victims of war."" This response is better, as it has been found that users are more likely to end the conversation if the system neglects their questions BIBREF4. Therefore, we need to design a system that handles both on-task and off-task information appropriately and in a way that leads back to the system's goal.
To tackle the issue of incoherent system responses to off-task content, previous studies have built hybrid systems to interleave off-task and on-task content. BIBREF4 used a rule-based dialog manager for on-task content and a neural model for off-task content, and trained a reinforcement learning model to select between these two models based on the dialog context. However, such a method is difficult to train and struggles to generalize beyond the movie promotion task they considered. To tackle these problems, we propose a hierarchical intent annotation scheme that separates on-task and off-task information in order to provide detailed supervision. For on-task information, we directly use task-related intents for representation. Off-task information, on the other hand, is too general to categorize into specific intents, so we choose dialog acts that convey syntax information. These acts, such as “open question"" are general to all tasks.
Previous studies use template-based methods to maintain sentence coherence. However, rigid templates lead to limited diversity, causing the user losing engagement. On the other hand, language generation models can generate diverse responses but are bad at being coherent. We propose Multiple Intents and Semantic Slots Annotation Neural Network (MISSA) to combine the advantages of both template and generation models and takes advantage from the hierarchical annotation at the same time. MISSA follows the TransferTransfo framework BIBREF0 with three modifications: (i) We first concurrently predict user's, system's intents and semantic slots; (ii) We then perform conditional generation to improve generated response's coherence. Specifically, we generate responses conditioned on the above intermediate representation (intents and slots); (iii) Finally, we generate multiple responses with the nucleus sampling strategy BIBREF5 and then apply a response filter, which contains a set of pre-defined constraints to select coherent responses. The constraints in the filter can be defined according to specific task requirements or general conversational rules.
To enrich publicly available non-collaborative task datasets, we collect a new dataset AntiScam, where users defend themselves against attackers trying to collect personal information. As non-collaborative tasks are still relatively new to the study of dialog systems, there are insufficiently many meaningful datasets for evaluation and we hope this provides a valuable example. We evaluate MISSA on the newly collected AntiScam dataset and an existing PersuasionForGood dataset. Both automatic and human evaluations suggest that MISSA outperforms multiple competitive baselines.
In summary, our contributions include: (i) We design a hierarchical intent annotation scheme and a semantic slot annotation scheme to annotate the non-collaborative dialog dataset, we also propose a carefully-designed AntiScam dataset to facilitate the research of non-collaborative dialog systems. (ii) We propose a model that can be applied to all non-collaborative tasks, outperforming other baselines on two different non-collaborative tasks. (iii) We develop an anti-scam dialog system to occupy attacker's attention and elicit their private information for social good. Furthermore, we also build a persuasion dialog system to persuade people to donate to charities. We release the code and data.

## Related Work
The interest in non-collaborative tasks has been increasing and there have already been several related datasets. For instance, BIBREF1 wang2019persuasion collected conversations where one participant persuades another to donate to a charity. BIBREF2 he2018decoupling collected negotiation dialogs where buyers and sellers bargain for items for sale on Craigslist. There are many other non-collaborative tasks, such as the turn-taking game BIBREF6, the multi-party game BIBREF7 and item splitting negotiation BIBREF8. Similar to the AntiScam dataset proposed in this paper, these datasets contain off-task content and can be used to train non-collaborative dialog systems. However, since they are not specifically collected and designed for non-collaborative tasks, it might be difficult to disentangle the on-task and off-task contents and measure the performance. Therefore, we propose the AntiScam dataset, which is designed to interleave the on-task and off-task contents in the conversation, and can serve as a benchmark dataset for similar non-collaborative tasks.
To better understand user utterances and separate on-task and off-task content within a conversation, previous work has designed hierarchical annotation schemes for specific domains. BIBREF9 hardy2002multi followed the DAMSL schemeBIBREF10 and annotated a multilingual human-computer dialog corpus with a hierarchical dialog act annotation scheme. BIBREF11 gupta2018semantic used a hierarchical annotation scheme for semantic parsing. Inspired by these studies, our idea is to annotate the intent and semantic slot separately in non-collaborative tasks. We propose a hierarchical intent annotation scheme that can be adopted by all non-collaborative tasks. With this annotation scheme, MISSA is able to quickly build an end-to-end trainable dialog system for any non-collaborative task.
Traditional task-oriented dialog systems BIBREF12 are usually composed of multiple independent modules, for example, natural language understanding, dialog state tracking BIBREF13, BIBREF14, dialog policy manager BIBREF15, and natural language generation BIBREF16. Conversational intent is adopted to capture the meaning of task content in these dialog systems BIBREF2, BIBREF17. In comparison to this work, we use a hierarchical intent scheme that includes off-task and on-task intents to capture utterance meaning. We also train the model in a multi-task fashion to predict decoupled intents and semantic slots. The major defect of a separately trained pipeline is the laborious dialog state design and annotation. In order to mitigate this problem, recent work has explored replacing independent modules with end-to-end neural networks BIBREF18, BIBREF19, BIBREF20. Our model also follows this end-to-end fashion.
Over the last few years, we have witnessed a huge growth in non-task-oriented dialog systems BIBREF21, BIBREF22. Social chatbots such as Gunrock BIBREF23 were able to maintain a conversation for around ten minutes in an open domain. Recent improvements build on top of the transformer and pre-trained language models BIBREF24, BIBREF25, BIBREF26, obtained state-of-the-art results on the Persona-Chat dataset BIBREF0. Pre-trained language models are proposed to build task-oriented dialog systems to drive the progress on leveraging large amounts of available unannotated data. BIBREF27. Similarly, our approach is also built on top of the TransferTransfo framework BIBREF0. BIBREF27 budzianowski2019hello focused on collaborative tasks BIBREF28. We target non-collaborative tasks instead.
Another line of work interleaves on-task and off-task content by building a hybrid dialog system that combines a task-oriented model and a non-task-oriented model BIBREF4, BIBREF29. In these studies, task-oriented systems and non-task-oriented systems are designed separately and both systems generate candidate responses. A selector is then designed to choose an appropriate output from the candidate responses BIBREF4 and a connector to combine two response candidates BIBREF30, BIBREF31. Compared with these works, MISSA is end-to-end trainable and thus easier to train and update.

## Non-Collaborative Task Annotation Scheme
To decouple syntactic and semantic information in utterances and provide detailed supervision, we design a hierarchical intent annotation scheme for non-collaborative tasks. We first separate on-task and off-task intents. As on-task intents are key actions that can vary among different tasks, we need to specifically define on-task intents for each task. On the other hand, since off-task content is too general to design task-specific intents, we choose common dialog acts as the categories. The advantage of this hierarchical annotation scheme is apparent when starting a new non-collaborative task: we only need to focus on designing the on-task categories and semantic slots which are the same as traditional task-oriented dialog systems. Consequently, we don't have to worry about the off-task annotation design since the off-task category is universal.
In the intent annotation scheme shown in Table TABREF2, we list the designed intent annotation scheme for the newly collected AntiScam dataset and the PersuasionForGood dataset. We first define on-task intents for the datasets, which are key actions in the task. Since our AntiScam focuses on understanding and reacting towards elicitations, we define elicitation, providing_information and refusal as on-task intents. In the PersuasionForGood dataset, we define nine on-task intents in Table TABREF2 based on the original PersuasionForGood dialog act annotation scheme. All these intents are related to donation actions, which are salient on-task intents in the persuasion task. The off-task intents are the same for both tasks, including six general intents and six additional social intents. General intents are more closely related to the syntactic meaning of the sentence (open_question, yes_no_question, positive_answer, negative_answer, responsive_statement, and nonresponsive_statement) while social intents are common social actions (greeting, closing, apology, thanking,respond_to_thank, and hold).
For specific tasks, we also design a semantic slot annotation scheme for annotating sentences based on their semantic content. We identify 13 main semantic slots in the anti-scam task, for example, credit card numbers. We present a detailed semantic slot annotation in Table TABREF3. Following BIBREF1, we segment each conversation turn into single sentences and then annotate each sentence rather than turns.

## Datasets
We test our approach on two non-collaborative task datasets: the AntiScam dataset and the PersuasionForGood dataset BIBREF1. Both datasets are collected from the Amazon Mechanical Turk platform in the form of typing conversations and off-task dialog is interleaved in the dialog.

## Datasets ::: AntiScam Dataset
To enrich available non-collaborative task datasets, we created a corpus of human-human anti-scam dialogs in order to learn human elicitation strategies. We chose a popular Amazon customer service scam scenario to collect dialogs between users and attackers who aim to collect users information. We posted a role-playing task on the Amazon Mechanical Turk platform and collected a typing conversation dataset named AntiScam. We collected 220 human-human dialogs. The average conversation length is 12.45 turns and the average utterance length is 11.13 words. Only 172 out of 220 users successfully identified their partner as an attacker, suggesting that the attackers are well trained and not too easily identifiable. We recruited two expert annotators who have linguistic training to annotate 3,044 sentences in 100 dialogs, achieving a 0.874 averaged weighted kappa value.

## Datasets ::: PersuasionForGood Dataset
The PersuasionForGood dataset BIBREF1 was collected from typing conversations on Amazon Mechanical Turk platform. Two workers were randomly paired, one was assigned the role of persuader, the other was persuadee. The goal of the persuader was to persuade the persuadee to donate a portion of task earning to a specific charity. The dataset consists of 1,017 dialogs, where 300 dialogs are annotated with dialog acts. The average conversation length is 10.43, the vocabulary size is 8,141. Since the original PersuasionForGood dataset is annotated with dialog acts, we select the on-task dialog acts as on-task intents shown in Table TABREF2, and categorize the other dialog acts into our pre-defined off-task intents.

## Model ::: Background
The TransferTransfo framework was proposed to build open domain dialog systems. BIBREF0 wolf2019transfertransfo fine-tuned the generative pre-training model (GPT) BIBREF32 with the PERSONA-CHAT dataset BIBREF33 in a multi-task fashion, where the language model objective is combined with a next-utterance classification task. The language model's objective is to maximize the following likelihood for a given sequence of tokens, $X = \lbrace x_1,\dots ,x_n\rbrace $:
The authors also trained a classifier to distinguish the correct next-utterance appended to the input human utterances from a set of randomly selected utterance distractors. In addition, they introduced dialog state embeddings to indicate speaker role in the model. The model significantly outperformed previous baselines over both automatic evaluations and human evaluations in social conversations. Since the TransferTransfo framework performs well in open domain, we adapt it for non-collaborative settings. We keep all the embeddings in the framework and train the language model and next-utterance classification task in a multi-task fashion following TransferTransfo.
We make two major changes: (1) To address the problem that TransferTransfo is originally designed for an open domain without explicit intents and regulations, we add two intent classifiers and two semantic slot classifiers to classify the intents and semantic slots for both human utterances and system responses as an effort to incorporate the proposed hierarchical intent and semantic slot annotation for non-collaborative tasks. (2) In dialog systems, multiple generated responses can be coherent under the current context. Generating diverse responses has proven to be an enduring challenge. To increase response diversity, we sample multiple generated responses and choose an appropriate one according to a set of pre-defined rules.

## Model ::: Intent and Semantic Slot Classifiers
We train MISSA in a multi-task fashion. In addition to the language model task and the next-utterance prediction task, we also use separate classifiers to predict the intents and semantic slots of both human utterances and system responses. The intent classifier and semantic slot classifier for human utterances capture the semantic and syntactic meaning of human utterances, providing information to select the appropriate response among response candidates while the classifiers for the system intents and semantic slots are designed to help select an appropriate next-sentence. We describe response filtering in the corresponding subsection. Classifiers are designed as the following equation:
where $L^i_{t}$ is the intent or semantic label of $i$-th sentence at turn $t$. $h^l_{t-1}$ is the hidden states at the end of last sentence in turn $t-1$, $h^i_{t}$ is the last hidden states at the end of $i$-th sentence in turn $t$. $W_{2h}$ are weights learned during training.
MISSA is able to classify multiple intents and multiple semantic slots in a single utterance with these classifiers. Figure FIGREF6 shows how it works on the AntiScam dataset. Specifically, we set a special token $<$sep$>$ at the end of each sentence in an utterance (an utterance can consist of multiple sentences). Next, we pass the token's position information to the transformer architecture and obtain the representation of the position (represented as colored position at last layer in Figure FIGREF6). After that, we concatenate the embeddings at these position with the hidden states of last sentence. We pass these concatenated representations to the intent classifier and the slot classifier to obtain an intent and a semantic slot for each sentence in the utterance. As shown in Figure FIGREF6, the loss function ${\mathcal {L}}$ for the model combines all the task losses:
where ${\mathcal {L}_{LM}}$ is the language model loss, ${\mathcal {L}_{I_h}}$, ${\mathcal {L}_{S_h}}$, ${\mathcal {L}_{I_s}}$, and ${\mathcal {L}_{S_s}}$ are losses of intent and slots classifiers, ${\mathcal {L}_{nup}}$ is next-utterance classification loss. $\lambda _{LM}$, $\lambda _{I_h}$, $\lambda _{S_h}$, $\lambda _{I_s}$, $\lambda _{S_s}$, and $\lambda _{nup}$ are the hyper-parameters that control the relative importance of every loss.

## Model ::: Response Generation
MISSA can generate multiple sentences in a single system turn. Therefore, we perform system generation conditioned on predicted system intents. More specifically, during the training phase, in addition to inserting a special $<$sep$>$ token at the end of each sentence, we also insert the intent of the system response as special tokens at the head of each sentence in the system response. For example, in Figure FIGREF6, we insert a $<$pos_ans$>$ token at the head of $S_t^1$, which is the system response in green. We then use a cross entropy loss function to calculate the loss between the predicted token and the ground truth intent token. During the testing phase, the model first generates a special intent token, then after being conditioned on this intent token, the model keeps generating a sentence until it generates a $<$sep$>$ token. After that, the model continues to generate another intent token and another sentence until it generates an $<$eos$>$ token.

## Model ::: Response Filtering
Since we only perform conditional generation, a type of soft constraint on the predicted intent of system response, the system can still generate samples that violate simple conversation regulations, such as eliciting information that has already been provided. These corner cases may lead to fatal results in high-risk tasks, for example, health care and education. To improve the robustness of MISSA and improve its ability to generalize to more tasks, we add a response filtering module after the generation. With the nucleus sampling strategy BIBREF5, MISSA is able to generate multiple diverse candidate responses with different intents and semantic slots. We then adopt a task-specific response filtering policy to choose the best candidate response as the final output. In our anti-scam scenario, we set up a few simple rules to filter out some unreasonable candidates, for instance, eliciting the repeated information. The filtering module is easily adaptable to different domains or specific requirements, which makes our dialog system more controllable.

## Experiments
We evaluate MISSA on two non-collaborative task datasets. AntiScam aims to build a dialog system that occupies the attacker's attention and elicits the attacker's information while PersuasionForGood BIBREF1 aims to build a dialog system that persuades people to donate to a charity. We use $80\%$ data for training, $10\%$ data for validation, and $10\%$ data for testing. More training details are presented in Appendix.

## Experiments ::: Baseline Models
We compare MISSA mainly with two baseline models:
TransferTransfo The vanilla TransferTransfo framework is compared with MISSA to show the impact and necessity of adding the intent and slot classifiers. We follow the original TransferTransfo design BIBREF0 and train with undelexicalized data.
Hybrid Following BIBREF4 yu2017learning, we also build a hybrid dialog system by combining vanilla TransferTransfo and MISSA. Specifically, we first determine if the human utterances are on-task or off-task with human intent classifier. If the classifier decides that the utterance is on-task, we choose the response from MISSA; otherwise, we choose the response from vanilla TransferTransfo baseline.
In addition, we perform ablation studies on MISSA to show the effects of different components.
MISSA-sel denotes MISSA without response filtering.
MISSA-con denotes MISSA leaving out the intent token at the start of the response generation.

## Experiments ::: Automatic Evaluation Metrics
Perplexity Since the canonical measure of a good language model is perplexity, which indicates the error rate of the expected word. We choose perplexity to evaluate the model performance.
Response-Intent Prediction (RIP) $\&$ Response-Slot Prediction (RSP) Different from open-domain dialog systems, we care about the intents of the system response in non-collaborative tasks as we hope to know if the system response satisfies user intents. For example, in the anti-scam task, if the attacker elicits information from the system, we need to know if the system refuses or agrees to provide the information. Therefore we care about intent prediction for the generated system response. Since our baselines are more suited for social chat as they cannot produce system intents, we use the system intent and slot classifiers trained in our model to predict their responses' intents and slots. The intent predictor achieves a $84\%$ accuracy and the semantic slot predictor achieves $77\%$ on the AntiScam dataset. Then we compare the predicted values with human-annotated ground truth in the dataset to compute the response-intent prediction (RIP) and response-slot prediction (RSP).
Extended Response-Intent Prediction (ERIP) $\&$ Extended Response-Slot Prediction (ERSP) With Response-Intent Prediction, we verify the predicted intents to evaluate the coherence of the dialog. However, the real mapping between human-intent and system-intent is much more complicated as there might be multiple acceptable system-intents for the same human-intent. Therefore, we also design a metric to evaluate if the predicted system-intent is in the set of acceptable intents. Specifically, we estimate the transition probability $p(I_i|I_j)$ by counting the frequency of all the bi-gram human-intent and system-intent pairs in the training data. During the test stage, if the predicted intent matches the ground truth, we set the score as 1, otherwise we set the score as $p(I_{predict}|I_i)$ where $I_i$ is the intent of the input human utterance. We then report the average value of those scores over turns as the final extended response-intent prediction result.

## Experiments ::: Human Evaluation Metrics
Automatic metrics only validate the system’s performance on a single dimension at a time. The ultimate holistic evaluation should be conducted by having the trained system interact with human users. Therefore we also conduct human evaluations for the dialog system built on AntiScam. We test our models and baselines with 15 college-student volunteers. Each of them is asked to pretend to be an attacker and interact with all the models for at least three times to avoid randomness. We in total collect 225 number of dialogs. Each time, volunteers are required to use similar sentences and strategies to interact with all five models and score each model based on the metrics listed below at the end of the current round. Each model receives a total of 45 human ratings, and the average score is reported as the final human-evaluation score. In total, we design five different metrics to assess the models' conversational ability whilst interacting with humans. The results are shown in Table TABREF19.
Fluency Fluency is used to explore different models' language generation quality.
Coherence Different from single sentence's fluency, coherence focuses more on the logical consistency between sentences in each turn.
Engagement In the anti-scam scenario, one of our missions is to keep engaging with the attackers to waste their time. So we directly ask volunteers (attackers) to what extend they would like to continue chatting with the system.
Dialog length (Length) Engagement is a subjective metric. Anti-scam system's goal is to engage user in the conversation longer in order to limit their harm to other potential victims. So we count the dialog length as another metric to evaluate system performance.
Task Success Score (TaskSuc) The other goal of the anti-scam system is to elicit attacker's personal information. We count the average type of information (name, address and phone number) that the system obtained from attackers as the task success score.

## Results and Analysis
Table TABREF19 presents the main experiment results on AntiScam dataset, for both automatic evaluation metrics and human evaluation metrics. The experiment results on PersuasionForGood are shown in Table TABREF23. We observe that MISSA outperforms two baseline models (TransferTransfo and hybrid model) on almost all the metrics on both datasets. For further analysis, examples of real dialogs from the human evaluation are presented in Table TABREF21.
Compared to the first TransferTransfo baseline, MISSA outperforms the TransferTransfo baseline on the on-task contents. From Table TABREF19, we observe that MISSA maintains longer conversations (14.9 turns) compared with TransferTransfo (8.5 turns), which means MISSA is better at maintaining the attacker's engagement. MISSA also has a higher task success score (1.294) than TransferTransfo (1.025), which indicates that it elicits information more strategically. In the top two dialogs (A and B) that are shown in Table TABREF21, both attackers were eliciting a credit card number in their first turns. TransferTransfo directly gave away the information, while MISSA replied with a semantically-related question “why would you need my credit card number?"" Furthermore, in the next turn, TransferTransfo ignored the context and asked an irrelevant question “what is your name?” while MISSA was able to generate the response “why can't you use my address?”, which is consistent to the context. We suspect the improved performance of MISSA comes from our proposed annotation scheme: the semantic slot information enables MISSA to keep track of the current entities, and the intent information helps MISSA to maintain coherency and prolong conversations.
Compared to the hybrid model baseline, MISSA performs better on off-task content. As shown in the bottom two dialogs in Table TABREF21, attackers in both dialogs introduced their names in their first utterances. MISSA recognized attacker's name, while the hybrid model did not. We suspect it is because the hybrid model does not have the built-in semantic slot predictor. In the second turn, both attackers were explaining the reason of requesting the billing address previously. With semantic slot information, MISSA can easily understand the attacker; but the hybrid model misunderstands that the attacker was talking about the order number, possibly because the token “order” appeared in the attacker's utterance. We suspect that the hybrid model's bad performance on the off-task content leads to its low coherence rating (2.76) and short dialog length (8.2).
To explore the influence of the intent-based conditional response generation method and the designed response filter, we perform an ablation study. The results are shown in Table TABREF19. We find that MISSA has higher fluency score and coherence score than MISSA-con (4.18 vs 3.78 for fluency, and 3.75 vs 3.68 for coherence), which suggests that conditioning on the system intent to generate responses improves the quality of the generated sentences. Compared with MISSA-sel, MISSA achieves better performance on all the metrics. For example, the engagement score for MISSA is 3.69 while MISSA-sel only has 2.87. This is because the response filter removed all the incoherent responses, which makes the attacker more willing to keep chatting. The ablation study shows both the conditional language generation mechanism and the response filter are essential to MISSA's good performance.
We also apply our method to the PersuasionForGood dataset. As shown in Table TABREF23, MISSA and its variants outperform the TransferTransfo and the hybrid models on all evaluation metrics. Such good performance indicates MISSA can be easily applied to a different non-collaborative task and achieve good performance. Particularly, MISSA achieves the lowest perplexity, which confirms that using conditional response generation leads to high quality responses. Compared with the result on AntiScam dataset, MISSA-con performs the best in terms of RIP and ERIP. We suspect the underlying reason is that there are more possible responses with the same intent in PersuasionForGood than in AntiScam. This also suggests that we should adjust the model structure according to the nature of the dataset.

## Conclusion and Future Work
We propose a general dialog system pipeline to build non-collaborative dialog systems, including a hierarchical annotation scheme and an end-to-end neural response generation model called MISSA. With the hierarchical annotation scheme, we can distinguish on-task and off-task intents. MISSA takes both on and off-task intents as supervision in its training and thus can deal with diverse user utterances in non-collaborative settings. Moreover, to validate MISSA's performance, we create a non-collaborate dialog dataset that focuses on deterring phone scammers. MISSA outperforms all baseline methods in terms of fluency, coherency, and user engagement on both the newly proposed anti-scam task and an existing persuasion task. However, MISSA still produces responses that are not consistent with their distant conversation history as GPT can only track a limited history span. In future work, we plan to address this issue by developing methods that can effectively track longer dialog context.

## Acknowledgements
This work was supported by DARPA ASED Program HR001117S0050. The U.S. Government is authorized to reproduce and distribute reprints for governmental purposes not withstanding any copyright notation therein. The views and conclusions contained herein are those of the authors and should not be interpreted as necessarily representing the official policies, either expressed or implied, of DARPA or the U.S. Government.

## Appendix ::: Anti-Scam Collection Setting
We randomly pair two workers: one is assigned the role of the attacker to elicit user information, and the other one is assigned the role of an everyday user who aims to protect her/his information and potentially elicit the attacker's information. We give both workers specific personal data. Instructions are shown in Table TABREF24. The “attacker” additionally receives training on how to elicit information from people. Workers cannot see their partners' instructions.
There are two tasks for the users: firstly, users are required to chat with their partners and determine if they are attackers or not, reporting their decisions at the end of the task. If users think their partners are attackers, they are instructed to prolong the conversation and elicit information from their partners. We give a bonus to users if they detect the attackers and elicit real information from the attackers, including the attacker's name, address and phone number. Since one worker can only participate once in the task, they do not know their partners are always attackers.
We provide real user information including the user's name and the task background (user purchased a product on Amazon) . Attackers are well-trained to pretend to be an Amazon customer service agent. To simulate a real-world scam, we tell attackers some details about the user, such as the user's name to stop them from being too easily identified. We give a bonus to attackers if they elicit correct information from users, including the user's address, credit card number, CVS and expiration date. Each worker can only participate once to prevent workers from knowing their partner's information and goals in advance. We collected 220 human-human dialogs. The average conversation length is 12.45 turns and the average utterance length is 11.13 words. Only 172 out of 220 users successfully identified their partner as an attacker, suggesting that the attackers are well trained and not too easily identifiable.
We recruited two expert annotators who have linguistic training to annotate 3,044 sentences in 100 dialogs, achieving a 0.874 averaged weighted kappa value. Table TABREF2 shows that there is a vast amount of off-task content in the dataset, which confirms the necessity of a hierarchical on-task/off-task annotation scheme. We observe that sentences from the attacker and user have different intent distributions. Compared to attackers, users produce more refusal (74 vs 19), because users are more likely to refuse to provide requested information if they have detected the attacker. Moreover, users also ask more open_questions (173 vs 54) and yes_no_questions (165 vs 117) for off-task content because they are instructed to prolong the conversation after detecting the attacker. Furthermore, attackers and users both have a massive amount of social content (292 in total and 252 in total), suggesting that it is important to have social intent sentences to maintain the conversation.

## Appendix ::: Training details
MISSA is based on the generative pre-trained transformer BIBREF32. We use an Adam optimizer with a learning rate of 6.25e-5 and $L2$ weight decay of $0.01$, we set the coefficient of language modeling loss to be 2, the coefficient of intent and slot classifiers to be 1, and the coefficient of next-utterance classifier to be 1. We first pre-train the model on the PERSONA-CHAT dataset. When fine-tuning on the AntiScam and the PersuasionForGood datasets, we use $80\%$ data for training, $10\%$ data for validation, and $10\%$ data for testing. Since the original PersuasionForGood dataset is annotated with intents, we separate the original on-task and off-task intents, which are shown in Table TABREF2. To deal with the words out of the vocabulary, we conduct delexicalization to replace slot values with corresponding slot tokens during the training phase, and replace the slot tokens with pre-defined information during testing.

## Appendix ::: Example Dialog
An example of human-human chat on AntiScam dataset is shown in Table TABREF25.

Question: What are the evaluation metrics and criteria used to evaluate the model performance?
JSON: [/INST]
[INST] ","task content is due to the lack of semantic slot information.



















































































































































































","Perplexity Response-Intent Prediction (RIP) Response-Slot Prediction (RSP) Extended Response-Intent Prediction (ERIP) Extended Response-Slot Prediction (ERSP) Fluency Coherence Engagement Dialog length Task Success Score (TaskSuc) | Perplexity Response-Intent Prediction (RIP) Response-Slot Prediction (RSP) Extended Response-Intent Prediction (ERIP) Extended Response-Slot Prediction (ERSP) Fluency Coherence Engagement Dialog length (Length) Task Success Score (TaskSuc) | Fluency Fluency is used to explore different models' language generation quality.

Coherence Different from single sentence's fluency, coherence focuses more on the logical consistency between sentences in each turn.

Engagement In the anti-scam scenario, one of our missions is to keep engaging with the attackers to waste their time. So we directly ask volunteers (attackers) to what extend they would like to continue chatting with the system.

Dialog length (Length) Engagement is a subjective metric. Anti-scam system's goal is to engage user in the conversation longer in order to limit their harm to other potential victims. So we count the dialog length as another metric to evaluate system performance.

Task Success Score (TaskSuc) The other goal of the anti-scam system is to elicit attacker's personal information. We count the average type of information (name, address and phone number) that the system obtained from attackers as the task success score. | Automatic evaluation metrics (Perplexity (PPl), Response-Intent Prediction (RIP), Response-Slot Prediction(RSP), Extended Response-Intent Prediction(ERIP),  Extended Response-Slot Prediction (ERSP)) and Human Evaluation Metrics (Fluency, Coherence, Engagement, Lenhth, TaskSuc) | Automatic metrics used: Perplexity, RIP, RSP, ERIP ERSP.
Human evaluation metrics used: Fluency, Coherence, Engagement, Dialog length and Task Success Score."
2849c2944c47cf1de62b539c5d3c396a3e8d283a,"<s>
[INST] You are a precise scientific QA assistant. Use only the provided paper text. If the question is not answerable from the text, reply with answer 'UNANSWERABLE'.

Return a STRICT JSON object with keys exactly:
{ ""answer"": ""<string>"", ""evidence"": [""<verbatim span 1>"", ""<verbatim span 2>""] }
- 'answer' must be 1-3 sentences or 'UNANSWERABLE'.
- 'evidence' must be 0-5 verbatim snippets copied from the paper text (no paraphrases).
No extra commentary.

Paper title: OpenTapioca: Lightweight Entity Linking for Wikidata

Paper text:
# OpenTapioca: Lightweight Entity Linking for Wikidata

## Abstract
We propose a simple Named Entity Linking system that can be trained from Wikidata only. This demonstrates the strengths and weaknesses of this data source for this task and provides an easily reproducible baseline to compare other systems against. Our model is lightweight to train, to run and to keep synchronous with Wikidata in real time.

## Introduction
Named Entity Linking is the task of detecting mentions of entities from a knowledge base in free text, as illustrated in Figure 1 .
Most of the entity linking literature focuses on target knowledge bases which are derived from Wikipedia, such as DBpedia BIBREF0 or YAGO BIBREF1 . These bases are curated automatically by harvesting information from the info-boxes and categories on each Wikipedia page and are therefore not editable directly.
Wikidata BIBREF2 is an editable, multilingual knowledge base which has recently gained popularity as a target database for entity linking BIBREF3 , BIBREF4 , BIBREF5 , BIBREF6 . As these new approaches to entity linking also introduce novel learning methods, it is hard to tell apart the benefits that come from the new models and those which come from the choice of knowledge graph and the quality of its data.
We review the main differences between Wikidata and static knowledge bases extracted from Wikipedia, and analyze their implactions for entity linking. We illustrate these differences by building a simple entity linker, OpenTapioca, which only uses data from Wikidata, and show that it is competitive with other systems with access to larger data sources for some tasks. OpenTapioca can be trained easily from a Wikidata dump only, and can be efficiently kept up to date in real time as Wikidata evolves. We also propose tools to adapt existing entity linking datasets to Wikidata, and offer a new entity linking dataset, consisting of affiliation strings extracted from research articles.

## Particularities of Wikidata
Wikidata is a wiki itself, meaning that it can be edited by anyone, but differs from usual wikis by its data model: information about an entity can only be input as structured data, in a format that is similar to RDF.
Wikidata stores information about the world in a collection of items, which are structured wiki pages. Items are identified by ther Q-id, such as Q40469, and they are made of several data fields. The label stores the preferred name for the entity. It is supported by a description, a short phrase describing the item to disambiguate it from namesakes, and aliases are alternate names for the entity. These three fields are stored separately for each language supported by Wikidata. Items also hold a collection of statements: these are RDF-style claims which have the item as subject. They can be backed by references and be made more precise with qualifiers, which all rely on a controlled vocabulary of properties (similar to RDF predicates). Finally, items can have site links, connecting them to the corresponding page for the entity in other Wikimedia projects (such as Wikipedia). Note that Wikidata items to not need to be associated with any Wikipedia page: in fact, Wikidata's policy on the notability of the subjects it covers is much more permissive than in Wikipedia. For a more detailed introduction to Wikidata's data model we refer the reader to BIBREF2 , BIBREF7 .
Our goal is to evaluate the usefulness of this crowdsourced structured data for entity linking. We will therefore refrain from augmenting it with any external data (such as phrases and topical information extracted from Wikipedia pages), as is generally done when working with DBpedia or YAGO. By avoiding a complex mash-up of data coming from disparate sources, our entity linking system is also simpler and easier to reproduce. Finally, it is possible keep OpenTapioca in real-time synchronization with the live version of Wikidata, with a lag of a few seconds only. This means that users are able to fix or improve the knowledge graph, for instance by adding a missing alias on an item, and immediately see the benefits on their entity linking task. This constrasts with all other systems we are aware of, where the user either cannot directly intervene on the underlying data, or there is a significant delay in propagating these updates to the entity linking system.

## Related work
We review the dominant architecture of entity linking heuristics following BIBREF8 , and assess its applicability to Wikidata.
Entities in the knowledge base are associated with a set (or probability distribution) of possible surface forms. Given a text to annotate, candidate entities are generated by looking for occurrences of their surface forms in the text. Because of homonymy, many of these candidate occurrences turn out to be false matches, so a classifier is used to predict their correctness. We can group the features they tend to use in the following categories:

## Local compatibility
These features compare the phrase to annotate with the known surface forms for the entity. Collecting such forms is often done by extracting mentions from Wikipedia BIBREF9 . Link labels, redirects, disambiguation pages and bold text in abstracts can all be useful to discover alternate names for an entity. It is also possible to crawl the web for Wikipedia links to improve the coverage, often at the expense of data quality BIBREF10 .
Beyond collecting a set of possible surface forms, these approaches count the number of times an entity $e$ was mentioned by a phrase $w$ . This makes it possible to use a Bayesian methodology: the compatibility of a candidate entity $e$ with a given mention $w$ is $P(e | w) = \frac{P(e,w)}{P(w)}$ , which can be estimated from the statistics collected.
In Wikidata, items have labels and aliases in multiple languages. As this information is directly curated by editors, these phrases tend to be of high quality. However, they do not come with occurence counts. As items link to each other using their Wikidata identifiers only, it is not possible to compare the number of times USA was used to refer United States of America (Q30) or to United States Army (Q9212) inside Wikidata.
Unlike Wikipedia's page titles which must be unique in a given language, two Wikidata items can have the same label in the same language. For instance Curry is the English label of both the item about the Curry programming language (Q2368856) and the item about the village in Alaska (Q5195194), and the description field is used to disambiguate them.
Manual curation of surface forms implies a fairly narrow coverage, which can be an issue for general purpose entity linking. For instance, people are commonly refered to with their given or family name only, and these names are not systematically added as aliases: at the time of writing, Trump is an alias for Donald Trump (Q22686), but Cameron is not an alias for David Cameron (Q192). As a Wikidata editor, the main incentive to add aliases to an item is to make it easier to find the item with Wikidata's auto-suggest field, so that it can be edited or linked to more easily. Aliases are not designed to offer a complete set of possible surface forms found in text: for instance, adding common mispellings of a name is discouraged.
Although Wikidata makes it impossible to count how often a particular label or alias is used to refer to an entity, these surface forms are carefully curated by the community. They are therefore fairly reliable.
Given an entity $e$ and a phrase $d[s]$ , we need to compute $p(e|
d[s])$ . Having no access to such a probability distribution, we choose to approximate this quantity by $\frac{p(e)}{p(d[s])}$ , where $p(e)$ is the probability that $e$ is linked to, and $p(d[s])$ is the probability that $d[s]$ occurs in a text. In other words, we estimate the popularity of the entity and the commonness of the phrase separately.
We estimate the popularity of an entity $e$ by a log-linear combination of its number of statements $n_e$ , site links $s_e$ and its PageRank $r(e)$ . The PageRank is computed on the entire Wikidata using statement values and qualifiers as edges.
The probability $p(d[s])$ is estimated by a simple unigram language model that can be trained either on any large unannotated dataset.
The local compatibility is therefore represented by a vector of features $F(e,w)$ and the local compatibility is computed as follows, where $\lambda $ is a weights vector: $
F(e,w) &= ( -\log p(d[s]), \log p(e) , n_e, s_e, 1 ) \\
p(e|d[s]) &\propto e^{F(e,w) \cdot \lambda }
$

## Topic similarity
The compatibility of the topic of a candidate entity with the rest of the document is traditionally estimated by similarity measures from information retrieval such as TFIDF BIBREF11 , BIBREF12 or keyword extraction BIBREF13 , BIBREF14 , BIBREF9 .
Wikidata items only consist of structured data, except in their descriptions. This makes it difficult to compute topical information using the methods above. Vector-based representations of entities can be extracted from the knowledge graph alone BIBREF15 , BIBREF16 , but it is not clear how to compare them to topic representations for plain text, which would be computed differently. In more recent work, neural word embeddings were used to represent topical information for both text and entities BIBREF17 , BIBREF6 , BIBREF18 . This requires access to large amounts of text both to train the word vectors and to derive the entity vectors from them. These vectors have been shown to encode significant semantic information by themselves BIBREF19 , so we refrain from using them in this study.

## Mapping coherence
Entities mentioned in the same context are often topically related, therefore it is useful not to treat linking decisions in isolation but rather to try to maximize topical coherence in the chosen items. This is the issue on which entity linking systems differ the most as it is harder to model.
First, we need to estimate the topical coherence of a sequence of linking decisions. This is often done by first defining a pairwise relatedness score between the target entities. For instance, a popular metric introduced by BIBREF20 considers the set of wiki links $|a|, |b|$ made from or to two entities $a$ , $b$ and computes their relatedness: $ \text{rel}(a,b) = 1 - \frac{\log (\max (|a|,|b|)) - \log (|a| \cap |b|)}{\log (|K|) - \log (\min (|a|,|b|))}$
where $|K|$ is the number of entities in the knowledge base.
When linking to Wikidata instead of Wikipedia, it is tempting to reuse these heuristics, replacing wikilinks by statements. However, Wikidata's linking structure is quite different from Wikipedia: statements are generally a lot sparser than links and they have a precise semantic meaning, as editors are restricted by the available properties when creating new statements. We propose in the next section a similarity measure that we find to perform well experimentally.
Once a notion of semantic similarity is chosen, we need to integrate it in the inference process. Most approaches build a graph of candidate entities, where edges indicate semantic relatedness: the difference between the heuristics lie in the way this graph is used for the matching decisions. BIBREF21 use an approximate algorithm to find the densest subgraph of the semantic graph. This determines choices of entities for each mention. In other approaches, the initial evidence given by the local compatibility score is propagated along the edges of the semantic graph BIBREF14 , BIBREF22 or aggregated at a global level with a Conditional Random Field BIBREF17 .

## OpenTapioca: an entity linking model for Wikidata
We propose a model that adapts previous approaches to Wikidata. Let $d$ be a document (a piece of text). A spot $s \in d$ is a pair of start and end positions in $d$ . It defines a phrase $d[s]$ , and a set of candidate entities $E[s]$ : those are all Wikidata items for which $d[s]$ is a label or alias. Given two spots $s, s^{\prime }$ we denote by $|s - s^{\prime }|$ the number of characters between them. We build a binary classifier which predicts for each $s \in d$ and $e \in E[s]$ if $s \in d$0 should be linked to $s \in d$1 .

## Semantic similarity
The issue with the features above is that they ignore the context in which a mention in found. To make it context-sensitive, we adapt the approach of BIBREF22 to our setup. The general idea is to define a graph on the candidate entities, linking candidate entities which are semantically related, and then find a combination of candidate entities which have both high local compatibility and which are densely related in the graph.
For each pair of entities $e, e^{\prime }$ we define a similarity metric $s(e,e^{\prime })$ . Let $l(e)$ be the set of items that $e$ links to in its statements. Consider a one-step random walks starting on $e$ , with probability $\beta $ to stay on $e$ and probability $\frac{1-\beta }{|l(e)|}$ to reach one of the linked items. We define $s(e,e^{\prime })$ as the probability that two such one-step random walks starting from $e$ and $s(e,e^{\prime })$0 end up on the same item. This can be computed explicitly as $s(e,e^{\prime })$1
We then build a weighted graph $G_d$ whose vertices are pairs $(s \in d, e \in E[s])$ . In other words, we add a vertex for each candidate entity at a given spot. We fix a maximum distance $D$ for edges: vertices $(s,e)$ and $(s^{\prime },e^{\prime })$ can only be linked if $|s - s^{\prime }| \le D$ and $s \ne s^{\prime }$ . In this case, we define the weight of such an edge as $(\eta + s(e,e^{\prime }))\frac{D - |s - s^{\prime }|}{D}$ , where $\eta $ is a smoothing parameter. In other words, the edge weight is proportional to the smoothed similarity between the entities, discounted by the distance between the mentions.
The weighted graph $G_d$ can be represented as an adjacency matrix. We transform it into a column-stochastic matrix $M_d$ by normalizing its columns to sum to one. This defines a Markov chain on the candidate entities, that we will use to propagate the local evidence.

## Classifying entities in context
BIBREF22 first combine the local features into a local evidence score, and then spread this local evidence using the Markov chain:
$$ 
G(d) = (\alpha I + (1 - \alpha ) M_d)^k \cdot LC(d)$$   (Eq. 14)
We propose a variant of this approach, where each individual local compatibility feature is propagated independently along the Markov chain. Let $F$ be the matrix of all local features for each candidate entity: $F = (F(e_1,d[s_1]),
\dots , F(e_n, d[s_n]))$ . After $k$ iterations in the Markov chain, this defines features $M_d^k F$ . Rather than relying on these features for a fixed number of steps $k$ , we record the features at each step, which defines the vector $(F, M_d \cdot F, M_d^2 \cdot F, \dots , M_d^k \cdot F)$
This alleviates the need for an $\alpha $ parameter while keeping the number of features small. We train a linear support vector classifier on these features and this defines the final score of each candidate entity. For each spot, our system picks the highest-scoring candidate entity that the classifier predicts as a match, if any.

## Experimental setup
Most entity linking datasets are annotated against DBpedia or YAGO. Wikidata contains items which do not have any corresponding Wikipedia article (in any language), so these items do not have any DBpedia or YAGO URI either. Therefore, converting an entity linking dataset from DBpedia to Wikidata requires more effort than simply following owl:sameAs links: we also need to annotate mentions of Wikidata items which do not have a corresponding DBpedia URI.
We used the RSS-500 dataset of news excerpts annotated against DBpedia and encoded in NIF format BIBREF23 . We first translated all DBpedia URIs to Wikidata items. Then, we used OpenRefine BIBREF24 to extract the entities marked not covered by DBpedia and matched them against Wikidata. After human review, this added 63 new links to the 524 converted from DBpedia (out of 476 out-of-KB entities).
We also annotated a new dataset from scratch. The ISTEX dataset consists of one thousand author affiliation strings extracted from research articles and exposed by the ISTEX text and data mining service. In this dataset, only 64 of the 2,624 Wikidata mentions do not have a corresponding DBpedia URI.
We use the Wikidata JSON dump of 2018-02-24 for our experiments, indexed with Solr (Lucene). We restrict the index to humans, organizations and locations, by selecting only items whose type was a subclass of (P279) human (Q5), organization (Q43229) or geographical object (Q618123). Labels and aliases in all languages are added to a case-sensitive FST index.
We trained our classifier and its hyper-parameters by five-fold cross-validation on the training sets of the ISTEX and RSS datasets. We used GERBIL BIBREF23 to evaluate OpenTapioca against other approaches. We report the InKB micro and macro F1 scores on test sets, with GERBIL's weak annotation match method.

## Conclusion
The surface forms curated by Wikidata editors are sufficient to reach honourable recall, without the need to expand them with mentions extracted from Wikipedia. Our restriction to people, locations and organizations probably helps in this regard and we anticipate worse performance for broader domains. Our approach works best for scientific affiliations, where spelling is more canonical than in newswire. The availability of Twitter identifiers directly in Wikidata helps us to reach acceptable performance in this domain. The accuracy degrades on longer texts which require relying more on the ambiant topical context. In future work, we would like to explore the use of entity embeddings to improve our approach in this regard.

Question: What is the accuracy of this model compared to sota?
JSON: [/INST]
[INST] ","































































































































































































","UNANSWERABLE | The model improves the state of the art performance for the ISTEX dataset (F1 micro: 0.870, F1 macro: 0.858) and for the Microposts 2016 dataset (F1 micro:  0.087). | The micro and macro f1-scores of this model are 0.482 and 0.399 on the AIDA-CoNLL dataset, 0.087 and 0.515 on the Microposts 2016 dataset, 0.870 and 0.858 on the ISTEX-1000 dataset, 0.335 and 0.310 on the RSS-500 dataset | The accuracy"
1a6156189297b2fe17f174ef55cbd20341bb7dbf,"<s>
[INST] You are a precise scientific QA assistant. Use only the provided paper text. If the question is not answerable from the text, reply with answer 'UNANSWERABLE'.

Return a STRICT JSON object with keys exactly:
{ ""answer"": ""<string>"", ""evidence"": [""<verbatim span 1>"", ""<verbatim span 2>""] }
- 'answer' must be 1-3 sentences or 'UNANSWERABLE'.
- 'evidence' must be 0-5 verbatim snippets copied from the paper text (no paraphrases).
No extra commentary.

Paper title: Spotting Rumors via Novelty Detection

Paper text:
# Spotting Rumors via Novelty Detection

## Abstract
Rumour detection is hard because the most accurate systems operate retrospectively, only recognising rumours once they have collected repeated signals. By then the rumours might have already spread and caused harm. We introduce a new category of features based on novelty, tailored to detect rumours early on. To compensate for the absence of repeated signals, we make use of news wire as an additional data source. Unconfirmed (novel) information with respect to the news articles is considered as an indication of rumours. Additionally we introduce pseudo feedback, which assumes that documents that are similar to previous rumours, are more likely to also be a rumour. Comparison with other real-time approaches shows that novelty based features in conjunction with pseudo feedback perform significantly better, when detecting rumours instantly after their publication.

## Introduction
Social Media has evolved from friendship based networks to become a major source for the consumption of news (NIST, 2008). On social media, news is decentralised as it provides everyone the means to efficiently report and spread information. In contrast to traditional news wire, information on social media is spread without intensive investigation, fact and background checking. The combination of ease and fast pace of sharing information provides a fertile breeding ground for rumours, false- and disinformation. Social media users tend to share controversial information in-order to verify it, while asking about for the opinions of their followers (Zhao et. al, 2015). This further amplifies the pace of a rumour's spread and reach. Rumours and deliberate disinformation have already caused panic and influenced public opinion.
The cases in Germany and Austria in 2016, show how misleading and false information about crimes committed by refugees negatively influenced the opinion of citizens.
Detecting these rumours allows debunking them to prevent them from further spreading and causing harm. The further a rumour has spread, the more likely it is to be debunked by users or traditional media (Liu et. al, 2015). However, by then rumours might have already caused harm. This highlights the importance and necessity of recognizing rumours as early as possible - preferably instantaneously.
Rumour detection on social media is challenging due to the short texts, creative lexical variations and high volume of the streams. The task becomes even harder if we attempt to perform rumour detection on-the-fly, without looking into the future. We provide an effective and highly scalable approach to detect rumours instantly after they were posted with zero delay. We introduce a new features category called novelty based features. Novelty based features compensate the absence of repeated information by consulting additional data sources - news wire articles. We hypothesize that information not confirmed by official news is an indication of rumours. Additionally we introduce pseudo feedback for classification. In a nutshell, documents that are similar to previously detected rumours are considered to be more likely to also be a rumour. The proposed features can be computed in constant time and space allowing us to process high-volume streams in real-time (Muthukrishnan, 2005). Our experiments reveal that novelty based features and pseudo feedback significantly increases detection performance for early rumour detection.
The contributions of this paper include:
Novelty based Features
We introduced a new category of features for instant rumour detection that harnesses trusted resources. Unconfirmed (novel) information with respect to trusted resources is considered as an indication of rumours.
Pseudo Feedback for Detection/Classification
Pseudo feedback increases detection accuracy by harnessing repeated signals, without the need of retrospective operation.

## Related Work
Before rumour detection, scientists already studied the related problem of information credibility evaluation (Castillo et. al. 2011; Richardson et. al, 2003). Recently, automated rumour detection on social media evolved into a popular research field which also relies on assessing the credibility of messages and their sources. The most successful methods proposed focus on classification harnessing lexical, user-centric, propagation-based (Wu et. al, 2015) and cluster-based (Cai et. al, 2014; Liu et. al, 2015; Zhao et. al, 2015) features.
Many of these context based features originate from a study by Castillo et. al (2011), which pioneered in engineering features for credibility assessment on Twitter (Liu et. al, 2015). They observed a significant correlation between the trustworthiness of a tweet with context-based characteristics including hashtags, punctuation characters and sentiment polarity. When assessing the credibility of a tweet, they also assessed the source of its information by constructing features based on provided URLs as well as user based features like the activeness of the user and social graph based features like the frequency of re-tweets. A comprehensive study by Castillo et. al (2011) of information credibility assessment widely influenced recent research on rumour detection, whose main focuses lies upon improving detection quality.
While studying the trustworthiness of tweets during crises, Mendoza et. al (2010) found that the topology of a distrustful tweet's propagation pattern differs from those of news and normal tweets. These findings along with the fact that rumours tend to more likely be questioned by responses than news paved the way for future research examining propagation graphs and clustering methods (Cai et. al, 2014; Zhao et. al, 2015). The majority of current research focuses on improving the accuracy of classifiers through new features based on clustering (Cai et. al, 2014; Zhao et. al, 2015), sentiment analysis (Qazvinian et. al, 2011; Wu et. al, 2015) as well as propagation graphs (Kwon, et. al, 2013; Wang et. al, 2015).
Recent research mainly focuses on further improving the quality of rumour detection while neglecting the increasing delay between the publication and detection of a rumour. The motivation for rumour detection lies in debunking them to prevent them from spreading and causing harm. Unfortunately, state-of-the-art systems operate in a retrospective manner, meaning they detect rumours long after they have spread. The most accurate systems rely on features based on propagation graphs and clustering techniques. These features can only detect rumours after the rumours have spread and already caused harm.
Therefore, researchers like Liu et. al (2015), Wu et. al (2015), Zhao et. al (2015) and Zhou et. al (2015) focus on 'early rumour-detection' while allowing a delay up to 24 hours. Their focus on latency aware rumour detection makes their approaches conceptually related to ours. Zhao et. al (1015) found clustering tweets containing enquiry patterns as an indication of rumours. Also clustering tweets by keywords and subsequently judging rumours using an ensemble model that combine user, propagation and content-based features proved to be effective (Zhou et. al, 2015). Although the computation of their features is efficient, the need for repeated mentions in the form of response by other users results in increased latency between publication and detection. The approach with the lowest latency banks on the 'wisdom of the crowd' (Liu et. al, 2015). In addition to traditional context and user based features they also rely on clustering micro-blogs by their topicality to identify conflicting claims, which indicate increased likelihood of rumours. Although they claim to operate in real-time, they require a cluster of at least 5 messages to detect a rumour.
In contrast, we introduce new features to detect rumours as early as possible - preferably instantly, allowing them to be debunked before they spread and cause harm.

## Rumour Detection
Rumour detection is a challenging task, as it requires determining the truth of information (Zhao et. al, 2015). The Cambridge dictionary, defines a rumour as information of doubtful or unconfirmed truth. We rely on classification using an SVM, which is the state-of-the-art approach for novelty detection. Numerous features have been proposed for rumour detection on social media, many of which originate from an original study on information credibility by Castillo et. al (2011). Unfortunately, the currently most successful features rely on information based on graph propagation and clustering, which can only be computed retrospectively. This renders them close to useless when detecting rumours early on. We introduce two new classes of features, one based on novelty, the other on pseudo feedback. Both feature categories improve detection accuracy early on, when information is limited.

## Problem Statement
We frame the Real-time Rumour Detection task as a classification problem that assesses a document's likelihood of becoming a future rumour at the time of its publication. Consequently, prediction takes place in real-time with a single pass over the data.
More formally, we denote by $d_t$ the document that arrives from stream $S:\lbrace d_0, d_1, . . . d_n\rbrace $ at time $t$ . Upon arrival of document $d_t$ we compute its corresponding feature vector $f_{d,t}$ . Given $f_{d,t}$ and the previously obtained weigh vector $w$ we compute the rumour score $RS_{d,t} = w^T \times f_{d,t}$ . The rumour prediction is based on a fixed thresholding strategy with respect to $\theta $ . We predict that message $d_t$ is likely to become a rumour if its rumour score exceeds the detection threshold $S:\lbrace d_0, d_1, . . . d_n\rbrace $0 . The optimal parameter setting for weight vector $S:\lbrace d_0, d_1, . . . d_n\rbrace $1 and detection threshold $S:\lbrace d_0, d_1, . . . d_n\rbrace $2 are learned on a test to maximise prediction accuracy.

## Novelty-based Features
To increase instantaneous detection performance, we compensate for the absence of future information by consulting additional data sources. In particular, we make use of news wire articles, which are considered to be of high credibility. This is reasonable as according to Petrovic et. al (2013), in the majority of cases, news wires lead social media for reporting news. When a message arrives from a social media stream, we build features based on its novelty with respect to the confirmed information in the trusted sources. In a nutshell, the presence of information unconfirmed by the official media is construed as an indication of being a rumour. Note that this closely resembles the definition of what a rumour is.

## Novelty Feature Construction
High volume streams demand highly efficient feature computation. This applies in particular to novelty based features since they can be computationally expensive. We explore two approaches to novelty computation: one based on vector proximity, the other on kterm hashing.
Computing novelty based on traditional vector proximity alone does not yield adequate performance due to the length discrepancy between news wire articles and social media messages. To make vector proximity applicable, we slide a term-level based window, whose length resembles the average social media message length, through each of the news articles. This results in sub-documents whose length resembles those of social media messages. Novelty is computed using term weighted tf-idf dot products between the social media message and all news sub-documents. The inverse of the minimum similarity to the nearest neighbour equates to the degree of novelty.
The second approach to compute novelty relies on kterm hashing (Wurzer et. al, 2015), a recent advance in novelty detection that improved the efficiency by an order of magnitude without sacrificing effectiveness. Kterm hashing computes novelty non-comparatively. Instead of measuring similarity between documents, a single representation of previously seen information is constructed. For each document, all possible kterms are formed and hashed onto a Bloom Filter. Novelty is computed by the fraction of unseen kterms. Kterm hashing has the interesting characteristic of forming a collective 'memory', able to span all trusted resources. We exhaustively form kterm for all news articles and store their corresponding hash positions in a Bloom Filter. This filter then captures the combined information of all trusted resources. A single representation allows computing novelty with a single step, instead of comparing each social media message individually with all trusted resources.
When kterm hashing was introduced by Wurzer et. al (2015) for novelty detection on English tweets, they weighted all kterm uniformly. We found that treating all kterms as equally important, does not unlock the full potential of kterm hashing. Therefore, we additionally extract the top 10 keywords ranked by $tf.idf$ and build a separate set of kterms solely based on them. This allows us to compute a dedicated weight for kterms based on these top 10 keywords. The distinction in weights between kterms based on all versus keyword yields superior rumour detection quality, as described in section ""Feature analysis"" . This leaves us with a total of 6 novelty based features for kterm hashing - kterms of length 1 to 3 for all words and keywords.
Apart from novelty based features, we also apply a range of 51 context based features. The full list of features can be found in table 6 . The focus lies on features that can be computed instantly based only on the text of a message to keep the latency of our approach to a minimum. Most of these 51 features overlap with previous studies (Castillo et. al, 2011; Liu et. al, 2015; Qazvinian et. al, 2011; Yang et. al, 2012; Zhao et. al, 2015). This includes features based on the presence or number of URLs, hash-tags and user-names, POS tags, punctuation characters as well as 8 different categories of sentiment and emotions.
On the arrival of a new message from a stream, all its features are computed and linearly combined using weights obtained from an SVM classifier, yielding the rumour score. We then judge rumours based on an optimal threshold strategy for the rumour score.

## Pseudo Feedback
In addition to novelty based features we introduce another category of features - dubbed Pseudo-Feedback (PF) feature - to boost detection performance. The feature is conceptually related to pseudo relevance feedback found in retrieval and ranking tasks in IR. The concept builds upon the idea that documents, which reveal similar characteristics as previously detected rumours are also likely to be a rumour. During detection, feedback about which of the previous documents describes a rumour is not available. Therefore, we rely on 'pseudo' feedback and consider all documents whose rumour score exceeds a threshold as true rumours.
The PF feature describes the maximum similarity between a new document and those documents previously considered as rumour. Similarities are measured by vector proximity in term space. Conceptually, PF passes on evidence to repeated signals by increasing the rumour score of future documents if they are similar to a recently detected rumour. Note that this allows harnessing information from repeated signals without the need of operating retrospectively.
Training Pseudo Feedback Features
The trainings routine differs from the standard procedure, because the computation of the PF feature requires two training rounds as we require a model of all other features to identify 'pseudo' rumours. In a first training round a SVM is used to compute weights for all features in the trainings set, except the PF features. This provides a model for all but the PF features. Then the trainings set is processed to computing rumour scores based on the model obtained from our initial trainings round. This time, we additionally compute the PF feature value by measuring the minimum distance in term space between the current document vector and those previous documents, whose rumour score exceeds a previously defined threshold. Since we operate on a stream, the number of documents previously considered as rumours grows without bound. To keep operation constant in time and space, we only compare against the k most recent documents considered to be rumours. Once we obtained the value for the PF feature, we compute its weight using the SVM. The combination of the weight for the PF feature with the weights for all other features, obtained in the initial trainings round, resembles the final model.

## Experiments
The previous sections introduced two new categories of features for rumour detection. Now we test their performance and impact on detection effectiveness and efficiency. In a streaming setting, documents arrive on a continual basis one at a time. We require our features to compute a rumour-score instantaneously for each document in a single-pass over the data. Messages with high rumour scores are considered likely being rumours. The classification decision is based on an optimal thresholding strategy based on the trainings set.

## Evaluation metrics
We report accuracy to evaluate effectiveness, as is usual in the literature (Zhou et. al, 2015). Additionally we use the standard TDT evaluation procedure (Allan et. al, 2000; NIST, 2008) with the official TDT3 evaluation scripts (NIST, 2008) using standard settings. This procedure evaluates detection tasks using Detection Error Trade-off (DET) curves, which show the trade-off between miss and false alarm probability. By visualizing the full range of thresholds, DET plots provide a more comprehensive illustration of effectiveness than single value metrics (Allan et. al, 2000). We also evaluate the efficiency of computing the proposed features, measured by the throughput per second, when applied to a high number of messages.

## Data set
Rumour detection on social media is a novel research field without official data sets. Since licences agreements forbid redistribution of data, no data sets from previous publications are available. We therefore followed previous researchers like Liu et. al (2015) and Yang et. al (2012) and created our own dataset.
trusted resources: We randomly collected 200 news articles about broad topics commonly reported by news wires over our target time period. These range from news about celebrities and disasters to financial and political affairs as seen in table 1 . Since we operate on Chinese social media, we gathered news articles from Xinhua News Agency, the leading news-wire in China. To ensure a fair evaluation, we collected the news articles before judging rumours, not knowing which rumours we would find later on. We also only consider news articles published before the timestamps of the social media messages.
For our social media stream, we chose Sina Weibo, a Chinese social media service with more than 200 million active users. Micro-blogs from Sina Weibo are denoted as 'weibos'.
rumours: Sina Weibo offers an official rumour debunking service, operated by trained human professionals. Following Yang et. al (2012) and Zhou et. al (2015), we use this service to obtain a high quality set of 202 confirmed rumours.
non-rumours: We additionally gathered 202 non-rumours using the public Sina Weibo API. Three human annotators judged these weibos based on unanimous decision making to ensure that they don't contain rumours.
Since we operate in a streaming environment, all weibos are sorted based on their publication time-stamp. Table 3 shows a list of example for rumours found in our data set.
We ordered the rumours and non-rumours chronologically and divided them in half, forming a training and test set. We ensured that each of the sets consists of 50% rumours and non-rumours. This is important when effectiveness is measured by accuracy. All training and optimization use the trainings set. Performance is then reported based on a single run on the test set.

## Rumour detection effectiveness
To evaluate our new features for rumour detection, we compare them with two state-of-the-art early rumour detection baselines Liu et. al (2015) and Yang et. al (2012), which we re-implemented. We chose the algorithm by Yang et. al (2012), dubbed Yang, because they proposed a feature set for early detection tailored to Sina Weibo and were used as a state-of-the-art baseline before by Liu et. al (2015). The algorithm by Liu et. al (2015), dubbed Liu, is said to operate in real-time and outperformed Yang, when only considering features available on Twitter. Both apply various message-, user-, topic- and propagation-based features and rely on an SVM classifier which they also found to perform best. The approaches advertise themselves as suitable for early or real-time detection and performed rumour detection with the smallest latency across all published methods. Yang performs early rumour detection and operates with a delay of 24 hours. Liu is claimed to perform in real-time while, requiring a cluster of 5 repeated messages to judge them for rumours. Note that although these algorithm are state-of-the-art for detecting rumours as quickly as possible, they still require a certain delay to reach their full potential.
Table 2 compares the performance of our features with the two classifiers on the 101 rumours and 101 non-rumours of the test set, when detecting rumour instantly after their publication. The table reveals comparable accuracy for Yang and Liu at around 60%. Our observed performance of Yang matches those by Liu et. al (2015). Surprisingly, the algorithm Liu does not perform significantly better than Yang when applied to instantaneous rumour detection although they claimed to operate in real-time. Liu et. al (2015) report performance based on the first 5 messages which clearly outperforms Yang for early rumour detection. However, we find that when reducing the set from 5 to 1, their superiority is only marginal. In contrast, the combination of novelty and pseudo relevance based features performs significantly better (sign test with $p < 0.05$ ) than the baselines for instantaneous rumour detections. Novelty based features benefit from news articles as an external data source, which explains their superior performance. In particular for instantaneous rumour detection, where information can only be obtained from a single message, the use of external data proves to perform superior. Note that accuracy is a single value metric describing performance at an optimal threshold. Figure 1 compares the effectiveness of the three algorithms for the full range of rumour scores for instantaneous detection. Different applications require a different balance between miss and false alarm. But the DET curve shows that Liu’s method would be preferable over Yang for any application. Similarly, the plot reveals that our approach dominates both baselines throughout all threshold settings and for the high-recall region in particular.
When increasing the detection delay to 12 and 24 hours, all three algorithms reach comparable performance with no statistically significant difference, as seen in table 4. For our approach, none of the features are computed retrospectively, which explains why the performance does not change when increasing the detection delay. The additional time allows Liu and Yang to collect repeated signals, which improves their detection accuracy. After 24 hours Liu performs the highest due to its retrospectively computed features. Note that after 24 hours rumours might have already spread far through social networks and potentially caused harm.

## Feature analysis
We group our 57 features into 7 categories shown in Table 6 and analyse their contribution using feature ablation, as seen in Table 5 . Feature ablation illustrates the importance of a feature by measuring performance, when removing it from the set of features. Novelty related features based on kterm hashing were found to be dominant for instantaneous rumour detection $(p < 0.05)$ . 'Sentence char' features, which include punctuation, hashtags, user-symbols and URLs, contributed the most of the traditional features, followed by Part of Speech ('POS') and 'extreme word' features. Our experiments found 'sentiment' and 'emotion' based features to contribute the least. Since excluding them both results in a considerable drop of performance we conclude that they capture comparable information and therefore compensated for each other.
Novelty based Features
Novelty based features revealed the highest impact on detection performance. In particular kterms formed from the top keywords contribute the most. This is interesting, as when kterm hashing was introduced (Wurzer et. al, 2015), all kterms were considered as equally important. We found that prioritising certain kterms yields increased performance.
Interestingly, novelty based features computed by the vector similarity between weibos and news sub-documents perform slightly worse (-2% absolute). When striping all but the top tf-idf weighted terms from the news sub-documents, the hit in performance can be reduced to -1 % absolute. Kterm constructs a combined memory of all information presented to it. Pulling all information into a single representation bridges the gab between documents and allows finding information matches within documents. We hypothesize that this causes increased detection performance.
Pseudo Feedbaack
Features ablation revealed that pseudo feedback (PF) increased detection performance by 5.3% (relative). PF builds upon the output of the other features. High performance of the other features results in higher positive impact of PF. We want to further explore the behaviour of PF when other features perform badly in future studies.

## Detecting unpopular rumours
Previous approaches to rumour detection rely on repeated signals to form propagation graphs or clustering methods. Beside causing a detection delay these methods are also blind to less popular rumours that don't go viral. In contrast, novelty based feature require only a single message enabling them to detect even the smallest rumours. Examples for such small rumours are shown in table 3 .

## Efficiency and Scalability
To demonstrate the high efficiency of computing novelty and pseudo feedback features, we implement a rumour detection system and measure its throughput when applied to 100k weibos. We implement our system in C and run it using a single core on a 2.2GHz Intel Core i7-4702HQ. We measure the throughput on an idle machine and average the observed performance over 5 runs. Figure 2 presents performance when processing more and more weibos. The average throughput of our system is around 7,000 weibos per second, which clearly exceeds the average volume of the full Twitter (5,700 tweets/sec.) and Sina Weibo (1,200 weibos/sec.) stream. Since the number of news articles is relatively small, we find no difference in terms of efficiency between computing novelty features based on kterm hashing and vector similarity. Figure 2 also illustrates that our proposed features can be computed in constant time with respect to the number of messages processed. This is crucial to keep operation in a true streaming environment feasible. Approaches, whose runtime depend on the number of documents processed become progressively slower, which is inapplicable when operating on data streams. Our experiments show that the proposed features perform effectively and their efficiency allows them to detect rumours instantly after their publication.

## Conclusion
We introduced two new categories of features which significantly improve instantaneous rumour detection performance. Novelty based features consider the increased presence of unconfirmed information within a message with respect to trusted sources as an indication of being a rumour. Pseudo feedback features consider messages that are similar to previously detected rumours as more likely to also be a rumour. Pseudo feedback and its variant, recursive pseudo feedback, allow harnessing repeated signals without the need of operating retrospectively. Our evaluation showed that novelty and pseudo feedback based features perform significantly more effective than other real-time and early detection baselines, when detecting rumours instantly after their publication. This advantage vanishes when allowing an increased detection delay. We also showed that the proposed features can be computed efficiently enough to operate on the average Twitter and Sina Weibo stream while keeping time and space requirements constant.

Question: What previous methods do they compare against?
JSON: [/INST]
[INST] ","































































































































































































","two state-of-the-art early rumour detection baselines Liu et. al (2015) and Yang et. al (2012), which we re-implemented. Yang et. al (2012), dubbed Yang, because they proposed a feature set for early detection tailored to Sina Weibo and were used as a state-of-the-art baseline before by Liu et. al (2015). The algorithm by Liu et. al (2015), dubbed Liu, is said to operate in real-time and outperformed Yang, when only considering features available on Twitter. | Liu et. al (2015) Yang et. al (2012) | They compare against two other methods that apply message-,user-, topic- and propagation-based features and rely on an SVM classifier. One perform early rumor detection and operates with a delay of 24 hrs, while the other requires a cluster of 5 repeated messages to judge them for rumors. | Liu et al. (2015) and Yang et al. (2012)"
3319d56556ae1597a86384057db0831e32774b90,"<s>
[INST] You are a precise scientific QA assistant. Use only the provided paper text. If the question is not answerable from the text, reply with answer 'UNANSWERABLE'.

Return a STRICT JSON object with keys exactly:
{ ""answer"": ""<string>"", ""evidence"": [""<verbatim span 1>"", ""<verbatim span 2>""] }
- 'answer' must be 1-3 sentences or 'UNANSWERABLE'.
- 'evidence' must be 0-5 verbatim snippets copied from the paper text (no paraphrases).
No extra commentary.

Paper title: Spotting Rumors via Novelty Detection

Paper text:
# Spotting Rumors via Novelty Detection

## Abstract
Rumour detection is hard because the most accurate systems operate retrospectively, only recognising rumours once they have collected repeated signals. By then the rumours might have already spread and caused harm. We introduce a new category of features based on novelty, tailored to detect rumours early on. To compensate for the absence of repeated signals, we make use of news wire as an additional data source. Unconfirmed (novel) information with respect to the news articles is considered as an indication of rumours. Additionally we introduce pseudo feedback, which assumes that documents that are similar to previous rumours, are more likely to also be a rumour. Comparison with other real-time approaches shows that novelty based features in conjunction with pseudo feedback perform significantly better, when detecting rumours instantly after their publication.

## Introduction
Social Media has evolved from friendship based networks to become a major source for the consumption of news (NIST, 2008). On social media, news is decentralised as it provides everyone the means to efficiently report and spread information. In contrast to traditional news wire, information on social media is spread without intensive investigation, fact and background checking. The combination of ease and fast pace of sharing information provides a fertile breeding ground for rumours, false- and disinformation. Social media users tend to share controversial information in-order to verify it, while asking about for the opinions of their followers (Zhao et. al, 2015). This further amplifies the pace of a rumour's spread and reach. Rumours and deliberate disinformation have already caused panic and influenced public opinion.
The cases in Germany and Austria in 2016, show how misleading and false information about crimes committed by refugees negatively influenced the opinion of citizens.
Detecting these rumours allows debunking them to prevent them from further spreading and causing harm. The further a rumour has spread, the more likely it is to be debunked by users or traditional media (Liu et. al, 2015). However, by then rumours might have already caused harm. This highlights the importance and necessity of recognizing rumours as early as possible - preferably instantaneously.
Rumour detection on social media is challenging due to the short texts, creative lexical variations and high volume of the streams. The task becomes even harder if we attempt to perform rumour detection on-the-fly, without looking into the future. We provide an effective and highly scalable approach to detect rumours instantly after they were posted with zero delay. We introduce a new features category called novelty based features. Novelty based features compensate the absence of repeated information by consulting additional data sources - news wire articles. We hypothesize that information not confirmed by official news is an indication of rumours. Additionally we introduce pseudo feedback for classification. In a nutshell, documents that are similar to previously detected rumours are considered to be more likely to also be a rumour. The proposed features can be computed in constant time and space allowing us to process high-volume streams in real-time (Muthukrishnan, 2005). Our experiments reveal that novelty based features and pseudo feedback significantly increases detection performance for early rumour detection.
The contributions of this paper include:
Novelty based Features
We introduced a new category of features for instant rumour detection that harnesses trusted resources. Unconfirmed (novel) information with respect to trusted resources is considered as an indication of rumours.
Pseudo Feedback for Detection/Classification
Pseudo feedback increases detection accuracy by harnessing repeated signals, without the need of retrospective operation.

## Related Work
Before rumour detection, scientists already studied the related problem of information credibility evaluation (Castillo et. al. 2011; Richardson et. al, 2003). Recently, automated rumour detection on social media evolved into a popular research field which also relies on assessing the credibility of messages and their sources. The most successful methods proposed focus on classification harnessing lexical, user-centric, propagation-based (Wu et. al, 2015) and cluster-based (Cai et. al, 2014; Liu et. al, 2015; Zhao et. al, 2015) features.
Many of these context based features originate from a study by Castillo et. al (2011), which pioneered in engineering features for credibility assessment on Twitter (Liu et. al, 2015). They observed a significant correlation between the trustworthiness of a tweet with context-based characteristics including hashtags, punctuation characters and sentiment polarity. When assessing the credibility of a tweet, they also assessed the source of its information by constructing features based on provided URLs as well as user based features like the activeness of the user and social graph based features like the frequency of re-tweets. A comprehensive study by Castillo et. al (2011) of information credibility assessment widely influenced recent research on rumour detection, whose main focuses lies upon improving detection quality.
While studying the trustworthiness of tweets during crises, Mendoza et. al (2010) found that the topology of a distrustful tweet's propagation pattern differs from those of news and normal tweets. These findings along with the fact that rumours tend to more likely be questioned by responses than news paved the way for future research examining propagation graphs and clustering methods (Cai et. al, 2014; Zhao et. al, 2015). The majority of current research focuses on improving the accuracy of classifiers through new features based on clustering (Cai et. al, 2014; Zhao et. al, 2015), sentiment analysis (Qazvinian et. al, 2011; Wu et. al, 2015) as well as propagation graphs (Kwon, et. al, 2013; Wang et. al, 2015).
Recent research mainly focuses on further improving the quality of rumour detection while neglecting the increasing delay between the publication and detection of a rumour. The motivation for rumour detection lies in debunking them to prevent them from spreading and causing harm. Unfortunately, state-of-the-art systems operate in a retrospective manner, meaning they detect rumours long after they have spread. The most accurate systems rely on features based on propagation graphs and clustering techniques. These features can only detect rumours after the rumours have spread and already caused harm.
Therefore, researchers like Liu et. al (2015), Wu et. al (2015), Zhao et. al (2015) and Zhou et. al (2015) focus on 'early rumour-detection' while allowing a delay up to 24 hours. Their focus on latency aware rumour detection makes their approaches conceptually related to ours. Zhao et. al (1015) found clustering tweets containing enquiry patterns as an indication of rumours. Also clustering tweets by keywords and subsequently judging rumours using an ensemble model that combine user, propagation and content-based features proved to be effective (Zhou et. al, 2015). Although the computation of their features is efficient, the need for repeated mentions in the form of response by other users results in increased latency between publication and detection. The approach with the lowest latency banks on the 'wisdom of the crowd' (Liu et. al, 2015). In addition to traditional context and user based features they also rely on clustering micro-blogs by their topicality to identify conflicting claims, which indicate increased likelihood of rumours. Although they claim to operate in real-time, they require a cluster of at least 5 messages to detect a rumour.
In contrast, we introduce new features to detect rumours as early as possible - preferably instantly, allowing them to be debunked before they spread and cause harm.

## Rumour Detection
Rumour detection is a challenging task, as it requires determining the truth of information (Zhao et. al, 2015). The Cambridge dictionary, defines a rumour as information of doubtful or unconfirmed truth. We rely on classification using an SVM, which is the state-of-the-art approach for novelty detection. Numerous features have been proposed for rumour detection on social media, many of which originate from an original study on information credibility by Castillo et. al (2011). Unfortunately, the currently most successful features rely on information based on graph propagation and clustering, which can only be computed retrospectively. This renders them close to useless when detecting rumours early on. We introduce two new classes of features, one based on novelty, the other on pseudo feedback. Both feature categories improve detection accuracy early on, when information is limited.

## Problem Statement
We frame the Real-time Rumour Detection task as a classification problem that assesses a document's likelihood of becoming a future rumour at the time of its publication. Consequently, prediction takes place in real-time with a single pass over the data.
More formally, we denote by $d_t$ the document that arrives from stream $S:\lbrace d_0, d_1, . . . d_n\rbrace $ at time $t$ . Upon arrival of document $d_t$ we compute its corresponding feature vector $f_{d,t}$ . Given $f_{d,t}$ and the previously obtained weigh vector $w$ we compute the rumour score $RS_{d,t} = w^T \times f_{d,t}$ . The rumour prediction is based on a fixed thresholding strategy with respect to $\theta $ . We predict that message $d_t$ is likely to become a rumour if its rumour score exceeds the detection threshold $S:\lbrace d_0, d_1, . . . d_n\rbrace $0 . The optimal parameter setting for weight vector $S:\lbrace d_0, d_1, . . . d_n\rbrace $1 and detection threshold $S:\lbrace d_0, d_1, . . . d_n\rbrace $2 are learned on a test to maximise prediction accuracy.

## Novelty-based Features
To increase instantaneous detection performance, we compensate for the absence of future information by consulting additional data sources. In particular, we make use of news wire articles, which are considered to be of high credibility. This is reasonable as according to Petrovic et. al (2013), in the majority of cases, news wires lead social media for reporting news. When a message arrives from a social media stream, we build features based on its novelty with respect to the confirmed information in the trusted sources. In a nutshell, the presence of information unconfirmed by the official media is construed as an indication of being a rumour. Note that this closely resembles the definition of what a rumour is.

## Novelty Feature Construction
High volume streams demand highly efficient feature computation. This applies in particular to novelty based features since they can be computationally expensive. We explore two approaches to novelty computation: one based on vector proximity, the other on kterm hashing.
Computing novelty based on traditional vector proximity alone does not yield adequate performance due to the length discrepancy between news wire articles and social media messages. To make vector proximity applicable, we slide a term-level based window, whose length resembles the average social media message length, through each of the news articles. This results in sub-documents whose length resembles those of social media messages. Novelty is computed using term weighted tf-idf dot products between the social media message and all news sub-documents. The inverse of the minimum similarity to the nearest neighbour equates to the degree of novelty.
The second approach to compute novelty relies on kterm hashing (Wurzer et. al, 2015), a recent advance in novelty detection that improved the efficiency by an order of magnitude without sacrificing effectiveness. Kterm hashing computes novelty non-comparatively. Instead of measuring similarity between documents, a single representation of previously seen information is constructed. For each document, all possible kterms are formed and hashed onto a Bloom Filter. Novelty is computed by the fraction of unseen kterms. Kterm hashing has the interesting characteristic of forming a collective 'memory', able to span all trusted resources. We exhaustively form kterm for all news articles and store their corresponding hash positions in a Bloom Filter. This filter then captures the combined information of all trusted resources. A single representation allows computing novelty with a single step, instead of comparing each social media message individually with all trusted resources.
When kterm hashing was introduced by Wurzer et. al (2015) for novelty detection on English tweets, they weighted all kterm uniformly. We found that treating all kterms as equally important, does not unlock the full potential of kterm hashing. Therefore, we additionally extract the top 10 keywords ranked by $tf.idf$ and build a separate set of kterms solely based on them. This allows us to compute a dedicated weight for kterms based on these top 10 keywords. The distinction in weights between kterms based on all versus keyword yields superior rumour detection quality, as described in section ""Feature analysis"" . This leaves us with a total of 6 novelty based features for kterm hashing - kterms of length 1 to 3 for all words and keywords.
Apart from novelty based features, we also apply a range of 51 context based features. The full list of features can be found in table 6 . The focus lies on features that can be computed instantly based only on the text of a message to keep the latency of our approach to a minimum. Most of these 51 features overlap with previous studies (Castillo et. al, 2011; Liu et. al, 2015; Qazvinian et. al, 2011; Yang et. al, 2012; Zhao et. al, 2015). This includes features based on the presence or number of URLs, hash-tags and user-names, POS tags, punctuation characters as well as 8 different categories of sentiment and emotions.
On the arrival of a new message from a stream, all its features are computed and linearly combined using weights obtained from an SVM classifier, yielding the rumour score. We then judge rumours based on an optimal threshold strategy for the rumour score.

## Pseudo Feedback
In addition to novelty based features we introduce another category of features - dubbed Pseudo-Feedback (PF) feature - to boost detection performance. The feature is conceptually related to pseudo relevance feedback found in retrieval and ranking tasks in IR. The concept builds upon the idea that documents, which reveal similar characteristics as previously detected rumours are also likely to be a rumour. During detection, feedback about which of the previous documents describes a rumour is not available. Therefore, we rely on 'pseudo' feedback and consider all documents whose rumour score exceeds a threshold as true rumours.
The PF feature describes the maximum similarity between a new document and those documents previously considered as rumour. Similarities are measured by vector proximity in term space. Conceptually, PF passes on evidence to repeated signals by increasing the rumour score of future documents if they are similar to a recently detected rumour. Note that this allows harnessing information from repeated signals without the need of operating retrospectively.
Training Pseudo Feedback Features
The trainings routine differs from the standard procedure, because the computation of the PF feature requires two training rounds as we require a model of all other features to identify 'pseudo' rumours. In a first training round a SVM is used to compute weights for all features in the trainings set, except the PF features. This provides a model for all but the PF features. Then the trainings set is processed to computing rumour scores based on the model obtained from our initial trainings round. This time, we additionally compute the PF feature value by measuring the minimum distance in term space between the current document vector and those previous documents, whose rumour score exceeds a previously defined threshold. Since we operate on a stream, the number of documents previously considered as rumours grows without bound. To keep operation constant in time and space, we only compare against the k most recent documents considered to be rumours. Once we obtained the value for the PF feature, we compute its weight using the SVM. The combination of the weight for the PF feature with the weights for all other features, obtained in the initial trainings round, resembles the final model.

## Experiments
The previous sections introduced two new categories of features for rumour detection. Now we test their performance and impact on detection effectiveness and efficiency. In a streaming setting, documents arrive on a continual basis one at a time. We require our features to compute a rumour-score instantaneously for each document in a single-pass over the data. Messages with high rumour scores are considered likely being rumours. The classification decision is based on an optimal thresholding strategy based on the trainings set.

## Evaluation metrics
We report accuracy to evaluate effectiveness, as is usual in the literature (Zhou et. al, 2015). Additionally we use the standard TDT evaluation procedure (Allan et. al, 2000; NIST, 2008) with the official TDT3 evaluation scripts (NIST, 2008) using standard settings. This procedure evaluates detection tasks using Detection Error Trade-off (DET) curves, which show the trade-off between miss and false alarm probability. By visualizing the full range of thresholds, DET plots provide a more comprehensive illustration of effectiveness than single value metrics (Allan et. al, 2000). We also evaluate the efficiency of computing the proposed features, measured by the throughput per second, when applied to a high number of messages.

## Data set
Rumour detection on social media is a novel research field without official data sets. Since licences agreements forbid redistribution of data, no data sets from previous publications are available. We therefore followed previous researchers like Liu et. al (2015) and Yang et. al (2012) and created our own dataset.
trusted resources: We randomly collected 200 news articles about broad topics commonly reported by news wires over our target time period. These range from news about celebrities and disasters to financial and political affairs as seen in table 1 . Since we operate on Chinese social media, we gathered news articles from Xinhua News Agency, the leading news-wire in China. To ensure a fair evaluation, we collected the news articles before judging rumours, not knowing which rumours we would find later on. We also only consider news articles published before the timestamps of the social media messages.
For our social media stream, we chose Sina Weibo, a Chinese social media service with more than 200 million active users. Micro-blogs from Sina Weibo are denoted as 'weibos'.
rumours: Sina Weibo offers an official rumour debunking service, operated by trained human professionals. Following Yang et. al (2012) and Zhou et. al (2015), we use this service to obtain a high quality set of 202 confirmed rumours.
non-rumours: We additionally gathered 202 non-rumours using the public Sina Weibo API. Three human annotators judged these weibos based on unanimous decision making to ensure that they don't contain rumours.
Since we operate in a streaming environment, all weibos are sorted based on their publication time-stamp. Table 3 shows a list of example for rumours found in our data set.
We ordered the rumours and non-rumours chronologically and divided them in half, forming a training and test set. We ensured that each of the sets consists of 50% rumours and non-rumours. This is important when effectiveness is measured by accuracy. All training and optimization use the trainings set. Performance is then reported based on a single run on the test set.

## Rumour detection effectiveness
To evaluate our new features for rumour detection, we compare them with two state-of-the-art early rumour detection baselines Liu et. al (2015) and Yang et. al (2012), which we re-implemented. We chose the algorithm by Yang et. al (2012), dubbed Yang, because they proposed a feature set for early detection tailored to Sina Weibo and were used as a state-of-the-art baseline before by Liu et. al (2015). The algorithm by Liu et. al (2015), dubbed Liu, is said to operate in real-time and outperformed Yang, when only considering features available on Twitter. Both apply various message-, user-, topic- and propagation-based features and rely on an SVM classifier which they also found to perform best. The approaches advertise themselves as suitable for early or real-time detection and performed rumour detection with the smallest latency across all published methods. Yang performs early rumour detection and operates with a delay of 24 hours. Liu is claimed to perform in real-time while, requiring a cluster of 5 repeated messages to judge them for rumours. Note that although these algorithm are state-of-the-art for detecting rumours as quickly as possible, they still require a certain delay to reach their full potential.
Table 2 compares the performance of our features with the two classifiers on the 101 rumours and 101 non-rumours of the test set, when detecting rumour instantly after their publication. The table reveals comparable accuracy for Yang and Liu at around 60%. Our observed performance of Yang matches those by Liu et. al (2015). Surprisingly, the algorithm Liu does not perform significantly better than Yang when applied to instantaneous rumour detection although they claimed to operate in real-time. Liu et. al (2015) report performance based on the first 5 messages which clearly outperforms Yang for early rumour detection. However, we find that when reducing the set from 5 to 1, their superiority is only marginal. In contrast, the combination of novelty and pseudo relevance based features performs significantly better (sign test with $p < 0.05$ ) than the baselines for instantaneous rumour detections. Novelty based features benefit from news articles as an external data source, which explains their superior performance. In particular for instantaneous rumour detection, where information can only be obtained from a single message, the use of external data proves to perform superior. Note that accuracy is a single value metric describing performance at an optimal threshold. Figure 1 compares the effectiveness of the three algorithms for the full range of rumour scores for instantaneous detection. Different applications require a different balance between miss and false alarm. But the DET curve shows that Liu’s method would be preferable over Yang for any application. Similarly, the plot reveals that our approach dominates both baselines throughout all threshold settings and for the high-recall region in particular.
When increasing the detection delay to 12 and 24 hours, all three algorithms reach comparable performance with no statistically significant difference, as seen in table 4. For our approach, none of the features are computed retrospectively, which explains why the performance does not change when increasing the detection delay. The additional time allows Liu and Yang to collect repeated signals, which improves their detection accuracy. After 24 hours Liu performs the highest due to its retrospectively computed features. Note that after 24 hours rumours might have already spread far through social networks and potentially caused harm.

## Feature analysis
We group our 57 features into 7 categories shown in Table 6 and analyse their contribution using feature ablation, as seen in Table 5 . Feature ablation illustrates the importance of a feature by measuring performance, when removing it from the set of features. Novelty related features based on kterm hashing were found to be dominant for instantaneous rumour detection $(p < 0.05)$ . 'Sentence char' features, which include punctuation, hashtags, user-symbols and URLs, contributed the most of the traditional features, followed by Part of Speech ('POS') and 'extreme word' features. Our experiments found 'sentiment' and 'emotion' based features to contribute the least. Since excluding them both results in a considerable drop of performance we conclude that they capture comparable information and therefore compensated for each other.
Novelty based Features
Novelty based features revealed the highest impact on detection performance. In particular kterms formed from the top keywords contribute the most. This is interesting, as when kterm hashing was introduced (Wurzer et. al, 2015), all kterms were considered as equally important. We found that prioritising certain kterms yields increased performance.
Interestingly, novelty based features computed by the vector similarity between weibos and news sub-documents perform slightly worse (-2% absolute). When striping all but the top tf-idf weighted terms from the news sub-documents, the hit in performance can be reduced to -1 % absolute. Kterm constructs a combined memory of all information presented to it. Pulling all information into a single representation bridges the gab between documents and allows finding information matches within documents. We hypothesize that this causes increased detection performance.
Pseudo Feedbaack
Features ablation revealed that pseudo feedback (PF) increased detection performance by 5.3% (relative). PF builds upon the output of the other features. High performance of the other features results in higher positive impact of PF. We want to further explore the behaviour of PF when other features perform badly in future studies.

## Detecting unpopular rumours
Previous approaches to rumour detection rely on repeated signals to form propagation graphs or clustering methods. Beside causing a detection delay these methods are also blind to less popular rumours that don't go viral. In contrast, novelty based feature require only a single message enabling them to detect even the smallest rumours. Examples for such small rumours are shown in table 3 .

## Efficiency and Scalability
To demonstrate the high efficiency of computing novelty and pseudo feedback features, we implement a rumour detection system and measure its throughput when applied to 100k weibos. We implement our system in C and run it using a single core on a 2.2GHz Intel Core i7-4702HQ. We measure the throughput on an idle machine and average the observed performance over 5 runs. Figure 2 presents performance when processing more and more weibos. The average throughput of our system is around 7,000 weibos per second, which clearly exceeds the average volume of the full Twitter (5,700 tweets/sec.) and Sina Weibo (1,200 weibos/sec.) stream. Since the number of news articles is relatively small, we find no difference in terms of efficiency between computing novelty features based on kterm hashing and vector similarity. Figure 2 also illustrates that our proposed features can be computed in constant time with respect to the number of messages processed. This is crucial to keep operation in a true streaming environment feasible. Approaches, whose runtime depend on the number of documents processed become progressively slower, which is inapplicable when operating on data streams. Our experiments show that the proposed features perform effectively and their efficiency allows them to detect rumours instantly after their publication.

## Conclusion
We introduced two new categories of features which significantly improve instantaneous rumour detection performance. Novelty based features consider the increased presence of unconfirmed information within a message with respect to trusted sources as an indication of being a rumour. Pseudo feedback features consider messages that are similar to previously detected rumours as more likely to also be a rumour. Pseudo feedback and its variant, recursive pseudo feedback, allow harnessing repeated signals without the need of operating retrospectively. Our evaluation showed that novelty and pseudo feedback based features perform significantly more effective than other real-time and early detection baselines, when detecting rumours instantly after their publication. This advantage vanishes when allowing an increased detection delay. We also showed that the proposed features can be computed efficiently enough to operate on the average Twitter and Sina Weibo stream while keeping time and space requirements constant.

Question: What is their evaluation metric?
JSON: [/INST]
[INST] ","































































































































































































","accuracy to evaluate effectiveness Detection Error Trade-off (DET) curves, which show the trade-off between miss and false alarm probability throughput per second | The metrics are accuracy, detection error trade-off curves and computing efficiency | accuracy Detection Error Trade-off (DET) curves efficiency of computing the proposed features, measured by the throughput per second | Accuracy compared to two state-of-the-art baselines"
8cbe3fa4ec0f66071e3d6b829b09b6395b631c44,"<s>
[INST] You are a precise scientific QA assistant. Use only the provided paper text. If the question is not answerable from the text, reply with answer 'UNANSWERABLE'.

Return a STRICT JSON object with keys exactly:
{ ""answer"": ""<string>"", ""evidence"": [""<verbatim span 1>"", ""<verbatim span 2>""] }
- 'answer' must be 1-3 sentences or 'UNANSWERABLE'.
- 'evidence' must be 0-5 verbatim snippets copied from the paper text (no paraphrases).
No extra commentary.

Paper title: Spotting Rumors via Novelty Detection

Paper text:
# Spotting Rumors via Novelty Detection

## Abstract
Rumour detection is hard because the most accurate systems operate retrospectively, only recognising rumours once they have collected repeated signals. By then the rumours might have already spread and caused harm. We introduce a new category of features based on novelty, tailored to detect rumours early on. To compensate for the absence of repeated signals, we make use of news wire as an additional data source. Unconfirmed (novel) information with respect to the news articles is considered as an indication of rumours. Additionally we introduce pseudo feedback, which assumes that documents that are similar to previous rumours, are more likely to also be a rumour. Comparison with other real-time approaches shows that novelty based features in conjunction with pseudo feedback perform significantly better, when detecting rumours instantly after their publication.

## Introduction
Social Media has evolved from friendship based networks to become a major source for the consumption of news (NIST, 2008). On social media, news is decentralised as it provides everyone the means to efficiently report and spread information. In contrast to traditional news wire, information on social media is spread without intensive investigation, fact and background checking. The combination of ease and fast pace of sharing information provides a fertile breeding ground for rumours, false- and disinformation. Social media users tend to share controversial information in-order to verify it, while asking about for the opinions of their followers (Zhao et. al, 2015). This further amplifies the pace of a rumour's spread and reach. Rumours and deliberate disinformation have already caused panic and influenced public opinion.
The cases in Germany and Austria in 2016, show how misleading and false information about crimes committed by refugees negatively influenced the opinion of citizens.
Detecting these rumours allows debunking them to prevent them from further spreading and causing harm. The further a rumour has spread, the more likely it is to be debunked by users or traditional media (Liu et. al, 2015). However, by then rumours might have already caused harm. This highlights the importance and necessity of recognizing rumours as early as possible - preferably instantaneously.
Rumour detection on social media is challenging due to the short texts, creative lexical variations and high volume of the streams. The task becomes even harder if we attempt to perform rumour detection on-the-fly, without looking into the future. We provide an effective and highly scalable approach to detect rumours instantly after they were posted with zero delay. We introduce a new features category called novelty based features. Novelty based features compensate the absence of repeated information by consulting additional data sources - news wire articles. We hypothesize that information not confirmed by official news is an indication of rumours. Additionally we introduce pseudo feedback for classification. In a nutshell, documents that are similar to previously detected rumours are considered to be more likely to also be a rumour. The proposed features can be computed in constant time and space allowing us to process high-volume streams in real-time (Muthukrishnan, 2005). Our experiments reveal that novelty based features and pseudo feedback significantly increases detection performance for early rumour detection.
The contributions of this paper include:
Novelty based Features
We introduced a new category of features for instant rumour detection that harnesses trusted resources. Unconfirmed (novel) information with respect to trusted resources is considered as an indication of rumours.
Pseudo Feedback for Detection/Classification
Pseudo feedback increases detection accuracy by harnessing repeated signals, without the need of retrospective operation.

## Related Work
Before rumour detection, scientists already studied the related problem of information credibility evaluation (Castillo et. al. 2011; Richardson et. al, 2003). Recently, automated rumour detection on social media evolved into a popular research field which also relies on assessing the credibility of messages and their sources. The most successful methods proposed focus on classification harnessing lexical, user-centric, propagation-based (Wu et. al, 2015) and cluster-based (Cai et. al, 2014; Liu et. al, 2015; Zhao et. al, 2015) features.
Many of these context based features originate from a study by Castillo et. al (2011), which pioneered in engineering features for credibility assessment on Twitter (Liu et. al, 2015). They observed a significant correlation between the trustworthiness of a tweet with context-based characteristics including hashtags, punctuation characters and sentiment polarity. When assessing the credibility of a tweet, they also assessed the source of its information by constructing features based on provided URLs as well as user based features like the activeness of the user and social graph based features like the frequency of re-tweets. A comprehensive study by Castillo et. al (2011) of information credibility assessment widely influenced recent research on rumour detection, whose main focuses lies upon improving detection quality.
While studying the trustworthiness of tweets during crises, Mendoza et. al (2010) found that the topology of a distrustful tweet's propagation pattern differs from those of news and normal tweets. These findings along with the fact that rumours tend to more likely be questioned by responses than news paved the way for future research examining propagation graphs and clustering methods (Cai et. al, 2014; Zhao et. al, 2015). The majority of current research focuses on improving the accuracy of classifiers through new features based on clustering (Cai et. al, 2014; Zhao et. al, 2015), sentiment analysis (Qazvinian et. al, 2011; Wu et. al, 2015) as well as propagation graphs (Kwon, et. al, 2013; Wang et. al, 2015).
Recent research mainly focuses on further improving the quality of rumour detection while neglecting the increasing delay between the publication and detection of a rumour. The motivation for rumour detection lies in debunking them to prevent them from spreading and causing harm. Unfortunately, state-of-the-art systems operate in a retrospective manner, meaning they detect rumours long after they have spread. The most accurate systems rely on features based on propagation graphs and clustering techniques. These features can only detect rumours after the rumours have spread and already caused harm.
Therefore, researchers like Liu et. al (2015), Wu et. al (2015), Zhao et. al (2015) and Zhou et. al (2015) focus on 'early rumour-detection' while allowing a delay up to 24 hours. Their focus on latency aware rumour detection makes their approaches conceptually related to ours. Zhao et. al (1015) found clustering tweets containing enquiry patterns as an indication of rumours. Also clustering tweets by keywords and subsequently judging rumours using an ensemble model that combine user, propagation and content-based features proved to be effective (Zhou et. al, 2015). Although the computation of their features is efficient, the need for repeated mentions in the form of response by other users results in increased latency between publication and detection. The approach with the lowest latency banks on the 'wisdom of the crowd' (Liu et. al, 2015). In addition to traditional context and user based features they also rely on clustering micro-blogs by their topicality to identify conflicting claims, which indicate increased likelihood of rumours. Although they claim to operate in real-time, they require a cluster of at least 5 messages to detect a rumour.
In contrast, we introduce new features to detect rumours as early as possible - preferably instantly, allowing them to be debunked before they spread and cause harm.

## Rumour Detection
Rumour detection is a challenging task, as it requires determining the truth of information (Zhao et. al, 2015). The Cambridge dictionary, defines a rumour as information of doubtful or unconfirmed truth. We rely on classification using an SVM, which is the state-of-the-art approach for novelty detection. Numerous features have been proposed for rumour detection on social media, many of which originate from an original study on information credibility by Castillo et. al (2011). Unfortunately, the currently most successful features rely on information based on graph propagation and clustering, which can only be computed retrospectively. This renders them close to useless when detecting rumours early on. We introduce two new classes of features, one based on novelty, the other on pseudo feedback. Both feature categories improve detection accuracy early on, when information is limited.

## Problem Statement
We frame the Real-time Rumour Detection task as a classification problem that assesses a document's likelihood of becoming a future rumour at the time of its publication. Consequently, prediction takes place in real-time with a single pass over the data.
More formally, we denote by $d_t$ the document that arrives from stream $S:\lbrace d_0, d_1, . . . d_n\rbrace $ at time $t$ . Upon arrival of document $d_t$ we compute its corresponding feature vector $f_{d,t}$ . Given $f_{d,t}$ and the previously obtained weigh vector $w$ we compute the rumour score $RS_{d,t} = w^T \times f_{d,t}$ . The rumour prediction is based on a fixed thresholding strategy with respect to $\theta $ . We predict that message $d_t$ is likely to become a rumour if its rumour score exceeds the detection threshold $S:\lbrace d_0, d_1, . . . d_n\rbrace $0 . The optimal parameter setting for weight vector $S:\lbrace d_0, d_1, . . . d_n\rbrace $1 and detection threshold $S:\lbrace d_0, d_1, . . . d_n\rbrace $2 are learned on a test to maximise prediction accuracy.

## Novelty-based Features
To increase instantaneous detection performance, we compensate for the absence of future information by consulting additional data sources. In particular, we make use of news wire articles, which are considered to be of high credibility. This is reasonable as according to Petrovic et. al (2013), in the majority of cases, news wires lead social media for reporting news. When a message arrives from a social media stream, we build features based on its novelty with respect to the confirmed information in the trusted sources. In a nutshell, the presence of information unconfirmed by the official media is construed as an indication of being a rumour. Note that this closely resembles the definition of what a rumour is.

## Novelty Feature Construction
High volume streams demand highly efficient feature computation. This applies in particular to novelty based features since they can be computationally expensive. We explore two approaches to novelty computation: one based on vector proximity, the other on kterm hashing.
Computing novelty based on traditional vector proximity alone does not yield adequate performance due to the length discrepancy between news wire articles and social media messages. To make vector proximity applicable, we slide a term-level based window, whose length resembles the average social media message length, through each of the news articles. This results in sub-documents whose length resembles those of social media messages. Novelty is computed using term weighted tf-idf dot products between the social media message and all news sub-documents. The inverse of the minimum similarity to the nearest neighbour equates to the degree of novelty.
The second approach to compute novelty relies on kterm hashing (Wurzer et. al, 2015), a recent advance in novelty detection that improved the efficiency by an order of magnitude without sacrificing effectiveness. Kterm hashing computes novelty non-comparatively. Instead of measuring similarity between documents, a single representation of previously seen information is constructed. For each document, all possible kterms are formed and hashed onto a Bloom Filter. Novelty is computed by the fraction of unseen kterms. Kterm hashing has the interesting characteristic of forming a collective 'memory', able to span all trusted resources. We exhaustively form kterm for all news articles and store their corresponding hash positions in a Bloom Filter. This filter then captures the combined information of all trusted resources. A single representation allows computing novelty with a single step, instead of comparing each social media message individually with all trusted resources.
When kterm hashing was introduced by Wurzer et. al (2015) for novelty detection on English tweets, they weighted all kterm uniformly. We found that treating all kterms as equally important, does not unlock the full potential of kterm hashing. Therefore, we additionally extract the top 10 keywords ranked by $tf.idf$ and build a separate set of kterms solely based on them. This allows us to compute a dedicated weight for kterms based on these top 10 keywords. The distinction in weights between kterms based on all versus keyword yields superior rumour detection quality, as described in section ""Feature analysis"" . This leaves us with a total of 6 novelty based features for kterm hashing - kterms of length 1 to 3 for all words and keywords.
Apart from novelty based features, we also apply a range of 51 context based features. The full list of features can be found in table 6 . The focus lies on features that can be computed instantly based only on the text of a message to keep the latency of our approach to a minimum. Most of these 51 features overlap with previous studies (Castillo et. al, 2011; Liu et. al, 2015; Qazvinian et. al, 2011; Yang et. al, 2012; Zhao et. al, 2015). This includes features based on the presence or number of URLs, hash-tags and user-names, POS tags, punctuation characters as well as 8 different categories of sentiment and emotions.
On the arrival of a new message from a stream, all its features are computed and linearly combined using weights obtained from an SVM classifier, yielding the rumour score. We then judge rumours based on an optimal threshold strategy for the rumour score.

## Pseudo Feedback
In addition to novelty based features we introduce another category of features - dubbed Pseudo-Feedback (PF) feature - to boost detection performance. The feature is conceptually related to pseudo relevance feedback found in retrieval and ranking tasks in IR. The concept builds upon the idea that documents, which reveal similar characteristics as previously detected rumours are also likely to be a rumour. During detection, feedback about which of the previous documents describes a rumour is not available. Therefore, we rely on 'pseudo' feedback and consider all documents whose rumour score exceeds a threshold as true rumours.
The PF feature describes the maximum similarity between a new document and those documents previously considered as rumour. Similarities are measured by vector proximity in term space. Conceptually, PF passes on evidence to repeated signals by increasing the rumour score of future documents if they are similar to a recently detected rumour. Note that this allows harnessing information from repeated signals without the need of operating retrospectively.
Training Pseudo Feedback Features
The trainings routine differs from the standard procedure, because the computation of the PF feature requires two training rounds as we require a model of all other features to identify 'pseudo' rumours. In a first training round a SVM is used to compute weights for all features in the trainings set, except the PF features. This provides a model for all but the PF features. Then the trainings set is processed to computing rumour scores based on the model obtained from our initial trainings round. This time, we additionally compute the PF feature value by measuring the minimum distance in term space between the current document vector and those previous documents, whose rumour score exceeds a previously defined threshold. Since we operate on a stream, the number of documents previously considered as rumours grows without bound. To keep operation constant in time and space, we only compare against the k most recent documents considered to be rumours. Once we obtained the value for the PF feature, we compute its weight using the SVM. The combination of the weight for the PF feature with the weights for all other features, obtained in the initial trainings round, resembles the final model.

## Experiments
The previous sections introduced two new categories of features for rumour detection. Now we test their performance and impact on detection effectiveness and efficiency. In a streaming setting, documents arrive on a continual basis one at a time. We require our features to compute a rumour-score instantaneously for each document in a single-pass over the data. Messages with high rumour scores are considered likely being rumours. The classification decision is based on an optimal thresholding strategy based on the trainings set.

## Evaluation metrics
We report accuracy to evaluate effectiveness, as is usual in the literature (Zhou et. al, 2015). Additionally we use the standard TDT evaluation procedure (Allan et. al, 2000; NIST, 2008) with the official TDT3 evaluation scripts (NIST, 2008) using standard settings. This procedure evaluates detection tasks using Detection Error Trade-off (DET) curves, which show the trade-off between miss and false alarm probability. By visualizing the full range of thresholds, DET plots provide a more comprehensive illustration of effectiveness than single value metrics (Allan et. al, 2000). We also evaluate the efficiency of computing the proposed features, measured by the throughput per second, when applied to a high number of messages.

## Data set
Rumour detection on social media is a novel research field without official data sets. Since licences agreements forbid redistribution of data, no data sets from previous publications are available. We therefore followed previous researchers like Liu et. al (2015) and Yang et. al (2012) and created our own dataset.
trusted resources: We randomly collected 200 news articles about broad topics commonly reported by news wires over our target time period. These range from news about celebrities and disasters to financial and political affairs as seen in table 1 . Since we operate on Chinese social media, we gathered news articles from Xinhua News Agency, the leading news-wire in China. To ensure a fair evaluation, we collected the news articles before judging rumours, not knowing which rumours we would find later on. We also only consider news articles published before the timestamps of the social media messages.
For our social media stream, we chose Sina Weibo, a Chinese social media service with more than 200 million active users. Micro-blogs from Sina Weibo are denoted as 'weibos'.
rumours: Sina Weibo offers an official rumour debunking service, operated by trained human professionals. Following Yang et. al (2012) and Zhou et. al (2015), we use this service to obtain a high quality set of 202 confirmed rumours.
non-rumours: We additionally gathered 202 non-rumours using the public Sina Weibo API. Three human annotators judged these weibos based on unanimous decision making to ensure that they don't contain rumours.
Since we operate in a streaming environment, all weibos are sorted based on their publication time-stamp. Table 3 shows a list of example for rumours found in our data set.
We ordered the rumours and non-rumours chronologically and divided them in half, forming a training and test set. We ensured that each of the sets consists of 50% rumours and non-rumours. This is important when effectiveness is measured by accuracy. All training and optimization use the trainings set. Performance is then reported based on a single run on the test set.

## Rumour detection effectiveness
To evaluate our new features for rumour detection, we compare them with two state-of-the-art early rumour detection baselines Liu et. al (2015) and Yang et. al (2012), which we re-implemented. We chose the algorithm by Yang et. al (2012), dubbed Yang, because they proposed a feature set for early detection tailored to Sina Weibo and were used as a state-of-the-art baseline before by Liu et. al (2015). The algorithm by Liu et. al (2015), dubbed Liu, is said to operate in real-time and outperformed Yang, when only considering features available on Twitter. Both apply various message-, user-, topic- and propagation-based features and rely on an SVM classifier which they also found to perform best. The approaches advertise themselves as suitable for early or real-time detection and performed rumour detection with the smallest latency across all published methods. Yang performs early rumour detection and operates with a delay of 24 hours. Liu is claimed to perform in real-time while, requiring a cluster of 5 repeated messages to judge them for rumours. Note that although these algorithm are state-of-the-art for detecting rumours as quickly as possible, they still require a certain delay to reach their full potential.
Table 2 compares the performance of our features with the two classifiers on the 101 rumours and 101 non-rumours of the test set, when detecting rumour instantly after their publication. The table reveals comparable accuracy for Yang and Liu at around 60%. Our observed performance of Yang matches those by Liu et. al (2015). Surprisingly, the algorithm Liu does not perform significantly better than Yang when applied to instantaneous rumour detection although they claimed to operate in real-time. Liu et. al (2015) report performance based on the first 5 messages which clearly outperforms Yang for early rumour detection. However, we find that when reducing the set from 5 to 1, their superiority is only marginal. In contrast, the combination of novelty and pseudo relevance based features performs significantly better (sign test with $p < 0.05$ ) than the baselines for instantaneous rumour detections. Novelty based features benefit from news articles as an external data source, which explains their superior performance. In particular for instantaneous rumour detection, where information can only be obtained from a single message, the use of external data proves to perform superior. Note that accuracy is a single value metric describing performance at an optimal threshold. Figure 1 compares the effectiveness of the three algorithms for the full range of rumour scores for instantaneous detection. Different applications require a different balance between miss and false alarm. But the DET curve shows that Liu’s method would be preferable over Yang for any application. Similarly, the plot reveals that our approach dominates both baselines throughout all threshold settings and for the high-recall region in particular.
When increasing the detection delay to 12 and 24 hours, all three algorithms reach comparable performance with no statistically significant difference, as seen in table 4. For our approach, none of the features are computed retrospectively, which explains why the performance does not change when increasing the detection delay. The additional time allows Liu and Yang to collect repeated signals, which improves their detection accuracy. After 24 hours Liu performs the highest due to its retrospectively computed features. Note that after 24 hours rumours might have already spread far through social networks and potentially caused harm.

## Feature analysis
We group our 57 features into 7 categories shown in Table 6 and analyse their contribution using feature ablation, as seen in Table 5 . Feature ablation illustrates the importance of a feature by measuring performance, when removing it from the set of features. Novelty related features based on kterm hashing were found to be dominant for instantaneous rumour detection $(p < 0.05)$ . 'Sentence char' features, which include punctuation, hashtags, user-symbols and URLs, contributed the most of the traditional features, followed by Part of Speech ('POS') and 'extreme word' features. Our experiments found 'sentiment' and 'emotion' based features to contribute the least. Since excluding them both results in a considerable drop of performance we conclude that they capture comparable information and therefore compensated for each other.
Novelty based Features
Novelty based features revealed the highest impact on detection performance. In particular kterms formed from the top keywords contribute the most. This is interesting, as when kterm hashing was introduced (Wurzer et. al, 2015), all kterms were considered as equally important. We found that prioritising certain kterms yields increased performance.
Interestingly, novelty based features computed by the vector similarity between weibos and news sub-documents perform slightly worse (-2% absolute). When striping all but the top tf-idf weighted terms from the news sub-documents, the hit in performance can be reduced to -1 % absolute. Kterm constructs a combined memory of all information presented to it. Pulling all information into a single representation bridges the gab between documents and allows finding information matches within documents. We hypothesize that this causes increased detection performance.
Pseudo Feedbaack
Features ablation revealed that pseudo feedback (PF) increased detection performance by 5.3% (relative). PF builds upon the output of the other features. High performance of the other features results in higher positive impact of PF. We want to further explore the behaviour of PF when other features perform badly in future studies.

## Detecting unpopular rumours
Previous approaches to rumour detection rely on repeated signals to form propagation graphs or clustering methods. Beside causing a detection delay these methods are also blind to less popular rumours that don't go viral. In contrast, novelty based feature require only a single message enabling them to detect even the smallest rumours. Examples for such small rumours are shown in table 3 .

## Efficiency and Scalability
To demonstrate the high efficiency of computing novelty and pseudo feedback features, we implement a rumour detection system and measure its throughput when applied to 100k weibos. We implement our system in C and run it using a single core on a 2.2GHz Intel Core i7-4702HQ. We measure the throughput on an idle machine and average the observed performance over 5 runs. Figure 2 presents performance when processing more and more weibos. The average throughput of our system is around 7,000 weibos per second, which clearly exceeds the average volume of the full Twitter (5,700 tweets/sec.) and Sina Weibo (1,200 weibos/sec.) stream. Since the number of news articles is relatively small, we find no difference in terms of efficiency between computing novelty features based on kterm hashing and vector similarity. Figure 2 also illustrates that our proposed features can be computed in constant time with respect to the number of messages processed. This is crucial to keep operation in a true streaming environment feasible. Approaches, whose runtime depend on the number of documents processed become progressively slower, which is inapplicable when operating on data streams. Our experiments show that the proposed features perform effectively and their efficiency allows them to detect rumours instantly after their publication.

## Conclusion
We introduced two new categories of features which significantly improve instantaneous rumour detection performance. Novelty based features consider the increased presence of unconfirmed information within a message with respect to trusted sources as an indication of being a rumour. Pseudo feedback features consider messages that are similar to previously detected rumours as more likely to also be a rumour. Pseudo feedback and its variant, recursive pseudo feedback, allow harnessing repeated signals without the need of operating retrospectively. Our evaluation showed that novelty and pseudo feedback based features perform significantly more effective than other real-time and early detection baselines, when detecting rumours instantly after their publication. This advantage vanishes when allowing an increased detection delay. We also showed that the proposed features can be computed efficiently enough to operate on the average Twitter and Sina Weibo stream while keeping time and space requirements constant.

Question: Are their methods fully supervised?
JSON: [/INST]
[INST] ","































































































































































































",No. They additionally use similarity to previously detected rumors to make the decision of whether a document is likely to be a rumor
85e417231a4bbb6691f7a89bd81710525f8fec4c,"<s>
[INST] You are a precise scientific QA assistant. Use only the provided paper text. If the question is not answerable from the text, reply with answer 'UNANSWERABLE'.

Return a STRICT JSON object with keys exactly:
{ ""answer"": ""<string>"", ""evidence"": [""<verbatim span 1>"", ""<verbatim span 2>""] }
- 'answer' must be 1-3 sentences or 'UNANSWERABLE'.
- 'evidence' must be 0-5 verbatim snippets copied from the paper text (no paraphrases).
No extra commentary.

Paper title: Spotting Rumors via Novelty Detection

Paper text:
# Spotting Rumors via Novelty Detection

## Abstract
Rumour detection is hard because the most accurate systems operate retrospectively, only recognising rumours once they have collected repeated signals. By then the rumours might have already spread and caused harm. We introduce a new category of features based on novelty, tailored to detect rumours early on. To compensate for the absence of repeated signals, we make use of news wire as an additional data source. Unconfirmed (novel) information with respect to the news articles is considered as an indication of rumours. Additionally we introduce pseudo feedback, which assumes that documents that are similar to previous rumours, are more likely to also be a rumour. Comparison with other real-time approaches shows that novelty based features in conjunction with pseudo feedback perform significantly better, when detecting rumours instantly after their publication.

## Introduction
Social Media has evolved from friendship based networks to become a major source for the consumption of news (NIST, 2008). On social media, news is decentralised as it provides everyone the means to efficiently report and spread information. In contrast to traditional news wire, information on social media is spread without intensive investigation, fact and background checking. The combination of ease and fast pace of sharing information provides a fertile breeding ground for rumours, false- and disinformation. Social media users tend to share controversial information in-order to verify it, while asking about for the opinions of their followers (Zhao et. al, 2015). This further amplifies the pace of a rumour's spread and reach. Rumours and deliberate disinformation have already caused panic and influenced public opinion.
The cases in Germany and Austria in 2016, show how misleading and false information about crimes committed by refugees negatively influenced the opinion of citizens.
Detecting these rumours allows debunking them to prevent them from further spreading and causing harm. The further a rumour has spread, the more likely it is to be debunked by users or traditional media (Liu et. al, 2015). However, by then rumours might have already caused harm. This highlights the importance and necessity of recognizing rumours as early as possible - preferably instantaneously.
Rumour detection on social media is challenging due to the short texts, creative lexical variations and high volume of the streams. The task becomes even harder if we attempt to perform rumour detection on-the-fly, without looking into the future. We provide an effective and highly scalable approach to detect rumours instantly after they were posted with zero delay. We introduce a new features category called novelty based features. Novelty based features compensate the absence of repeated information by consulting additional data sources - news wire articles. We hypothesize that information not confirmed by official news is an indication of rumours. Additionally we introduce pseudo feedback for classification. In a nutshell, documents that are similar to previously detected rumours are considered to be more likely to also be a rumour. The proposed features can be computed in constant time and space allowing us to process high-volume streams in real-time (Muthukrishnan, 2005). Our experiments reveal that novelty based features and pseudo feedback significantly increases detection performance for early rumour detection.
The contributions of this paper include:
Novelty based Features
We introduced a new category of features for instant rumour detection that harnesses trusted resources. Unconfirmed (novel) information with respect to trusted resources is considered as an indication of rumours.
Pseudo Feedback for Detection/Classification
Pseudo feedback increases detection accuracy by harnessing repeated signals, without the need of retrospective operation.

## Related Work
Before rumour detection, scientists already studied the related problem of information credibility evaluation (Castillo et. al. 2011; Richardson et. al, 2003). Recently, automated rumour detection on social media evolved into a popular research field which also relies on assessing the credibility of messages and their sources. The most successful methods proposed focus on classification harnessing lexical, user-centric, propagation-based (Wu et. al, 2015) and cluster-based (Cai et. al, 2014; Liu et. al, 2015; Zhao et. al, 2015) features.
Many of these context based features originate from a study by Castillo et. al (2011), which pioneered in engineering features for credibility assessment on Twitter (Liu et. al, 2015). They observed a significant correlation between the trustworthiness of a tweet with context-based characteristics including hashtags, punctuation characters and sentiment polarity. When assessing the credibility of a tweet, they also assessed the source of its information by constructing features based on provided URLs as well as user based features like the activeness of the user and social graph based features like the frequency of re-tweets. A comprehensive study by Castillo et. al (2011) of information credibility assessment widely influenced recent research on rumour detection, whose main focuses lies upon improving detection quality.
While studying the trustworthiness of tweets during crises, Mendoza et. al (2010) found that the topology of a distrustful tweet's propagation pattern differs from those of news and normal tweets. These findings along with the fact that rumours tend to more likely be questioned by responses than news paved the way for future research examining propagation graphs and clustering methods (Cai et. al, 2014; Zhao et. al, 2015). The majority of current research focuses on improving the accuracy of classifiers through new features based on clustering (Cai et. al, 2014; Zhao et. al, 2015), sentiment analysis (Qazvinian et. al, 2011; Wu et. al, 2015) as well as propagation graphs (Kwon, et. al, 2013; Wang et. al, 2015).
Recent research mainly focuses on further improving the quality of rumour detection while neglecting the increasing delay between the publication and detection of a rumour. The motivation for rumour detection lies in debunking them to prevent them from spreading and causing harm. Unfortunately, state-of-the-art systems operate in a retrospective manner, meaning they detect rumours long after they have spread. The most accurate systems rely on features based on propagation graphs and clustering techniques. These features can only detect rumours after the rumours have spread and already caused harm.
Therefore, researchers like Liu et. al (2015), Wu et. al (2015), Zhao et. al (2015) and Zhou et. al (2015) focus on 'early rumour-detection' while allowing a delay up to 24 hours. Their focus on latency aware rumour detection makes their approaches conceptually related to ours. Zhao et. al (1015) found clustering tweets containing enquiry patterns as an indication of rumours. Also clustering tweets by keywords and subsequently judging rumours using an ensemble model that combine user, propagation and content-based features proved to be effective (Zhou et. al, 2015). Although the computation of their features is efficient, the need for repeated mentions in the form of response by other users results in increased latency between publication and detection. The approach with the lowest latency banks on the 'wisdom of the crowd' (Liu et. al, 2015). In addition to traditional context and user based features they also rely on clustering micro-blogs by their topicality to identify conflicting claims, which indicate increased likelihood of rumours. Although they claim to operate in real-time, they require a cluster of at least 5 messages to detect a rumour.
In contrast, we introduce new features to detect rumours as early as possible - preferably instantly, allowing them to be debunked before they spread and cause harm.

## Rumour Detection
Rumour detection is a challenging task, as it requires determining the truth of information (Zhao et. al, 2015). The Cambridge dictionary, defines a rumour as information of doubtful or unconfirmed truth. We rely on classification using an SVM, which is the state-of-the-art approach for novelty detection. Numerous features have been proposed for rumour detection on social media, many of which originate from an original study on information credibility by Castillo et. al (2011). Unfortunately, the currently most successful features rely on information based on graph propagation and clustering, which can only be computed retrospectively. This renders them close to useless when detecting rumours early on. We introduce two new classes of features, one based on novelty, the other on pseudo feedback. Both feature categories improve detection accuracy early on, when information is limited.

## Problem Statement
We frame the Real-time Rumour Detection task as a classification problem that assesses a document's likelihood of becoming a future rumour at the time of its publication. Consequently, prediction takes place in real-time with a single pass over the data.
More formally, we denote by $d_t$ the document that arrives from stream $S:\lbrace d_0, d_1, . . . d_n\rbrace $ at time $t$ . Upon arrival of document $d_t$ we compute its corresponding feature vector $f_{d,t}$ . Given $f_{d,t}$ and the previously obtained weigh vector $w$ we compute the rumour score $RS_{d,t} = w^T \times f_{d,t}$ . The rumour prediction is based on a fixed thresholding strategy with respect to $\theta $ . We predict that message $d_t$ is likely to become a rumour if its rumour score exceeds the detection threshold $S:\lbrace d_0, d_1, . . . d_n\rbrace $0 . The optimal parameter setting for weight vector $S:\lbrace d_0, d_1, . . . d_n\rbrace $1 and detection threshold $S:\lbrace d_0, d_1, . . . d_n\rbrace $2 are learned on a test to maximise prediction accuracy.

## Novelty-based Features
To increase instantaneous detection performance, we compensate for the absence of future information by consulting additional data sources. In particular, we make use of news wire articles, which are considered to be of high credibility. This is reasonable as according to Petrovic et. al (2013), in the majority of cases, news wires lead social media for reporting news. When a message arrives from a social media stream, we build features based on its novelty with respect to the confirmed information in the trusted sources. In a nutshell, the presence of information unconfirmed by the official media is construed as an indication of being a rumour. Note that this closely resembles the definition of what a rumour is.

## Novelty Feature Construction
High volume streams demand highly efficient feature computation. This applies in particular to novelty based features since they can be computationally expensive. We explore two approaches to novelty computation: one based on vector proximity, the other on kterm hashing.
Computing novelty based on traditional vector proximity alone does not yield adequate performance due to the length discrepancy between news wire articles and social media messages. To make vector proximity applicable, we slide a term-level based window, whose length resembles the average social media message length, through each of the news articles. This results in sub-documents whose length resembles those of social media messages. Novelty is computed using term weighted tf-idf dot products between the social media message and all news sub-documents. The inverse of the minimum similarity to the nearest neighbour equates to the degree of novelty.
The second approach to compute novelty relies on kterm hashing (Wurzer et. al, 2015), a recent advance in novelty detection that improved the efficiency by an order of magnitude without sacrificing effectiveness. Kterm hashing computes novelty non-comparatively. Instead of measuring similarity between documents, a single representation of previously seen information is constructed. For each document, all possible kterms are formed and hashed onto a Bloom Filter. Novelty is computed by the fraction of unseen kterms. Kterm hashing has the interesting characteristic of forming a collective 'memory', able to span all trusted resources. We exhaustively form kterm for all news articles and store their corresponding hash positions in a Bloom Filter. This filter then captures the combined information of all trusted resources. A single representation allows computing novelty with a single step, instead of comparing each social media message individually with all trusted resources.
When kterm hashing was introduced by Wurzer et. al (2015) for novelty detection on English tweets, they weighted all kterm uniformly. We found that treating all kterms as equally important, does not unlock the full potential of kterm hashing. Therefore, we additionally extract the top 10 keywords ranked by $tf.idf$ and build a separate set of kterms solely based on them. This allows us to compute a dedicated weight for kterms based on these top 10 keywords. The distinction in weights between kterms based on all versus keyword yields superior rumour detection quality, as described in section ""Feature analysis"" . This leaves us with a total of 6 novelty based features for kterm hashing - kterms of length 1 to 3 for all words and keywords.
Apart from novelty based features, we also apply a range of 51 context based features. The full list of features can be found in table 6 . The focus lies on features that can be computed instantly based only on the text of a message to keep the latency of our approach to a minimum. Most of these 51 features overlap with previous studies (Castillo et. al, 2011; Liu et. al, 2015; Qazvinian et. al, 2011; Yang et. al, 2012; Zhao et. al, 2015). This includes features based on the presence or number of URLs, hash-tags and user-names, POS tags, punctuation characters as well as 8 different categories of sentiment and emotions.
On the arrival of a new message from a stream, all its features are computed and linearly combined using weights obtained from an SVM classifier, yielding the rumour score. We then judge rumours based on an optimal threshold strategy for the rumour score.

## Pseudo Feedback
In addition to novelty based features we introduce another category of features - dubbed Pseudo-Feedback (PF) feature - to boost detection performance. The feature is conceptually related to pseudo relevance feedback found in retrieval and ranking tasks in IR. The concept builds upon the idea that documents, which reveal similar characteristics as previously detected rumours are also likely to be a rumour. During detection, feedback about which of the previous documents describes a rumour is not available. Therefore, we rely on 'pseudo' feedback and consider all documents whose rumour score exceeds a threshold as true rumours.
The PF feature describes the maximum similarity between a new document and those documents previously considered as rumour. Similarities are measured by vector proximity in term space. Conceptually, PF passes on evidence to repeated signals by increasing the rumour score of future documents if they are similar to a recently detected rumour. Note that this allows harnessing information from repeated signals without the need of operating retrospectively.
Training Pseudo Feedback Features
The trainings routine differs from the standard procedure, because the computation of the PF feature requires two training rounds as we require a model of all other features to identify 'pseudo' rumours. In a first training round a SVM is used to compute weights for all features in the trainings set, except the PF features. This provides a model for all but the PF features. Then the trainings set is processed to computing rumour scores based on the model obtained from our initial trainings round. This time, we additionally compute the PF feature value by measuring the minimum distance in term space between the current document vector and those previous documents, whose rumour score exceeds a previously defined threshold. Since we operate on a stream, the number of documents previously considered as rumours grows without bound. To keep operation constant in time and space, we only compare against the k most recent documents considered to be rumours. Once we obtained the value for the PF feature, we compute its weight using the SVM. The combination of the weight for the PF feature with the weights for all other features, obtained in the initial trainings round, resembles the final model.

## Experiments
The previous sections introduced two new categories of features for rumour detection. Now we test their performance and impact on detection effectiveness and efficiency. In a streaming setting, documents arrive on a continual basis one at a time. We require our features to compute a rumour-score instantaneously for each document in a single-pass over the data. Messages with high rumour scores are considered likely being rumours. The classification decision is based on an optimal thresholding strategy based on the trainings set.

## Evaluation metrics
We report accuracy to evaluate effectiveness, as is usual in the literature (Zhou et. al, 2015). Additionally we use the standard TDT evaluation procedure (Allan et. al, 2000; NIST, 2008) with the official TDT3 evaluation scripts (NIST, 2008) using standard settings. This procedure evaluates detection tasks using Detection Error Trade-off (DET) curves, which show the trade-off between miss and false alarm probability. By visualizing the full range of thresholds, DET plots provide a more comprehensive illustration of effectiveness than single value metrics (Allan et. al, 2000). We also evaluate the efficiency of computing the proposed features, measured by the throughput per second, when applied to a high number of messages.

## Data set
Rumour detection on social media is a novel research field without official data sets. Since licences agreements forbid redistribution of data, no data sets from previous publications are available. We therefore followed previous researchers like Liu et. al (2015) and Yang et. al (2012) and created our own dataset.
trusted resources: We randomly collected 200 news articles about broad topics commonly reported by news wires over our target time period. These range from news about celebrities and disasters to financial and political affairs as seen in table 1 . Since we operate on Chinese social media, we gathered news articles from Xinhua News Agency, the leading news-wire in China. To ensure a fair evaluation, we collected the news articles before judging rumours, not knowing which rumours we would find later on. We also only consider news articles published before the timestamps of the social media messages.
For our social media stream, we chose Sina Weibo, a Chinese social media service with more than 200 million active users. Micro-blogs from Sina Weibo are denoted as 'weibos'.
rumours: Sina Weibo offers an official rumour debunking service, operated by trained human professionals. Following Yang et. al (2012) and Zhou et. al (2015), we use this service to obtain a high quality set of 202 confirmed rumours.
non-rumours: We additionally gathered 202 non-rumours using the public Sina Weibo API. Three human annotators judged these weibos based on unanimous decision making to ensure that they don't contain rumours.
Since we operate in a streaming environment, all weibos are sorted based on their publication time-stamp. Table 3 shows a list of example for rumours found in our data set.
We ordered the rumours and non-rumours chronologically and divided them in half, forming a training and test set. We ensured that each of the sets consists of 50% rumours and non-rumours. This is important when effectiveness is measured by accuracy. All training and optimization use the trainings set. Performance is then reported based on a single run on the test set.

## Rumour detection effectiveness
To evaluate our new features for rumour detection, we compare them with two state-of-the-art early rumour detection baselines Liu et. al (2015) and Yang et. al (2012), which we re-implemented. We chose the algorithm by Yang et. al (2012), dubbed Yang, because they proposed a feature set for early detection tailored to Sina Weibo and were used as a state-of-the-art baseline before by Liu et. al (2015). The algorithm by Liu et. al (2015), dubbed Liu, is said to operate in real-time and outperformed Yang, when only considering features available on Twitter. Both apply various message-, user-, topic- and propagation-based features and rely on an SVM classifier which they also found to perform best. The approaches advertise themselves as suitable for early or real-time detection and performed rumour detection with the smallest latency across all published methods. Yang performs early rumour detection and operates with a delay of 24 hours. Liu is claimed to perform in real-time while, requiring a cluster of 5 repeated messages to judge them for rumours. Note that although these algorithm are state-of-the-art for detecting rumours as quickly as possible, they still require a certain delay to reach their full potential.
Table 2 compares the performance of our features with the two classifiers on the 101 rumours and 101 non-rumours of the test set, when detecting rumour instantly after their publication. The table reveals comparable accuracy for Yang and Liu at around 60%. Our observed performance of Yang matches those by Liu et. al (2015). Surprisingly, the algorithm Liu does not perform significantly better than Yang when applied to instantaneous rumour detection although they claimed to operate in real-time. Liu et. al (2015) report performance based on the first 5 messages which clearly outperforms Yang for early rumour detection. However, we find that when reducing the set from 5 to 1, their superiority is only marginal. In contrast, the combination of novelty and pseudo relevance based features performs significantly better (sign test with $p < 0.05$ ) than the baselines for instantaneous rumour detections. Novelty based features benefit from news articles as an external data source, which explains their superior performance. In particular for instantaneous rumour detection, where information can only be obtained from a single message, the use of external data proves to perform superior. Note that accuracy is a single value metric describing performance at an optimal threshold. Figure 1 compares the effectiveness of the three algorithms for the full range of rumour scores for instantaneous detection. Different applications require a different balance between miss and false alarm. But the DET curve shows that Liu’s method would be preferable over Yang for any application. Similarly, the plot reveals that our approach dominates both baselines throughout all threshold settings and for the high-recall region in particular.
When increasing the detection delay to 12 and 24 hours, all three algorithms reach comparable performance with no statistically significant difference, as seen in table 4. For our approach, none of the features are computed retrospectively, which explains why the performance does not change when increasing the detection delay. The additional time allows Liu and Yang to collect repeated signals, which improves their detection accuracy. After 24 hours Liu performs the highest due to its retrospectively computed features. Note that after 24 hours rumours might have already spread far through social networks and potentially caused harm.

## Feature analysis
We group our 57 features into 7 categories shown in Table 6 and analyse their contribution using feature ablation, as seen in Table 5 . Feature ablation illustrates the importance of a feature by measuring performance, when removing it from the set of features. Novelty related features based on kterm hashing were found to be dominant for instantaneous rumour detection $(p < 0.05)$ . 'Sentence char' features, which include punctuation, hashtags, user-symbols and URLs, contributed the most of the traditional features, followed by Part of Speech ('POS') and 'extreme word' features. Our experiments found 'sentiment' and 'emotion' based features to contribute the least. Since excluding them both results in a considerable drop of performance we conclude that they capture comparable information and therefore compensated for each other.
Novelty based Features
Novelty based features revealed the highest impact on detection performance. In particular kterms formed from the top keywords contribute the most. This is interesting, as when kterm hashing was introduced (Wurzer et. al, 2015), all kterms were considered as equally important. We found that prioritising certain kterms yields increased performance.
Interestingly, novelty based features computed by the vector similarity between weibos and news sub-documents perform slightly worse (-2% absolute). When striping all but the top tf-idf weighted terms from the news sub-documents, the hit in performance can be reduced to -1 % absolute. Kterm constructs a combined memory of all information presented to it. Pulling all information into a single representation bridges the gab between documents and allows finding information matches within documents. We hypothesize that this causes increased detection performance.
Pseudo Feedbaack
Features ablation revealed that pseudo feedback (PF) increased detection performance by 5.3% (relative). PF builds upon the output of the other features. High performance of the other features results in higher positive impact of PF. We want to further explore the behaviour of PF when other features perform badly in future studies.

## Detecting unpopular rumours
Previous approaches to rumour detection rely on repeated signals to form propagation graphs or clustering methods. Beside causing a detection delay these methods are also blind to less popular rumours that don't go viral. In contrast, novelty based feature require only a single message enabling them to detect even the smallest rumours. Examples for such small rumours are shown in table 3 .

## Efficiency and Scalability
To demonstrate the high efficiency of computing novelty and pseudo feedback features, we implement a rumour detection system and measure its throughput when applied to 100k weibos. We implement our system in C and run it using a single core on a 2.2GHz Intel Core i7-4702HQ. We measure the throughput on an idle machine and average the observed performance over 5 runs. Figure 2 presents performance when processing more and more weibos. The average throughput of our system is around 7,000 weibos per second, which clearly exceeds the average volume of the full Twitter (5,700 tweets/sec.) and Sina Weibo (1,200 weibos/sec.) stream. Since the number of news articles is relatively small, we find no difference in terms of efficiency between computing novelty features based on kterm hashing and vector similarity. Figure 2 also illustrates that our proposed features can be computed in constant time with respect to the number of messages processed. This is crucial to keep operation in a true streaming environment feasible. Approaches, whose runtime depend on the number of documents processed become progressively slower, which is inapplicable when operating on data streams. Our experiments show that the proposed features perform effectively and their efficiency allows them to detect rumours instantly after their publication.

## Conclusion
We introduced two new categories of features which significantly improve instantaneous rumour detection performance. Novelty based features consider the increased presence of unconfirmed information within a message with respect to trusted sources as an indication of being a rumour. Pseudo feedback features consider messages that are similar to previously detected rumours as more likely to also be a rumour. Pseudo feedback and its variant, recursive pseudo feedback, allow harnessing repeated signals without the need of operating retrospectively. Our evaluation showed that novelty and pseudo feedback based features perform significantly more effective than other real-time and early detection baselines, when detecting rumours instantly after their publication. This advantage vanishes when allowing an increased detection delay. We also showed that the proposed features can be computed efficiently enough to operate on the average Twitter and Sina Weibo stream while keeping time and space requirements constant.

Question: Do they build a dataset of rumors?
JSON: [/INST]
[INST] ","































































































































































































","yes | Yes, consisting of trusted resources, rumours and non-rumours"
57ee20f494d8ce3fae46028c3f3551d180dba3e0,"<s>
[INST] You are a precise scientific QA assistant. Use only the provided paper text. If the question is not answerable from the text, reply with answer 'UNANSWERABLE'.

Return a STRICT JSON object with keys exactly:
{ ""answer"": ""<string>"", ""evidence"": [""<verbatim span 1>"", ""<verbatim span 2>""] }
- 'answer' must be 1-3 sentences or 'UNANSWERABLE'.
- 'evidence' must be 0-5 verbatim snippets copied from the paper text (no paraphrases).
No extra commentary.

Paper title: Spotting Rumors via Novelty Detection

Paper text:
# Spotting Rumors via Novelty Detection

## Abstract
Rumour detection is hard because the most accurate systems operate retrospectively, only recognising rumours once they have collected repeated signals. By then the rumours might have already spread and caused harm. We introduce a new category of features based on novelty, tailored to detect rumours early on. To compensate for the absence of repeated signals, we make use of news wire as an additional data source. Unconfirmed (novel) information with respect to the news articles is considered as an indication of rumours. Additionally we introduce pseudo feedback, which assumes that documents that are similar to previous rumours, are more likely to also be a rumour. Comparison with other real-time approaches shows that novelty based features in conjunction with pseudo feedback perform significantly better, when detecting rumours instantly after their publication.

## Introduction
Social Media has evolved from friendship based networks to become a major source for the consumption of news (NIST, 2008). On social media, news is decentralised as it provides everyone the means to efficiently report and spread information. In contrast to traditional news wire, information on social media is spread without intensive investigation, fact and background checking. The combination of ease and fast pace of sharing information provides a fertile breeding ground for rumours, false- and disinformation. Social media users tend to share controversial information in-order to verify it, while asking about for the opinions of their followers (Zhao et. al, 2015). This further amplifies the pace of a rumour's spread and reach. Rumours and deliberate disinformation have already caused panic and influenced public opinion.
The cases in Germany and Austria in 2016, show how misleading and false information about crimes committed by refugees negatively influenced the opinion of citizens.
Detecting these rumours allows debunking them to prevent them from further spreading and causing harm. The further a rumour has spread, the more likely it is to be debunked by users or traditional media (Liu et. al, 2015). However, by then rumours might have already caused harm. This highlights the importance and necessity of recognizing rumours as early as possible - preferably instantaneously.
Rumour detection on social media is challenging due to the short texts, creative lexical variations and high volume of the streams. The task becomes even harder if we attempt to perform rumour detection on-the-fly, without looking into the future. We provide an effective and highly scalable approach to detect rumours instantly after they were posted with zero delay. We introduce a new features category called novelty based features. Novelty based features compensate the absence of repeated information by consulting additional data sources - news wire articles. We hypothesize that information not confirmed by official news is an indication of rumours. Additionally we introduce pseudo feedback for classification. In a nutshell, documents that are similar to previously detected rumours are considered to be more likely to also be a rumour. The proposed features can be computed in constant time and space allowing us to process high-volume streams in real-time (Muthukrishnan, 2005). Our experiments reveal that novelty based features and pseudo feedback significantly increases detection performance for early rumour detection.
The contributions of this paper include:
Novelty based Features
We introduced a new category of features for instant rumour detection that harnesses trusted resources. Unconfirmed (novel) information with respect to trusted resources is considered as an indication of rumours.
Pseudo Feedback for Detection/Classification
Pseudo feedback increases detection accuracy by harnessing repeated signals, without the need of retrospective operation.

## Related Work
Before rumour detection, scientists already studied the related problem of information credibility evaluation (Castillo et. al. 2011; Richardson et. al, 2003). Recently, automated rumour detection on social media evolved into a popular research field which also relies on assessing the credibility of messages and their sources. The most successful methods proposed focus on classification harnessing lexical, user-centric, propagation-based (Wu et. al, 2015) and cluster-based (Cai et. al, 2014; Liu et. al, 2015; Zhao et. al, 2015) features.
Many of these context based features originate from a study by Castillo et. al (2011), which pioneered in engineering features for credibility assessment on Twitter (Liu et. al, 2015). They observed a significant correlation between the trustworthiness of a tweet with context-based characteristics including hashtags, punctuation characters and sentiment polarity. When assessing the credibility of a tweet, they also assessed the source of its information by constructing features based on provided URLs as well as user based features like the activeness of the user and social graph based features like the frequency of re-tweets. A comprehensive study by Castillo et. al (2011) of information credibility assessment widely influenced recent research on rumour detection, whose main focuses lies upon improving detection quality.
While studying the trustworthiness of tweets during crises, Mendoza et. al (2010) found that the topology of a distrustful tweet's propagation pattern differs from those of news and normal tweets. These findings along with the fact that rumours tend to more likely be questioned by responses than news paved the way for future research examining propagation graphs and clustering methods (Cai et. al, 2014; Zhao et. al, 2015). The majority of current research focuses on improving the accuracy of classifiers through new features based on clustering (Cai et. al, 2014; Zhao et. al, 2015), sentiment analysis (Qazvinian et. al, 2011; Wu et. al, 2015) as well as propagation graphs (Kwon, et. al, 2013; Wang et. al, 2015).
Recent research mainly focuses on further improving the quality of rumour detection while neglecting the increasing delay between the publication and detection of a rumour. The motivation for rumour detection lies in debunking them to prevent them from spreading and causing harm. Unfortunately, state-of-the-art systems operate in a retrospective manner, meaning they detect rumours long after they have spread. The most accurate systems rely on features based on propagation graphs and clustering techniques. These features can only detect rumours after the rumours have spread and already caused harm.
Therefore, researchers like Liu et. al (2015), Wu et. al (2015), Zhao et. al (2015) and Zhou et. al (2015) focus on 'early rumour-detection' while allowing a delay up to 24 hours. Their focus on latency aware rumour detection makes their approaches conceptually related to ours. Zhao et. al (1015) found clustering tweets containing enquiry patterns as an indication of rumours. Also clustering tweets by keywords and subsequently judging rumours using an ensemble model that combine user, propagation and content-based features proved to be effective (Zhou et. al, 2015). Although the computation of their features is efficient, the need for repeated mentions in the form of response by other users results in increased latency between publication and detection. The approach with the lowest latency banks on the 'wisdom of the crowd' (Liu et. al, 2015). In addition to traditional context and user based features they also rely on clustering micro-blogs by their topicality to identify conflicting claims, which indicate increased likelihood of rumours. Although they claim to operate in real-time, they require a cluster of at least 5 messages to detect a rumour.
In contrast, we introduce new features to detect rumours as early as possible - preferably instantly, allowing them to be debunked before they spread and cause harm.

## Rumour Detection
Rumour detection is a challenging task, as it requires determining the truth of information (Zhao et. al, 2015). The Cambridge dictionary, defines a rumour as information of doubtful or unconfirmed truth. We rely on classification using an SVM, which is the state-of-the-art approach for novelty detection. Numerous features have been proposed for rumour detection on social media, many of which originate from an original study on information credibility by Castillo et. al (2011). Unfortunately, the currently most successful features rely on information based on graph propagation and clustering, which can only be computed retrospectively. This renders them close to useless when detecting rumours early on. We introduce two new classes of features, one based on novelty, the other on pseudo feedback. Both feature categories improve detection accuracy early on, when information is limited.

## Problem Statement
We frame the Real-time Rumour Detection task as a classification problem that assesses a document's likelihood of becoming a future rumour at the time of its publication. Consequently, prediction takes place in real-time with a single pass over the data.
More formally, we denote by $d_t$ the document that arrives from stream $S:\lbrace d_0, d_1, . . . d_n\rbrace $ at time $t$ . Upon arrival of document $d_t$ we compute its corresponding feature vector $f_{d,t}$ . Given $f_{d,t}$ and the previously obtained weigh vector $w$ we compute the rumour score $RS_{d,t} = w^T \times f_{d,t}$ . The rumour prediction is based on a fixed thresholding strategy with respect to $\theta $ . We predict that message $d_t$ is likely to become a rumour if its rumour score exceeds the detection threshold $S:\lbrace d_0, d_1, . . . d_n\rbrace $0 . The optimal parameter setting for weight vector $S:\lbrace d_0, d_1, . . . d_n\rbrace $1 and detection threshold $S:\lbrace d_0, d_1, . . . d_n\rbrace $2 are learned on a test to maximise prediction accuracy.

## Novelty-based Features
To increase instantaneous detection performance, we compensate for the absence of future information by consulting additional data sources. In particular, we make use of news wire articles, which are considered to be of high credibility. This is reasonable as according to Petrovic et. al (2013), in the majority of cases, news wires lead social media for reporting news. When a message arrives from a social media stream, we build features based on its novelty with respect to the confirmed information in the trusted sources. In a nutshell, the presence of information unconfirmed by the official media is construed as an indication of being a rumour. Note that this closely resembles the definition of what a rumour is.

## Novelty Feature Construction
High volume streams demand highly efficient feature computation. This applies in particular to novelty based features since they can be computationally expensive. We explore two approaches to novelty computation: one based on vector proximity, the other on kterm hashing.
Computing novelty based on traditional vector proximity alone does not yield adequate performance due to the length discrepancy between news wire articles and social media messages. To make vector proximity applicable, we slide a term-level based window, whose length resembles the average social media message length, through each of the news articles. This results in sub-documents whose length resembles those of social media messages. Novelty is computed using term weighted tf-idf dot products between the social media message and all news sub-documents. The inverse of the minimum similarity to the nearest neighbour equates to the degree of novelty.
The second approach to compute novelty relies on kterm hashing (Wurzer et. al, 2015), a recent advance in novelty detection that improved the efficiency by an order of magnitude without sacrificing effectiveness. Kterm hashing computes novelty non-comparatively. Instead of measuring similarity between documents, a single representation of previously seen information is constructed. For each document, all possible kterms are formed and hashed onto a Bloom Filter. Novelty is computed by the fraction of unseen kterms. Kterm hashing has the interesting characteristic of forming a collective 'memory', able to span all trusted resources. We exhaustively form kterm for all news articles and store their corresponding hash positions in a Bloom Filter. This filter then captures the combined information of all trusted resources. A single representation allows computing novelty with a single step, instead of comparing each social media message individually with all trusted resources.
When kterm hashing was introduced by Wurzer et. al (2015) for novelty detection on English tweets, they weighted all kterm uniformly. We found that treating all kterms as equally important, does not unlock the full potential of kterm hashing. Therefore, we additionally extract the top 10 keywords ranked by $tf.idf$ and build a separate set of kterms solely based on them. This allows us to compute a dedicated weight for kterms based on these top 10 keywords. The distinction in weights between kterms based on all versus keyword yields superior rumour detection quality, as described in section ""Feature analysis"" . This leaves us with a total of 6 novelty based features for kterm hashing - kterms of length 1 to 3 for all words and keywords.
Apart from novelty based features, we also apply a range of 51 context based features. The full list of features can be found in table 6 . The focus lies on features that can be computed instantly based only on the text of a message to keep the latency of our approach to a minimum. Most of these 51 features overlap with previous studies (Castillo et. al, 2011; Liu et. al, 2015; Qazvinian et. al, 2011; Yang et. al, 2012; Zhao et. al, 2015). This includes features based on the presence or number of URLs, hash-tags and user-names, POS tags, punctuation characters as well as 8 different categories of sentiment and emotions.
On the arrival of a new message from a stream, all its features are computed and linearly combined using weights obtained from an SVM classifier, yielding the rumour score. We then judge rumours based on an optimal threshold strategy for the rumour score.

## Pseudo Feedback
In addition to novelty based features we introduce another category of features - dubbed Pseudo-Feedback (PF) feature - to boost detection performance. The feature is conceptually related to pseudo relevance feedback found in retrieval and ranking tasks in IR. The concept builds upon the idea that documents, which reveal similar characteristics as previously detected rumours are also likely to be a rumour. During detection, feedback about which of the previous documents describes a rumour is not available. Therefore, we rely on 'pseudo' feedback and consider all documents whose rumour score exceeds a threshold as true rumours.
The PF feature describes the maximum similarity between a new document and those documents previously considered as rumour. Similarities are measured by vector proximity in term space. Conceptually, PF passes on evidence to repeated signals by increasing the rumour score of future documents if they are similar to a recently detected rumour. Note that this allows harnessing information from repeated signals without the need of operating retrospectively.
Training Pseudo Feedback Features
The trainings routine differs from the standard procedure, because the computation of the PF feature requires two training rounds as we require a model of all other features to identify 'pseudo' rumours. In a first training round a SVM is used to compute weights for all features in the trainings set, except the PF features. This provides a model for all but the PF features. Then the trainings set is processed to computing rumour scores based on the model obtained from our initial trainings round. This time, we additionally compute the PF feature value by measuring the minimum distance in term space between the current document vector and those previous documents, whose rumour score exceeds a previously defined threshold. Since we operate on a stream, the number of documents previously considered as rumours grows without bound. To keep operation constant in time and space, we only compare against the k most recent documents considered to be rumours. Once we obtained the value for the PF feature, we compute its weight using the SVM. The combination of the weight for the PF feature with the weights for all other features, obtained in the initial trainings round, resembles the final model.

## Experiments
The previous sections introduced two new categories of features for rumour detection. Now we test their performance and impact on detection effectiveness and efficiency. In a streaming setting, documents arrive on a continual basis one at a time. We require our features to compute a rumour-score instantaneously for each document in a single-pass over the data. Messages with high rumour scores are considered likely being rumours. The classification decision is based on an optimal thresholding strategy based on the trainings set.

## Evaluation metrics
We report accuracy to evaluate effectiveness, as is usual in the literature (Zhou et. al, 2015). Additionally we use the standard TDT evaluation procedure (Allan et. al, 2000; NIST, 2008) with the official TDT3 evaluation scripts (NIST, 2008) using standard settings. This procedure evaluates detection tasks using Detection Error Trade-off (DET) curves, which show the trade-off between miss and false alarm probability. By visualizing the full range of thresholds, DET plots provide a more comprehensive illustration of effectiveness than single value metrics (Allan et. al, 2000). We also evaluate the efficiency of computing the proposed features, measured by the throughput per second, when applied to a high number of messages.

## Data set
Rumour detection on social media is a novel research field without official data sets. Since licences agreements forbid redistribution of data, no data sets from previous publications are available. We therefore followed previous researchers like Liu et. al (2015) and Yang et. al (2012) and created our own dataset.
trusted resources: We randomly collected 200 news articles about broad topics commonly reported by news wires over our target time period. These range from news about celebrities and disasters to financial and political affairs as seen in table 1 . Since we operate on Chinese social media, we gathered news articles from Xinhua News Agency, the leading news-wire in China. To ensure a fair evaluation, we collected the news articles before judging rumours, not knowing which rumours we would find later on. We also only consider news articles published before the timestamps of the social media messages.
For our social media stream, we chose Sina Weibo, a Chinese social media service with more than 200 million active users. Micro-blogs from Sina Weibo are denoted as 'weibos'.
rumours: Sina Weibo offers an official rumour debunking service, operated by trained human professionals. Following Yang et. al (2012) and Zhou et. al (2015), we use this service to obtain a high quality set of 202 confirmed rumours.
non-rumours: We additionally gathered 202 non-rumours using the public Sina Weibo API. Three human annotators judged these weibos based on unanimous decision making to ensure that they don't contain rumours.
Since we operate in a streaming environment, all weibos are sorted based on their publication time-stamp. Table 3 shows a list of example for rumours found in our data set.
We ordered the rumours and non-rumours chronologically and divided them in half, forming a training and test set. We ensured that each of the sets consists of 50% rumours and non-rumours. This is important when effectiveness is measured by accuracy. All training and optimization use the trainings set. Performance is then reported based on a single run on the test set.

## Rumour detection effectiveness
To evaluate our new features for rumour detection, we compare them with two state-of-the-art early rumour detection baselines Liu et. al (2015) and Yang et. al (2012), which we re-implemented. We chose the algorithm by Yang et. al (2012), dubbed Yang, because they proposed a feature set for early detection tailored to Sina Weibo and were used as a state-of-the-art baseline before by Liu et. al (2015). The algorithm by Liu et. al (2015), dubbed Liu, is said to operate in real-time and outperformed Yang, when only considering features available on Twitter. Both apply various message-, user-, topic- and propagation-based features and rely on an SVM classifier which they also found to perform best. The approaches advertise themselves as suitable for early or real-time detection and performed rumour detection with the smallest latency across all published methods. Yang performs early rumour detection and operates with a delay of 24 hours. Liu is claimed to perform in real-time while, requiring a cluster of 5 repeated messages to judge them for rumours. Note that although these algorithm are state-of-the-art for detecting rumours as quickly as possible, they still require a certain delay to reach their full potential.
Table 2 compares the performance of our features with the two classifiers on the 101 rumours and 101 non-rumours of the test set, when detecting rumour instantly after their publication. The table reveals comparable accuracy for Yang and Liu at around 60%. Our observed performance of Yang matches those by Liu et. al (2015). Surprisingly, the algorithm Liu does not perform significantly better than Yang when applied to instantaneous rumour detection although they claimed to operate in real-time. Liu et. al (2015) report performance based on the first 5 messages which clearly outperforms Yang for early rumour detection. However, we find that when reducing the set from 5 to 1, their superiority is only marginal. In contrast, the combination of novelty and pseudo relevance based features performs significantly better (sign test with $p < 0.05$ ) than the baselines for instantaneous rumour detections. Novelty based features benefit from news articles as an external data source, which explains their superior performance. In particular for instantaneous rumour detection, where information can only be obtained from a single message, the use of external data proves to perform superior. Note that accuracy is a single value metric describing performance at an optimal threshold. Figure 1 compares the effectiveness of the three algorithms for the full range of rumour scores for instantaneous detection. Different applications require a different balance between miss and false alarm. But the DET curve shows that Liu’s method would be preferable over Yang for any application. Similarly, the plot reveals that our approach dominates both baselines throughout all threshold settings and for the high-recall region in particular.
When increasing the detection delay to 12 and 24 hours, all three algorithms reach comparable performance with no statistically significant difference, as seen in table 4. For our approach, none of the features are computed retrospectively, which explains why the performance does not change when increasing the detection delay. The additional time allows Liu and Yang to collect repeated signals, which improves their detection accuracy. After 24 hours Liu performs the highest due to its retrospectively computed features. Note that after 24 hours rumours might have already spread far through social networks and potentially caused harm.

## Feature analysis
We group our 57 features into 7 categories shown in Table 6 and analyse their contribution using feature ablation, as seen in Table 5 . Feature ablation illustrates the importance of a feature by measuring performance, when removing it from the set of features. Novelty related features based on kterm hashing were found to be dominant for instantaneous rumour detection $(p < 0.05)$ . 'Sentence char' features, which include punctuation, hashtags, user-symbols and URLs, contributed the most of the traditional features, followed by Part of Speech ('POS') and 'extreme word' features. Our experiments found 'sentiment' and 'emotion' based features to contribute the least. Since excluding them both results in a considerable drop of performance we conclude that they capture comparable information and therefore compensated for each other.
Novelty based Features
Novelty based features revealed the highest impact on detection performance. In particular kterms formed from the top keywords contribute the most. This is interesting, as when kterm hashing was introduced (Wurzer et. al, 2015), all kterms were considered as equally important. We found that prioritising certain kterms yields increased performance.
Interestingly, novelty based features computed by the vector similarity between weibos and news sub-documents perform slightly worse (-2% absolute). When striping all but the top tf-idf weighted terms from the news sub-documents, the hit in performance can be reduced to -1 % absolute. Kterm constructs a combined memory of all information presented to it. Pulling all information into a single representation bridges the gab between documents and allows finding information matches within documents. We hypothesize that this causes increased detection performance.
Pseudo Feedbaack
Features ablation revealed that pseudo feedback (PF) increased detection performance by 5.3% (relative). PF builds upon the output of the other features. High performance of the other features results in higher positive impact of PF. We want to further explore the behaviour of PF when other features perform badly in future studies.

## Detecting unpopular rumours
Previous approaches to rumour detection rely on repeated signals to form propagation graphs or clustering methods. Beside causing a detection delay these methods are also blind to less popular rumours that don't go viral. In contrast, novelty based feature require only a single message enabling them to detect even the smallest rumours. Examples for such small rumours are shown in table 3 .

## Efficiency and Scalability
To demonstrate the high efficiency of computing novelty and pseudo feedback features, we implement a rumour detection system and measure its throughput when applied to 100k weibos. We implement our system in C and run it using a single core on a 2.2GHz Intel Core i7-4702HQ. We measure the throughput on an idle machine and average the observed performance over 5 runs. Figure 2 presents performance when processing more and more weibos. The average throughput of our system is around 7,000 weibos per second, which clearly exceeds the average volume of the full Twitter (5,700 tweets/sec.) and Sina Weibo (1,200 weibos/sec.) stream. Since the number of news articles is relatively small, we find no difference in terms of efficiency between computing novelty features based on kterm hashing and vector similarity. Figure 2 also illustrates that our proposed features can be computed in constant time with respect to the number of messages processed. This is crucial to keep operation in a true streaming environment feasible. Approaches, whose runtime depend on the number of documents processed become progressively slower, which is inapplicable when operating on data streams. Our experiments show that the proposed features perform effectively and their efficiency allows them to detect rumours instantly after their publication.

## Conclusion
We introduced two new categories of features which significantly improve instantaneous rumour detection performance. Novelty based features consider the increased presence of unconfirmed information within a message with respect to trusted sources as an indication of being a rumour. Pseudo feedback features consider messages that are similar to previously detected rumours as more likely to also be a rumour. Pseudo feedback and its variant, recursive pseudo feedback, allow harnessing repeated signals without the need of operating retrospectively. Our evaluation showed that novelty and pseudo feedback based features perform significantly more effective than other real-time and early detection baselines, when detecting rumours instantly after their publication. This advantage vanishes when allowing an increased detection delay. We also showed that the proposed features can be computed efficiently enough to operate on the average Twitter and Sina Weibo stream while keeping time and space requirements constant.

Question: What languages do they evaluate their methods on?
JSON: [/INST]
[INST] ","































































































































































































",Chinese | Mandarin Chinese | Mandarin Chinese (see table 3)
2974237446d04da33b78ce6d22a477cdf80877b7,"<s>
[INST] You are a precise scientific QA assistant. Use only the provided paper text. If the question is not answerable from the text, reply with answer 'UNANSWERABLE'.

Return a STRICT JSON object with keys exactly:
{ ""answer"": ""<string>"", ""evidence"": [""<verbatim span 1>"", ""<verbatim span 2>""] }
- 'answer' must be 1-3 sentences or 'UNANSWERABLE'.
- 'evidence' must be 0-5 verbatim snippets copied from the paper text (no paraphrases).
No extra commentary.

Paper title: Spotting Rumors via Novelty Detection

Paper text:
# Spotting Rumors via Novelty Detection

## Abstract
Rumour detection is hard because the most accurate systems operate retrospectively, only recognising rumours once they have collected repeated signals. By then the rumours might have already spread and caused harm. We introduce a new category of features based on novelty, tailored to detect rumours early on. To compensate for the absence of repeated signals, we make use of news wire as an additional data source. Unconfirmed (novel) information with respect to the news articles is considered as an indication of rumours. Additionally we introduce pseudo feedback, which assumes that documents that are similar to previous rumours, are more likely to also be a rumour. Comparison with other real-time approaches shows that novelty based features in conjunction with pseudo feedback perform significantly better, when detecting rumours instantly after their publication.

## Introduction
Social Media has evolved from friendship based networks to become a major source for the consumption of news (NIST, 2008). On social media, news is decentralised as it provides everyone the means to efficiently report and spread information. In contrast to traditional news wire, information on social media is spread without intensive investigation, fact and background checking. The combination of ease and fast pace of sharing information provides a fertile breeding ground for rumours, false- and disinformation. Social media users tend to share controversial information in-order to verify it, while asking about for the opinions of their followers (Zhao et. al, 2015). This further amplifies the pace of a rumour's spread and reach. Rumours and deliberate disinformation have already caused panic and influenced public opinion.
The cases in Germany and Austria in 2016, show how misleading and false information about crimes committed by refugees negatively influenced the opinion of citizens.
Detecting these rumours allows debunking them to prevent them from further spreading and causing harm. The further a rumour has spread, the more likely it is to be debunked by users or traditional media (Liu et. al, 2015). However, by then rumours might have already caused harm. This highlights the importance and necessity of recognizing rumours as early as possible - preferably instantaneously.
Rumour detection on social media is challenging due to the short texts, creative lexical variations and high volume of the streams. The task becomes even harder if we attempt to perform rumour detection on-the-fly, without looking into the future. We provide an effective and highly scalable approach to detect rumours instantly after they were posted with zero delay. We introduce a new features category called novelty based features. Novelty based features compensate the absence of repeated information by consulting additional data sources - news wire articles. We hypothesize that information not confirmed by official news is an indication of rumours. Additionally we introduce pseudo feedback for classification. In a nutshell, documents that are similar to previously detected rumours are considered to be more likely to also be a rumour. The proposed features can be computed in constant time and space allowing us to process high-volume streams in real-time (Muthukrishnan, 2005). Our experiments reveal that novelty based features and pseudo feedback significantly increases detection performance for early rumour detection.
The contributions of this paper include:
Novelty based Features
We introduced a new category of features for instant rumour detection that harnesses trusted resources. Unconfirmed (novel) information with respect to trusted resources is considered as an indication of rumours.
Pseudo Feedback for Detection/Classification
Pseudo feedback increases detection accuracy by harnessing repeated signals, without the need of retrospective operation.

## Related Work
Before rumour detection, scientists already studied the related problem of information credibility evaluation (Castillo et. al. 2011; Richardson et. al, 2003). Recently, automated rumour detection on social media evolved into a popular research field which also relies on assessing the credibility of messages and their sources. The most successful methods proposed focus on classification harnessing lexical, user-centric, propagation-based (Wu et. al, 2015) and cluster-based (Cai et. al, 2014; Liu et. al, 2015; Zhao et. al, 2015) features.
Many of these context based features originate from a study by Castillo et. al (2011), which pioneered in engineering features for credibility assessment on Twitter (Liu et. al, 2015). They observed a significant correlation between the trustworthiness of a tweet with context-based characteristics including hashtags, punctuation characters and sentiment polarity. When assessing the credibility of a tweet, they also assessed the source of its information by constructing features based on provided URLs as well as user based features like the activeness of the user and social graph based features like the frequency of re-tweets. A comprehensive study by Castillo et. al (2011) of information credibility assessment widely influenced recent research on rumour detection, whose main focuses lies upon improving detection quality.
While studying the trustworthiness of tweets during crises, Mendoza et. al (2010) found that the topology of a distrustful tweet's propagation pattern differs from those of news and normal tweets. These findings along with the fact that rumours tend to more likely be questioned by responses than news paved the way for future research examining propagation graphs and clustering methods (Cai et. al, 2014; Zhao et. al, 2015). The majority of current research focuses on improving the accuracy of classifiers through new features based on clustering (Cai et. al, 2014; Zhao et. al, 2015), sentiment analysis (Qazvinian et. al, 2011; Wu et. al, 2015) as well as propagation graphs (Kwon, et. al, 2013; Wang et. al, 2015).
Recent research mainly focuses on further improving the quality of rumour detection while neglecting the increasing delay between the publication and detection of a rumour. The motivation for rumour detection lies in debunking them to prevent them from spreading and causing harm. Unfortunately, state-of-the-art systems operate in a retrospective manner, meaning they detect rumours long after they have spread. The most accurate systems rely on features based on propagation graphs and clustering techniques. These features can only detect rumours after the rumours have spread and already caused harm.
Therefore, researchers like Liu et. al (2015), Wu et. al (2015), Zhao et. al (2015) and Zhou et. al (2015) focus on 'early rumour-detection' while allowing a delay up to 24 hours. Their focus on latency aware rumour detection makes their approaches conceptually related to ours. Zhao et. al (1015) found clustering tweets containing enquiry patterns as an indication of rumours. Also clustering tweets by keywords and subsequently judging rumours using an ensemble model that combine user, propagation and content-based features proved to be effective (Zhou et. al, 2015). Although the computation of their features is efficient, the need for repeated mentions in the form of response by other users results in increased latency between publication and detection. The approach with the lowest latency banks on the 'wisdom of the crowd' (Liu et. al, 2015). In addition to traditional context and user based features they also rely on clustering micro-blogs by their topicality to identify conflicting claims, which indicate increased likelihood of rumours. Although they claim to operate in real-time, they require a cluster of at least 5 messages to detect a rumour.
In contrast, we introduce new features to detect rumours as early as possible - preferably instantly, allowing them to be debunked before they spread and cause harm.

## Rumour Detection
Rumour detection is a challenging task, as it requires determining the truth of information (Zhao et. al, 2015). The Cambridge dictionary, defines a rumour as information of doubtful or unconfirmed truth. We rely on classification using an SVM, which is the state-of-the-art approach for novelty detection. Numerous features have been proposed for rumour detection on social media, many of which originate from an original study on information credibility by Castillo et. al (2011). Unfortunately, the currently most successful features rely on information based on graph propagation and clustering, which can only be computed retrospectively. This renders them close to useless when detecting rumours early on. We introduce two new classes of features, one based on novelty, the other on pseudo feedback. Both feature categories improve detection accuracy early on, when information is limited.

## Problem Statement
We frame the Real-time Rumour Detection task as a classification problem that assesses a document's likelihood of becoming a future rumour at the time of its publication. Consequently, prediction takes place in real-time with a single pass over the data.
More formally, we denote by $d_t$ the document that arrives from stream $S:\lbrace d_0, d_1, . . . d_n\rbrace $ at time $t$ . Upon arrival of document $d_t$ we compute its corresponding feature vector $f_{d,t}$ . Given $f_{d,t}$ and the previously obtained weigh vector $w$ we compute the rumour score $RS_{d,t} = w^T \times f_{d,t}$ . The rumour prediction is based on a fixed thresholding strategy with respect to $\theta $ . We predict that message $d_t$ is likely to become a rumour if its rumour score exceeds the detection threshold $S:\lbrace d_0, d_1, . . . d_n\rbrace $0 . The optimal parameter setting for weight vector $S:\lbrace d_0, d_1, . . . d_n\rbrace $1 and detection threshold $S:\lbrace d_0, d_1, . . . d_n\rbrace $2 are learned on a test to maximise prediction accuracy.

## Novelty-based Features
To increase instantaneous detection performance, we compensate for the absence of future information by consulting additional data sources. In particular, we make use of news wire articles, which are considered to be of high credibility. This is reasonable as according to Petrovic et. al (2013), in the majority of cases, news wires lead social media for reporting news. When a message arrives from a social media stream, we build features based on its novelty with respect to the confirmed information in the trusted sources. In a nutshell, the presence of information unconfirmed by the official media is construed as an indication of being a rumour. Note that this closely resembles the definition of what a rumour is.

## Novelty Feature Construction
High volume streams demand highly efficient feature computation. This applies in particular to novelty based features since they can be computationally expensive. We explore two approaches to novelty computation: one based on vector proximity, the other on kterm hashing.
Computing novelty based on traditional vector proximity alone does not yield adequate performance due to the length discrepancy between news wire articles and social media messages. To make vector proximity applicable, we slide a term-level based window, whose length resembles the average social media message length, through each of the news articles. This results in sub-documents whose length resembles those of social media messages. Novelty is computed using term weighted tf-idf dot products between the social media message and all news sub-documents. The inverse of the minimum similarity to the nearest neighbour equates to the degree of novelty.
The second approach to compute novelty relies on kterm hashing (Wurzer et. al, 2015), a recent advance in novelty detection that improved the efficiency by an order of magnitude without sacrificing effectiveness. Kterm hashing computes novelty non-comparatively. Instead of measuring similarity between documents, a single representation of previously seen information is constructed. For each document, all possible kterms are formed and hashed onto a Bloom Filter. Novelty is computed by the fraction of unseen kterms. Kterm hashing has the interesting characteristic of forming a collective 'memory', able to span all trusted resources. We exhaustively form kterm for all news articles and store their corresponding hash positions in a Bloom Filter. This filter then captures the combined information of all trusted resources. A single representation allows computing novelty with a single step, instead of comparing each social media message individually with all trusted resources.
When kterm hashing was introduced by Wurzer et. al (2015) for novelty detection on English tweets, they weighted all kterm uniformly. We found that treating all kterms as equally important, does not unlock the full potential of kterm hashing. Therefore, we additionally extract the top 10 keywords ranked by $tf.idf$ and build a separate set of kterms solely based on them. This allows us to compute a dedicated weight for kterms based on these top 10 keywords. The distinction in weights between kterms based on all versus keyword yields superior rumour detection quality, as described in section ""Feature analysis"" . This leaves us with a total of 6 novelty based features for kterm hashing - kterms of length 1 to 3 for all words and keywords.
Apart from novelty based features, we also apply a range of 51 context based features. The full list of features can be found in table 6 . The focus lies on features that can be computed instantly based only on the text of a message to keep the latency of our approach to a minimum. Most of these 51 features overlap with previous studies (Castillo et. al, 2011; Liu et. al, 2015; Qazvinian et. al, 2011; Yang et. al, 2012; Zhao et. al, 2015). This includes features based on the presence or number of URLs, hash-tags and user-names, POS tags, punctuation characters as well as 8 different categories of sentiment and emotions.
On the arrival of a new message from a stream, all its features are computed and linearly combined using weights obtained from an SVM classifier, yielding the rumour score. We then judge rumours based on an optimal threshold strategy for the rumour score.

## Pseudo Feedback
In addition to novelty based features we introduce another category of features - dubbed Pseudo-Feedback (PF) feature - to boost detection performance. The feature is conceptually related to pseudo relevance feedback found in retrieval and ranking tasks in IR. The concept builds upon the idea that documents, which reveal similar characteristics as previously detected rumours are also likely to be a rumour. During detection, feedback about which of the previous documents describes a rumour is not available. Therefore, we rely on 'pseudo' feedback and consider all documents whose rumour score exceeds a threshold as true rumours.
The PF feature describes the maximum similarity between a new document and those documents previously considered as rumour. Similarities are measured by vector proximity in term space. Conceptually, PF passes on evidence to repeated signals by increasing the rumour score of future documents if they are similar to a recently detected rumour. Note that this allows harnessing information from repeated signals without the need of operating retrospectively.
Training Pseudo Feedback Features
The trainings routine differs from the standard procedure, because the computation of the PF feature requires two training rounds as we require a model of all other features to identify 'pseudo' rumours. In a first training round a SVM is used to compute weights for all features in the trainings set, except the PF features. This provides a model for all but the PF features. Then the trainings set is processed to computing rumour scores based on the model obtained from our initial trainings round. This time, we additionally compute the PF feature value by measuring the minimum distance in term space between the current document vector and those previous documents, whose rumour score exceeds a previously defined threshold. Since we operate on a stream, the number of documents previously considered as rumours grows without bound. To keep operation constant in time and space, we only compare against the k most recent documents considered to be rumours. Once we obtained the value for the PF feature, we compute its weight using the SVM. The combination of the weight for the PF feature with the weights for all other features, obtained in the initial trainings round, resembles the final model.

## Experiments
The previous sections introduced two new categories of features for rumour detection. Now we test their performance and impact on detection effectiveness and efficiency. In a streaming setting, documents arrive on a continual basis one at a time. We require our features to compute a rumour-score instantaneously for each document in a single-pass over the data. Messages with high rumour scores are considered likely being rumours. The classification decision is based on an optimal thresholding strategy based on the trainings set.

## Evaluation metrics
We report accuracy to evaluate effectiveness, as is usual in the literature (Zhou et. al, 2015). Additionally we use the standard TDT evaluation procedure (Allan et. al, 2000; NIST, 2008) with the official TDT3 evaluation scripts (NIST, 2008) using standard settings. This procedure evaluates detection tasks using Detection Error Trade-off (DET) curves, which show the trade-off between miss and false alarm probability. By visualizing the full range of thresholds, DET plots provide a more comprehensive illustration of effectiveness than single value metrics (Allan et. al, 2000). We also evaluate the efficiency of computing the proposed features, measured by the throughput per second, when applied to a high number of messages.

## Data set
Rumour detection on social media is a novel research field without official data sets. Since licences agreements forbid redistribution of data, no data sets from previous publications are available. We therefore followed previous researchers like Liu et. al (2015) and Yang et. al (2012) and created our own dataset.
trusted resources: We randomly collected 200 news articles about broad topics commonly reported by news wires over our target time period. These range from news about celebrities and disasters to financial and political affairs as seen in table 1 . Since we operate on Chinese social media, we gathered news articles from Xinhua News Agency, the leading news-wire in China. To ensure a fair evaluation, we collected the news articles before judging rumours, not knowing which rumours we would find later on. We also only consider news articles published before the timestamps of the social media messages.
For our social media stream, we chose Sina Weibo, a Chinese social media service with more than 200 million active users. Micro-blogs from Sina Weibo are denoted as 'weibos'.
rumours: Sina Weibo offers an official rumour debunking service, operated by trained human professionals. Following Yang et. al (2012) and Zhou et. al (2015), we use this service to obtain a high quality set of 202 confirmed rumours.
non-rumours: We additionally gathered 202 non-rumours using the public Sina Weibo API. Three human annotators judged these weibos based on unanimous decision making to ensure that they don't contain rumours.
Since we operate in a streaming environment, all weibos are sorted based on their publication time-stamp. Table 3 shows a list of example for rumours found in our data set.
We ordered the rumours and non-rumours chronologically and divided them in half, forming a training and test set. We ensured that each of the sets consists of 50% rumours and non-rumours. This is important when effectiveness is measured by accuracy. All training and optimization use the trainings set. Performance is then reported based on a single run on the test set.

## Rumour detection effectiveness
To evaluate our new features for rumour detection, we compare them with two state-of-the-art early rumour detection baselines Liu et. al (2015) and Yang et. al (2012), which we re-implemented. We chose the algorithm by Yang et. al (2012), dubbed Yang, because they proposed a feature set for early detection tailored to Sina Weibo and were used as a state-of-the-art baseline before by Liu et. al (2015). The algorithm by Liu et. al (2015), dubbed Liu, is said to operate in real-time and outperformed Yang, when only considering features available on Twitter. Both apply various message-, user-, topic- and propagation-based features and rely on an SVM classifier which they also found to perform best. The approaches advertise themselves as suitable for early or real-time detection and performed rumour detection with the smallest latency across all published methods. Yang performs early rumour detection and operates with a delay of 24 hours. Liu is claimed to perform in real-time while, requiring a cluster of 5 repeated messages to judge them for rumours. Note that although these algorithm are state-of-the-art for detecting rumours as quickly as possible, they still require a certain delay to reach their full potential.
Table 2 compares the performance of our features with the two classifiers on the 101 rumours and 101 non-rumours of the test set, when detecting rumour instantly after their publication. The table reveals comparable accuracy for Yang and Liu at around 60%. Our observed performance of Yang matches those by Liu et. al (2015). Surprisingly, the algorithm Liu does not perform significantly better than Yang when applied to instantaneous rumour detection although they claimed to operate in real-time. Liu et. al (2015) report performance based on the first 5 messages which clearly outperforms Yang for early rumour detection. However, we find that when reducing the set from 5 to 1, their superiority is only marginal. In contrast, the combination of novelty and pseudo relevance based features performs significantly better (sign test with $p < 0.05$ ) than the baselines for instantaneous rumour detections. Novelty based features benefit from news articles as an external data source, which explains their superior performance. In particular for instantaneous rumour detection, where information can only be obtained from a single message, the use of external data proves to perform superior. Note that accuracy is a single value metric describing performance at an optimal threshold. Figure 1 compares the effectiveness of the three algorithms for the full range of rumour scores for instantaneous detection. Different applications require a different balance between miss and false alarm. But the DET curve shows that Liu’s method would be preferable over Yang for any application. Similarly, the plot reveals that our approach dominates both baselines throughout all threshold settings and for the high-recall region in particular.
When increasing the detection delay to 12 and 24 hours, all three algorithms reach comparable performance with no statistically significant difference, as seen in table 4. For our approach, none of the features are computed retrospectively, which explains why the performance does not change when increasing the detection delay. The additional time allows Liu and Yang to collect repeated signals, which improves their detection accuracy. After 24 hours Liu performs the highest due to its retrospectively computed features. Note that after 24 hours rumours might have already spread far through social networks and potentially caused harm.

## Feature analysis
We group our 57 features into 7 categories shown in Table 6 and analyse their contribution using feature ablation, as seen in Table 5 . Feature ablation illustrates the importance of a feature by measuring performance, when removing it from the set of features. Novelty related features based on kterm hashing were found to be dominant for instantaneous rumour detection $(p < 0.05)$ . 'Sentence char' features, which include punctuation, hashtags, user-symbols and URLs, contributed the most of the traditional features, followed by Part of Speech ('POS') and 'extreme word' features. Our experiments found 'sentiment' and 'emotion' based features to contribute the least. Since excluding them both results in a considerable drop of performance we conclude that they capture comparable information and therefore compensated for each other.
Novelty based Features
Novelty based features revealed the highest impact on detection performance. In particular kterms formed from the top keywords contribute the most. This is interesting, as when kterm hashing was introduced (Wurzer et. al, 2015), all kterms were considered as equally important. We found that prioritising certain kterms yields increased performance.
Interestingly, novelty based features computed by the vector similarity between weibos and news sub-documents perform slightly worse (-2% absolute). When striping all but the top tf-idf weighted terms from the news sub-documents, the hit in performance can be reduced to -1 % absolute. Kterm constructs a combined memory of all information presented to it. Pulling all information into a single representation bridges the gab between documents and allows finding information matches within documents. We hypothesize that this causes increased detection performance.
Pseudo Feedbaack
Features ablation revealed that pseudo feedback (PF) increased detection performance by 5.3% (relative). PF builds upon the output of the other features. High performance of the other features results in higher positive impact of PF. We want to further explore the behaviour of PF when other features perform badly in future studies.

## Detecting unpopular rumours
Previous approaches to rumour detection rely on repeated signals to form propagation graphs or clustering methods. Beside causing a detection delay these methods are also blind to less popular rumours that don't go viral. In contrast, novelty based feature require only a single message enabling them to detect even the smallest rumours. Examples for such small rumours are shown in table 3 .

## Efficiency and Scalability
To demonstrate the high efficiency of computing novelty and pseudo feedback features, we implement a rumour detection system and measure its throughput when applied to 100k weibos. We implement our system in C and run it using a single core on a 2.2GHz Intel Core i7-4702HQ. We measure the throughput on an idle machine and average the observed performance over 5 runs. Figure 2 presents performance when processing more and more weibos. The average throughput of our system is around 7,000 weibos per second, which clearly exceeds the average volume of the full Twitter (5,700 tweets/sec.) and Sina Weibo (1,200 weibos/sec.) stream. Since the number of news articles is relatively small, we find no difference in terms of efficiency between computing novelty features based on kterm hashing and vector similarity. Figure 2 also illustrates that our proposed features can be computed in constant time with respect to the number of messages processed. This is crucial to keep operation in a true streaming environment feasible. Approaches, whose runtime depend on the number of documents processed become progressively slower, which is inapplicable when operating on data streams. Our experiments show that the proposed features perform effectively and their efficiency allows them to detect rumours instantly after their publication.

## Conclusion
We introduced two new categories of features which significantly improve instantaneous rumour detection performance. Novelty based features consider the increased presence of unconfirmed information within a message with respect to trusted sources as an indication of being a rumour. Pseudo feedback features consider messages that are similar to previously detected rumours as more likely to also be a rumour. Pseudo feedback and its variant, recursive pseudo feedback, allow harnessing repeated signals without the need of operating retrospectively. Our evaluation showed that novelty and pseudo feedback based features perform significantly more effective than other real-time and early detection baselines, when detecting rumours instantly after their publication. This advantage vanishes when allowing an increased detection delay. We also showed that the proposed features can be computed efficiently enough to operate on the average Twitter and Sina Weibo stream while keeping time and space requirements constant.

Question: How do they define rumors?
JSON: [/INST]
[INST] ","































































































































































































",the presence of information unconfirmed by the official media is construed as an indication of being a rumour. | information of doubtful or unconfirmed truth | information that is not fact- and background-checked and thoroughly investigated for authenticity
bc8526d4805e2554adb2e9c01736d3f3a3b19895,"<s>
[INST] You are a precise scientific QA assistant. Use only the provided paper text. If the question is not answerable from the text, reply with answer 'UNANSWERABLE'.

Return a STRICT JSON object with keys exactly:
{ ""answer"": ""<string>"", ""evidence"": [""<verbatim span 1>"", ""<verbatim span 2>""] }
- 'answer' must be 1-3 sentences or 'UNANSWERABLE'.
- 'evidence' must be 0-5 verbatim snippets copied from the paper text (no paraphrases).
No extra commentary.

Paper title: Sentence Level Recurrent Topic Model: Letting Topics Speak for Themselves

Paper text:
# Sentence Level Recurrent Topic Model: Letting Topics Speak for Themselves

## Abstract
We propose Sentence Level Recurrent Topic Model (SLRTM), a new topic model that assumes the generation of each word within a sentence to depend on both the topic of the sentence and the whole history of its preceding words in the sentence. Different from conventional topic models that largely ignore the sequential order of words or their topic coherence, SLRTM gives full characterization to them by using a Recurrent Neural Networks (RNN) based framework. Experimental results have shown that SLRTM outperforms several strong baselines on various tasks. Furthermore, SLRTM can automatically generate sentences given a topic (i.e., topics to sentences), which is a key technology for real world applications such as personalized short text conversation.

## Introduction
Statistic topic models such as Latent Dirichlet Allocation (LDA) and its variants BIBREF0 , BIBREF1 , BIBREF2 , BIBREF3 , BIBREF4 have been proven to be effective in modeling textual documents. In these models, a word token in a document is assumed to be generated by a hidden mixture model, where the hidden variables are the topic indexes for each word and the topic assignments for words are related to document level topic weights. Due to the effectiveness and efficiency in modeling the document generation process, topic models are widely adopted in quite a lot of real world tasks such as sentiment classification BIBREF5 , social network analysis BIBREF6 , BIBREF5 , and recommendation systems BIBREF7 .
Most topic models take the bag-of-words assumption, in which every document is treated as an unordered set of words and the word tokens in such a document are sampled independently with each other. The bag-of-words assumption brings computational convenience, however, it sacrifices the characterization of sequential properties of words in a document and the topic coherence between words belonging to the same language segment (e.g., sentence). As a result, people have observed many negative examples. Just list one for illustration BIBREF8 : the department chair couches offers and the chair department offers couches have very different topics, although they have exactly the same bag of words.
There have been some works trying to solve the aforementioned problems, although still insufficiently. For example, several sentence level topic models BIBREF9 , BIBREF10 , BIBREF11 tackle the topic coherence problem by assuming all the words in a sentence to share the same topic (i.e., every sentence has only one topic). In addition, they model the sequential information by assuming the transition between sentence topics to be Markovian. However, words within the same sentence are still exchangeable in these models, and thus the bag-of-words assumption still holds within a sentence. For another example, in BIBREF12 , the embedding based neural language model BIBREF13 , BIBREF14 , BIBREF15 and topic model are integrated. They assume the generation of a given word in a sentence to depend on its local context (including its preceding words within a fixed window) as well as the topics of the sentence and document it lies in. However, using a fixed window of preceding words, instead of the whole word stream within a sentence, could only introduce limited sequential dependency. Furthermore, there is no explicit coherence constraints on the word topics and sentence topics, since every word can have its own topics in their model.
We propose Sentence Level Recurrent Topic Model (SLRTM) to tackle the limitations of the aforementioned works. In the new model, we assume the words in the same sentence to share the same topic in order to guarantee topic coherence, and we assume the generation of a word to rely on the whole history in the same sentence in order to fully characterize the sequential dependency. Specifically, for a particular word INLINEFORM0 within a sentence INLINEFORM1 , we assume its generation depends on two factors: the first is the whole set of its historical words in the sentence and the second is the sentence topic, which we regard as a pseudo word and has its own distributed representations. We use Recurrent Neural Network (RNN) BIBREF16 , such as Long Short Term Memory (LSTM) BIBREF17 or Gated Recurrent Unit (GRU) network BIBREF18 , to model such a long term dependency.
With the proposed SLRTM, we can not only model the document generation process more accurately, but also construct new natural sentences that are coherent with a given topic (we call it topic2sentence, similar to image2sentece BIBREF19 ). Topic2sentence has its huge potential for many real world tasks. For example, it can serve as the basis of personalized short text conversation system BIBREF20 , BIBREF21 , in which once we detect that the user is interested in certain topics, we can let these topics speak for themselves using SLRTM to improve the user satisfactory.
We have conducted experiments to compare SLRTM with several strong topic model baselines on two tasks: generative model evaluation (i.e. test set perplexity) and document classification. The results on several benchmark datasets quantitatively demonstrate SLRTM's advantages in modeling documents. We further provide some qualitative results on topic2sentence, the generated sentences for different topics clearly demonstrate the power of SLRTM in topic-sensitive short text conversations.

## Related Work
One of the most representative topic models is Latent Dirichlet Allocation BIBREF2 , in which every word in a document has its topic drawn from document level topic weights. Several variants of LDA have been developed such as hierarchical topic models BIBREF22 and supervised topic models BIBREF3 . With the recent development of deep learning, there are also neural network based topic models such as BIBREF23 , BIBREF24 , BIBREF25 , BIBREF26 , which use distributed representations of words to improve topic semantics.
Most of the aforementioned works take the bag-of-words assumption, which might be too simple according to our discussions in the introduction. That is, it ignores both sequential dependency of words and topic coherence of words.
There are some efforts trying to address the limitations of the bag-of-words assumption. For example, in BIBREF27 , both semantic (i.e., related with topics) and syntactic properties of words were modeled. After that, a hidden Markov transition model for topics was proposed BIBREF9 , in which all the words in a sentence were regarded as having the same topic. Such a one sentence, one topic assumption was also used by some other works, including BIBREF10 , BIBREF11 . Although these works have made some meaningful attempts on topic coherence and sequential dependency across sentences, they have not sufficiently model the sequential dependency of words within a sentence. To address this problem, the authors of BIBREF12 adopted the neural language model technology BIBREF13 to enhance topic model. In particular, they assume that every document, sentence, and word have their own topics and the topical information is conveyed by their embedding vectors through a Gaussian Mixture Model (GMM) as a prior. In the GMM distribution, each topic corresponds to a mixture parameterized by the mean vector and covariance matrix of the Gaussian distribution. The embedding vectors sampled from the GMM are further used to generate words in a sentence according to a feedforward neural network. To be specific, the preceding words in a fixed sized window, together with the sentence and document, act as the context to generate the next word by a softmax conditional distribution, in which the context is represented by embedding vectors. While this work has explicitly modeled the sequential dependency of words, it ignores the topic coherence among adjacent words.
Another line of research related to our model is Recurrent Neural Network (RNN), especially some recently developed effective RNN models such as Long Short Term Memory BIBREF17 and Gated Recurrent Unit BIBREF18 . These new RNN models characterize long range dependencies for a sequence, and has been widely adopted in sequence modeling tasks such as machine translation BIBREF18 and short text conversation BIBREF20 . In particular, for language modeling tasks, it has been shown that RNN (and its variants such as LSTM) is much more effective than simple feedforward neural networks with fixed window size BIBREF16 given that it can model dependencies with nearly arbitrary length.

## Sentence Level Recurrent Topic Model
In this section, we describe the proposed Sentence Level Recurrent Topic Model (SLRTM). First of all, we list three important design factors in SLRTM as below.
With the three points in mind, let us introduce the detailed generative process of SLRTM, as well as the stochastic variational inference and learning algorithm for SLRTM in the following subsections.

## The generative process
Suppose we have INLINEFORM0 topics, INLINEFORM1 words contained in dictionary INLINEFORM2 , and INLINEFORM3 documents INLINEFORM4 . For any document INLINEFORM5 , it is composed of INLINEFORM6 sentences and its INLINEFORM7 th sentence INLINEFORM8 consists of INLINEFORM9 words. Similar to LDA, we assume there is a INLINEFORM10 -dimensional Dirichlet prior distribution INLINEFORM11 for topic mixture weights of each document. With these notations, the generative process for document INLINEFORM12 can be written as below:
Sample the multinomial parameter INLINEFORM0 from INLINEFORM1 ;
For the INLINEFORM0 th sentence of document INLINEFORM1 INLINEFORM2 , INLINEFORM3 , where INLINEFORM4 is the INLINEFORM5 th word for INLINEFORM6 :
Draw the topic index INLINEFORM0 of this sentence from INLINEFORM1 ;
For INLINEFORM0 :
Compute LSTM hidden state INLINEFORM0 ;
INLINEFORM0 , draw INLINEFORM1 from DISPLAYFORM0
Here we use bold characters to denote the distributed representations for the corresponding items. For example, INLINEFORM0 and INLINEFORM1 denote the embeddings for word INLINEFORM2 and topic INLINEFORM3 , respectively. INLINEFORM4 is a zero vector and INLINEFORM5 is a fake starting word. Function INLINEFORM6 is the LSTM unit to generate hidden states, for which we omit the details due to space restrictions. Function INLINEFORM7 typically takes the following form: DISPLAYFORM0
where INLINEFORM0 , INLINEFORM1 denotes the output embedding for word INLINEFORM2 . INLINEFORM3 are feedforward weight matrices and INLINEFORM4 is the bias vector.
Then the probability of observing document INLINEFORM0 can be written as: DISPLAYFORM0
where INLINEFORM0 is the probability of generating sentence INLINEFORM1 under topic INLINEFORM2 , and it is decomposed through the probability chain rule; INLINEFORM3 is specified in equation ( EQREF11 ) and ( EQREF12 ); INLINEFORM4 represents all the model parameters, including the distributed representations for all the words and topics, as well as the weight parameters for LSTM.
To sum up, we use Figure FIGREF14 to illustrate the generative process of SLRTM, from which we can see that in SLRTM, the historical words and topic of the sentence jointly affect the LSTM hidden state and the next word.

## Stochastic Variational Inference and Learning
As the computation of the true posterior of hidden variables in equation ( EQREF13 ) is untractable, we adopt mean field variational inference to approximate it. Particularly, we use multinomial distribution INLINEFORM0 and Dirichlet distribution INLINEFORM1 as the variational distribution for the hidden variables INLINEFORM2 and INLINEFORM3 , and we denote the variational parameters for document INLINEFORM4 as INLINEFORM5 , with the subscript INLINEFORM6 omitted. Then the variational lower bound of the data likelihood BIBREF2 can be written as: DISPLAYFORM0
where INLINEFORM0 is the true distribution for corresponding variables.
The introduction of LSTM-RNN makes the optimization of ( EQREF16 ) computationally expensive, since we need to update both the model parameters INLINEFORM0 and variational parameters INLINEFORM1 after scanning the whole corpus. Considering that mini-batch (containing several sentences) inference and training are necessary to optimize the neural network, we leverage the stochastic variational inference algorithm developed in BIBREF4 , BIBREF28 to conduct inference and learning in a variational Expectation-Maximization framework. The detailed algorithm is given in Algorithm SECREF15 . The execution of the whole inference and learning process includes several epochs of iteration over all documents INLINEFORM2 with Algorithm SECREF15 (starting with INLINEFORM3 ).
[ht] Stochastic Variational EM for SLRTM Input: document INLINEFORM0 , variation parameters INLINEFORM1 , and model weights INLINEFORM2 . every sentence minibatch INLINEFORM3 in INLINEFORM4 INLINEFORM5 E-Step: INLINEFORM6 INLINEFORM7 , i.e., every topic index: Obtain INLINEFORM8 by LSTM forward pass. INLINEFORM9 DISPLAYFORM0
convergence Collect variational parameters INLINEFORM0 . M-Step: Compute the gradient INLINEFORM1 by LSTM backward pass. Use INLINEFORM2 to obtain INLINEFORM3 by stochastic gradient descent methods such as Adagrad BIBREF30 . In Algorithm SECREF15 , INLINEFORM4 is the digamma function. Equation ( EQREF18 ) guarantees the estimate of INLINEFORM5 is unbiased. In equation (), INLINEFORM6 is set as INLINEFORM7 , where INLINEFORM8 , to make sure INLINEFORM9 will converge BIBREF4 . Due to space limit, we omit the derivation details for the updating equations in Algorithm SECREF15 , as well as the forward/backward pass details for LSTM BIBREF17 .

## Experiments
We report our experimental results in this section. Our experiments include two parts: (1) quantitative experiments, including a generative document evaluation task and a document classification task, on two datasets; (2) qualitative inspection, including the examination of the sentences generated under each topic, in order to test whether SLRTM performs well in the topic2sentence task.

## Quantitative Results
We compare SLRTM with several state-of-the-art topic models on two tasks: generative document evaluation and document classification. The former task is to investigate the generation capability of the models, while the latter is to show the representation ability of the models.
We base our experiments on two benchmark datasets:
20Newsgroup, which contains 18,845 emails categorized into 20 different topical groups such as religion, politics, and sports. The dataset is originally partitioned into 11,314 training documents and 7,531 test documents.
Wiki10+ BIBREF31 , which contains Web documents from Wikipedia, each of which is associated with several tags such as philosophy, software, and music. Following BIBREF25 , we kept the most frequent 25 tags and removed those documents without any of these tags, forming a training set and a test set with 11,164 and 6,161 documents, respectively. The social tags associated with each document are regarded as supervised labels in classification. Wiki10+ contains much more words per document (i.e., 1,704) than 20Newsgroup (i.e., 135).
We followed the practice in many previous works and removed infrequent words. After that, the dictionary contains about INLINEFORM0 unique words for 20Newsgroup and INLINEFORM1 for Wiki10+. We adopted the NLTK sentence tokenizer to split the datasets into sentences if sentence boundaries are needed.
The following baselines were used in our experiments:
LDA BIBREF2 . LDA is the classic topic model, and we used GibbsLDA++ for its implementation.
Doc-NADE BIBREF24 . Doc-NADE is a representative neural network based topic model. We used the open-source code provided by the authors.
HTMM BIBREF9 . HTMM models consider the sentence level Markov transitions. Similar to Doc-NADE, the implementation was provided by the authors.
GMNTM BIBREF12 . GMNTM considers models the order of words within a sentence by a feedforward neural network. We implemented GMNTM according the descriptions in their papers by our own.
For SLRTM, we implemented it in C++ using Eigen and Intel MKL. For the sake of fairness, similar to BIBREF12 , we set the word embedding size, topic embedding size, and LSTM hidden layer size to be 128, 128, and 600 respectively. In the experiment, we tested the performances of SLRTM and the baselines with respect to different number of topics INLINEFORM0 , i.e., INLINEFORM1 . In initialization (values of INLINEFORM2 and INLINEFORM3 ), the LSTM weight matrices were initialized as orthogonal matrices, the word/topic embeddings were randomly sampled from the uniform distribution INLINEFORM4 and are fined-tuned through the training process, INLINEFORM5 and INLINEFORM6 were both set to INLINEFORM7 . The mini-batch size in Algorithm SECREF15 was set as INLINEFORM8 , and we ran the E-Step of the algorithm for only one iteration for efficiently consideration, which leads to the final convergence after about 6 epochs for both datasets. Gradient clipping with a clip value of 20 was used during the optimization of LSTM weights. Asynchronous stochastic gradient descent BIBREF32 with Adagrad was used to perform multi-thread parallel training.
We measure the performances of different topic models according to the perplexity per word on the test set, defined as INLINEFORM0 , where INLINEFORM1 is the number of words in document INLINEFORM2 . The experimental results are summarized in Table TABREF33 . Based on the table, we have the following discussions:
Our proposed SLRTM consistently outperforms the baseline models by significant margins, showing its outstanding ability in modelling the generative process of documents. In fact, as tested in our further verifications, the perplexity of SLRTM is close to that of standard LSTM language model, with a small gap of about 100 (higher perplexity) on both datasets which we conjecture is due to the margin between the lower bound in equation ( EQREF16 ) and true data likelihood for SLRTM.
Models that consider sequential property within sentences (i.e., GMNTM and SLRTM) are generally better than other models, which verifies the importance of words' sequential information. Furthermore, LSTM-RNN is much better in modelling such a sequential dependency than standard feed-forward networks with fixed words window as input, as verified by the lower perplexity of SLRTM compared with GMNTM.
In this experiment, we fed the document vectors (e.g., the INLINEFORM0 values in SLRTM) learnt by different topic models to supervised classifiers, to compare their representation power. For 20Newsgroup, we used the multi-class logistic regression classifier and used accuracy as the evaluation criterion. For Wiki10+, since multiple labels (tags) might be associated with each document, we used logistic regression for each label and the classification result is measured by Micro- INLINEFORM1 score BIBREF33 . For both datasets, we use INLINEFORM2 of the original training set for validation, and the remaining for training.
All the classification results are shown in Table TABREF37 . From the table, we can see that SLRTM is the best model under each setting on both datasets. We can further find that the embedding based methods (Doc-NADE, GMNTM and SLRTM) generate better document representations than other models, demonstrating the representative power of neural networks based on distributed representations. In addition, when the training data is larger (i.e., with more sentences per document as Wiki10+), GMNTM generates worse topical information than Doc-NADE while our SLRTM outperforms Doc-NADE, showing that with sufficient data, SLRTM is more effective in topic modeling since topic coherence is further constrained for each sentence.

## Qualitative Results
In this subsection, we demonstrate the capability of SLRTM in generating reasonable and understandable sentences given particular topics. In the experiment, we trained a larger SLRTM with 128 topics on a randomly sampled INLINEFORM0 Wikipedia documents in the year of 2010 with average 275 words per document. The dictionary is composed of roughly INLINEFORM1 most frequent words including common punctuation marks, with uppercase letters transformed into lowercases. The size of word embedding, topic embedding and RNN hidden layer are set to 512, 1024 and 1024, respectively.
We used two different mechanisms in sentence generating. The first mechanism is random sampling new word INLINEFORM0 at every time step INLINEFORM1 from the probability distribution defined in equation ( EQREF13 ). The second is dynamic programming based beam search BIBREF19 , which seeks to generate sentences by globally maximized likelihood. We set the beam size as 30. The generating process terminates until a predefined maximum sentence length is reached (set as 25) or an EOS token is met. Such an EOS is also appended after every training sentence.
The generating results are shown in Table TABREF40 . In the table, the sentences generated by random sampling and beam search are shown in the second and the third columns respectively. In the fourth column, we show the most representative words for each topics generated by SLRTM. For this purpose, we constrained the maximum sentence length to 1 in beam search, and removed stop words that are frequently used to start a sentence such as the, he, and there.
From the table we have the following observations:
Most of the sentences generated by both mechanisms are natural and semantically correlated with particular topics that are summarized in the first column of the table.
The random sampling mechanism usually produces diverse sentences, whereas some grammar errors may happen (e.g., the last sampled sentence for Topic 4; re-ranking the randomly sampled words by a standalone language model might further improve the correctness of the sentence). In contrast, sentences outputted by beam search are safer in matching grammar rules, but are not diverse enough. This is consistent with the observations in BIBREF21 .
In addition to topic2sentece, SLRTM maintains the capability of generating words for topics (shown in the last column of the table), similar to conventional topic models.

## Conclusion
In this paper, we proposed a novel topic model called Sentence Level Recurrent Topic Model (SLRTM), which models the sequential dependency of words and topic coherence within a sentence using Recurrent Neural Networks, and shows superior performance in both predictive document modeling and document classification. In addition, it makes topic2sentence possible, which can benefit many real world tasks such as personalized short text conversation (STC).
In the future, we plan to integrate SLRTM into RNN-based STC systems BIBREF20 to make the dialogue more topic sensitive. We would also like to conduct large scale SLRTM training on bigger corpus with more topics by specially designed scalable algorithms and computational platforms.

Question: What baselines did they compare with?
JSON: [/INST]
[INST] ","































































































































































































",LDA Doc-NADE HTMM GMNTM | LDA BIBREF2 Doc-NADE BIBREF24 HTMM BIBREF9 GMNTM BIBREF12 | LDA BIBREF2 Doc-NADE BIBREF24 HTMM BIBREF9 GMNTM BIBREF12 LDA BIBREF2 Doc-NADE BIBREF24 HTMM BIBREF9 GMNTM BIBREF12
a0fd0c0fe042ad045b8d5095c81643ef3a352b81,"<s>
[INST] You are a precise scientific QA assistant. Use only the provided paper text. If the question is not answerable from the text, reply with answer 'UNANSWERABLE'.

Return a STRICT JSON object with keys exactly:
{ ""answer"": ""<string>"", ""evidence"": [""<verbatim span 1>"", ""<verbatim span 2>""] }
- 'answer' must be 1-3 sentences or 'UNANSWERABLE'.
- 'evidence' must be 0-5 verbatim snippets copied from the paper text (no paraphrases).
No extra commentary.

Paper title: Sentence Level Recurrent Topic Model: Letting Topics Speak for Themselves

Paper text:
# Sentence Level Recurrent Topic Model: Letting Topics Speak for Themselves

## Abstract
We propose Sentence Level Recurrent Topic Model (SLRTM), a new topic model that assumes the generation of each word within a sentence to depend on both the topic of the sentence and the whole history of its preceding words in the sentence. Different from conventional topic models that largely ignore the sequential order of words or their topic coherence, SLRTM gives full characterization to them by using a Recurrent Neural Networks (RNN) based framework. Experimental results have shown that SLRTM outperforms several strong baselines on various tasks. Furthermore, SLRTM can automatically generate sentences given a topic (i.e., topics to sentences), which is a key technology for real world applications such as personalized short text conversation.

## Introduction
Statistic topic models such as Latent Dirichlet Allocation (LDA) and its variants BIBREF0 , BIBREF1 , BIBREF2 , BIBREF3 , BIBREF4 have been proven to be effective in modeling textual documents. In these models, a word token in a document is assumed to be generated by a hidden mixture model, where the hidden variables are the topic indexes for each word and the topic assignments for words are related to document level topic weights. Due to the effectiveness and efficiency in modeling the document generation process, topic models are widely adopted in quite a lot of real world tasks such as sentiment classification BIBREF5 , social network analysis BIBREF6 , BIBREF5 , and recommendation systems BIBREF7 .
Most topic models take the bag-of-words assumption, in which every document is treated as an unordered set of words and the word tokens in such a document are sampled independently with each other. The bag-of-words assumption brings computational convenience, however, it sacrifices the characterization of sequential properties of words in a document and the topic coherence between words belonging to the same language segment (e.g., sentence). As a result, people have observed many negative examples. Just list one for illustration BIBREF8 : the department chair couches offers and the chair department offers couches have very different topics, although they have exactly the same bag of words.
There have been some works trying to solve the aforementioned problems, although still insufficiently. For example, several sentence level topic models BIBREF9 , BIBREF10 , BIBREF11 tackle the topic coherence problem by assuming all the words in a sentence to share the same topic (i.e., every sentence has only one topic). In addition, they model the sequential information by assuming the transition between sentence topics to be Markovian. However, words within the same sentence are still exchangeable in these models, and thus the bag-of-words assumption still holds within a sentence. For another example, in BIBREF12 , the embedding based neural language model BIBREF13 , BIBREF14 , BIBREF15 and topic model are integrated. They assume the generation of a given word in a sentence to depend on its local context (including its preceding words within a fixed window) as well as the topics of the sentence and document it lies in. However, using a fixed window of preceding words, instead of the whole word stream within a sentence, could only introduce limited sequential dependency. Furthermore, there is no explicit coherence constraints on the word topics and sentence topics, since every word can have its own topics in their model.
We propose Sentence Level Recurrent Topic Model (SLRTM) to tackle the limitations of the aforementioned works. In the new model, we assume the words in the same sentence to share the same topic in order to guarantee topic coherence, and we assume the generation of a word to rely on the whole history in the same sentence in order to fully characterize the sequential dependency. Specifically, for a particular word INLINEFORM0 within a sentence INLINEFORM1 , we assume its generation depends on two factors: the first is the whole set of its historical words in the sentence and the second is the sentence topic, which we regard as a pseudo word and has its own distributed representations. We use Recurrent Neural Network (RNN) BIBREF16 , such as Long Short Term Memory (LSTM) BIBREF17 or Gated Recurrent Unit (GRU) network BIBREF18 , to model such a long term dependency.
With the proposed SLRTM, we can not only model the document generation process more accurately, but also construct new natural sentences that are coherent with a given topic (we call it topic2sentence, similar to image2sentece BIBREF19 ). Topic2sentence has its huge potential for many real world tasks. For example, it can serve as the basis of personalized short text conversation system BIBREF20 , BIBREF21 , in which once we detect that the user is interested in certain topics, we can let these topics speak for themselves using SLRTM to improve the user satisfactory.
We have conducted experiments to compare SLRTM with several strong topic model baselines on two tasks: generative model evaluation (i.e. test set perplexity) and document classification. The results on several benchmark datasets quantitatively demonstrate SLRTM's advantages in modeling documents. We further provide some qualitative results on topic2sentence, the generated sentences for different topics clearly demonstrate the power of SLRTM in topic-sensitive short text conversations.

## Related Work
One of the most representative topic models is Latent Dirichlet Allocation BIBREF2 , in which every word in a document has its topic drawn from document level topic weights. Several variants of LDA have been developed such as hierarchical topic models BIBREF22 and supervised topic models BIBREF3 . With the recent development of deep learning, there are also neural network based topic models such as BIBREF23 , BIBREF24 , BIBREF25 , BIBREF26 , which use distributed representations of words to improve topic semantics.
Most of the aforementioned works take the bag-of-words assumption, which might be too simple according to our discussions in the introduction. That is, it ignores both sequential dependency of words and topic coherence of words.
There are some efforts trying to address the limitations of the bag-of-words assumption. For example, in BIBREF27 , both semantic (i.e., related with topics) and syntactic properties of words were modeled. After that, a hidden Markov transition model for topics was proposed BIBREF9 , in which all the words in a sentence were regarded as having the same topic. Such a one sentence, one topic assumption was also used by some other works, including BIBREF10 , BIBREF11 . Although these works have made some meaningful attempts on topic coherence and sequential dependency across sentences, they have not sufficiently model the sequential dependency of words within a sentence. To address this problem, the authors of BIBREF12 adopted the neural language model technology BIBREF13 to enhance topic model. In particular, they assume that every document, sentence, and word have their own topics and the topical information is conveyed by their embedding vectors through a Gaussian Mixture Model (GMM) as a prior. In the GMM distribution, each topic corresponds to a mixture parameterized by the mean vector and covariance matrix of the Gaussian distribution. The embedding vectors sampled from the GMM are further used to generate words in a sentence according to a feedforward neural network. To be specific, the preceding words in a fixed sized window, together with the sentence and document, act as the context to generate the next word by a softmax conditional distribution, in which the context is represented by embedding vectors. While this work has explicitly modeled the sequential dependency of words, it ignores the topic coherence among adjacent words.
Another line of research related to our model is Recurrent Neural Network (RNN), especially some recently developed effective RNN models such as Long Short Term Memory BIBREF17 and Gated Recurrent Unit BIBREF18 . These new RNN models characterize long range dependencies for a sequence, and has been widely adopted in sequence modeling tasks such as machine translation BIBREF18 and short text conversation BIBREF20 . In particular, for language modeling tasks, it has been shown that RNN (and its variants such as LSTM) is much more effective than simple feedforward neural networks with fixed window size BIBREF16 given that it can model dependencies with nearly arbitrary length.

## Sentence Level Recurrent Topic Model
In this section, we describe the proposed Sentence Level Recurrent Topic Model (SLRTM). First of all, we list three important design factors in SLRTM as below.
With the three points in mind, let us introduce the detailed generative process of SLRTM, as well as the stochastic variational inference and learning algorithm for SLRTM in the following subsections.

## The generative process
Suppose we have INLINEFORM0 topics, INLINEFORM1 words contained in dictionary INLINEFORM2 , and INLINEFORM3 documents INLINEFORM4 . For any document INLINEFORM5 , it is composed of INLINEFORM6 sentences and its INLINEFORM7 th sentence INLINEFORM8 consists of INLINEFORM9 words. Similar to LDA, we assume there is a INLINEFORM10 -dimensional Dirichlet prior distribution INLINEFORM11 for topic mixture weights of each document. With these notations, the generative process for document INLINEFORM12 can be written as below:
Sample the multinomial parameter INLINEFORM0 from INLINEFORM1 ;
For the INLINEFORM0 th sentence of document INLINEFORM1 INLINEFORM2 , INLINEFORM3 , where INLINEFORM4 is the INLINEFORM5 th word for INLINEFORM6 :
Draw the topic index INLINEFORM0 of this sentence from INLINEFORM1 ;
For INLINEFORM0 :
Compute LSTM hidden state INLINEFORM0 ;
INLINEFORM0 , draw INLINEFORM1 from DISPLAYFORM0
Here we use bold characters to denote the distributed representations for the corresponding items. For example, INLINEFORM0 and INLINEFORM1 denote the embeddings for word INLINEFORM2 and topic INLINEFORM3 , respectively. INLINEFORM4 is a zero vector and INLINEFORM5 is a fake starting word. Function INLINEFORM6 is the LSTM unit to generate hidden states, for which we omit the details due to space restrictions. Function INLINEFORM7 typically takes the following form: DISPLAYFORM0
where INLINEFORM0 , INLINEFORM1 denotes the output embedding for word INLINEFORM2 . INLINEFORM3 are feedforward weight matrices and INLINEFORM4 is the bias vector.
Then the probability of observing document INLINEFORM0 can be written as: DISPLAYFORM0
where INLINEFORM0 is the probability of generating sentence INLINEFORM1 under topic INLINEFORM2 , and it is decomposed through the probability chain rule; INLINEFORM3 is specified in equation ( EQREF11 ) and ( EQREF12 ); INLINEFORM4 represents all the model parameters, including the distributed representations for all the words and topics, as well as the weight parameters for LSTM.
To sum up, we use Figure FIGREF14 to illustrate the generative process of SLRTM, from which we can see that in SLRTM, the historical words and topic of the sentence jointly affect the LSTM hidden state and the next word.

## Stochastic Variational Inference and Learning
As the computation of the true posterior of hidden variables in equation ( EQREF13 ) is untractable, we adopt mean field variational inference to approximate it. Particularly, we use multinomial distribution INLINEFORM0 and Dirichlet distribution INLINEFORM1 as the variational distribution for the hidden variables INLINEFORM2 and INLINEFORM3 , and we denote the variational parameters for document INLINEFORM4 as INLINEFORM5 , with the subscript INLINEFORM6 omitted. Then the variational lower bound of the data likelihood BIBREF2 can be written as: DISPLAYFORM0
where INLINEFORM0 is the true distribution for corresponding variables.
The introduction of LSTM-RNN makes the optimization of ( EQREF16 ) computationally expensive, since we need to update both the model parameters INLINEFORM0 and variational parameters INLINEFORM1 after scanning the whole corpus. Considering that mini-batch (containing several sentences) inference and training are necessary to optimize the neural network, we leverage the stochastic variational inference algorithm developed in BIBREF4 , BIBREF28 to conduct inference and learning in a variational Expectation-Maximization framework. The detailed algorithm is given in Algorithm SECREF15 . The execution of the whole inference and learning process includes several epochs of iteration over all documents INLINEFORM2 with Algorithm SECREF15 (starting with INLINEFORM3 ).
[ht] Stochastic Variational EM for SLRTM Input: document INLINEFORM0 , variation parameters INLINEFORM1 , and model weights INLINEFORM2 . every sentence minibatch INLINEFORM3 in INLINEFORM4 INLINEFORM5 E-Step: INLINEFORM6 INLINEFORM7 , i.e., every topic index: Obtain INLINEFORM8 by LSTM forward pass. INLINEFORM9 DISPLAYFORM0
convergence Collect variational parameters INLINEFORM0 . M-Step: Compute the gradient INLINEFORM1 by LSTM backward pass. Use INLINEFORM2 to obtain INLINEFORM3 by stochastic gradient descent methods such as Adagrad BIBREF30 . In Algorithm SECREF15 , INLINEFORM4 is the digamma function. Equation ( EQREF18 ) guarantees the estimate of INLINEFORM5 is unbiased. In equation (), INLINEFORM6 is set as INLINEFORM7 , where INLINEFORM8 , to make sure INLINEFORM9 will converge BIBREF4 . Due to space limit, we omit the derivation details for the updating equations in Algorithm SECREF15 , as well as the forward/backward pass details for LSTM BIBREF17 .

## Experiments
We report our experimental results in this section. Our experiments include two parts: (1) quantitative experiments, including a generative document evaluation task and a document classification task, on two datasets; (2) qualitative inspection, including the examination of the sentences generated under each topic, in order to test whether SLRTM performs well in the topic2sentence task.

## Quantitative Results
We compare SLRTM with several state-of-the-art topic models on two tasks: generative document evaluation and document classification. The former task is to investigate the generation capability of the models, while the latter is to show the representation ability of the models.
We base our experiments on two benchmark datasets:
20Newsgroup, which contains 18,845 emails categorized into 20 different topical groups such as religion, politics, and sports. The dataset is originally partitioned into 11,314 training documents and 7,531 test documents.
Wiki10+ BIBREF31 , which contains Web documents from Wikipedia, each of which is associated with several tags such as philosophy, software, and music. Following BIBREF25 , we kept the most frequent 25 tags and removed those documents without any of these tags, forming a training set and a test set with 11,164 and 6,161 documents, respectively. The social tags associated with each document are regarded as supervised labels in classification. Wiki10+ contains much more words per document (i.e., 1,704) than 20Newsgroup (i.e., 135).
We followed the practice in many previous works and removed infrequent words. After that, the dictionary contains about INLINEFORM0 unique words for 20Newsgroup and INLINEFORM1 for Wiki10+. We adopted the NLTK sentence tokenizer to split the datasets into sentences if sentence boundaries are needed.
The following baselines were used in our experiments:
LDA BIBREF2 . LDA is the classic topic model, and we used GibbsLDA++ for its implementation.
Doc-NADE BIBREF24 . Doc-NADE is a representative neural network based topic model. We used the open-source code provided by the authors.
HTMM BIBREF9 . HTMM models consider the sentence level Markov transitions. Similar to Doc-NADE, the implementation was provided by the authors.
GMNTM BIBREF12 . GMNTM considers models the order of words within a sentence by a feedforward neural network. We implemented GMNTM according the descriptions in their papers by our own.
For SLRTM, we implemented it in C++ using Eigen and Intel MKL. For the sake of fairness, similar to BIBREF12 , we set the word embedding size, topic embedding size, and LSTM hidden layer size to be 128, 128, and 600 respectively. In the experiment, we tested the performances of SLRTM and the baselines with respect to different number of topics INLINEFORM0 , i.e., INLINEFORM1 . In initialization (values of INLINEFORM2 and INLINEFORM3 ), the LSTM weight matrices were initialized as orthogonal matrices, the word/topic embeddings were randomly sampled from the uniform distribution INLINEFORM4 and are fined-tuned through the training process, INLINEFORM5 and INLINEFORM6 were both set to INLINEFORM7 . The mini-batch size in Algorithm SECREF15 was set as INLINEFORM8 , and we ran the E-Step of the algorithm for only one iteration for efficiently consideration, which leads to the final convergence after about 6 epochs for both datasets. Gradient clipping with a clip value of 20 was used during the optimization of LSTM weights. Asynchronous stochastic gradient descent BIBREF32 with Adagrad was used to perform multi-thread parallel training.
We measure the performances of different topic models according to the perplexity per word on the test set, defined as INLINEFORM0 , where INLINEFORM1 is the number of words in document INLINEFORM2 . The experimental results are summarized in Table TABREF33 . Based on the table, we have the following discussions:
Our proposed SLRTM consistently outperforms the baseline models by significant margins, showing its outstanding ability in modelling the generative process of documents. In fact, as tested in our further verifications, the perplexity of SLRTM is close to that of standard LSTM language model, with a small gap of about 100 (higher perplexity) on both datasets which we conjecture is due to the margin between the lower bound in equation ( EQREF16 ) and true data likelihood for SLRTM.
Models that consider sequential property within sentences (i.e., GMNTM and SLRTM) are generally better than other models, which verifies the importance of words' sequential information. Furthermore, LSTM-RNN is much better in modelling such a sequential dependency than standard feed-forward networks with fixed words window as input, as verified by the lower perplexity of SLRTM compared with GMNTM.
In this experiment, we fed the document vectors (e.g., the INLINEFORM0 values in SLRTM) learnt by different topic models to supervised classifiers, to compare their representation power. For 20Newsgroup, we used the multi-class logistic regression classifier and used accuracy as the evaluation criterion. For Wiki10+, since multiple labels (tags) might be associated with each document, we used logistic regression for each label and the classification result is measured by Micro- INLINEFORM1 score BIBREF33 . For both datasets, we use INLINEFORM2 of the original training set for validation, and the remaining for training.
All the classification results are shown in Table TABREF37 . From the table, we can see that SLRTM is the best model under each setting on both datasets. We can further find that the embedding based methods (Doc-NADE, GMNTM and SLRTM) generate better document representations than other models, demonstrating the representative power of neural networks based on distributed representations. In addition, when the training data is larger (i.e., with more sentences per document as Wiki10+), GMNTM generates worse topical information than Doc-NADE while our SLRTM outperforms Doc-NADE, showing that with sufficient data, SLRTM is more effective in topic modeling since topic coherence is further constrained for each sentence.

## Qualitative Results
In this subsection, we demonstrate the capability of SLRTM in generating reasonable and understandable sentences given particular topics. In the experiment, we trained a larger SLRTM with 128 topics on a randomly sampled INLINEFORM0 Wikipedia documents in the year of 2010 with average 275 words per document. The dictionary is composed of roughly INLINEFORM1 most frequent words including common punctuation marks, with uppercase letters transformed into lowercases. The size of word embedding, topic embedding and RNN hidden layer are set to 512, 1024 and 1024, respectively.
We used two different mechanisms in sentence generating. The first mechanism is random sampling new word INLINEFORM0 at every time step INLINEFORM1 from the probability distribution defined in equation ( EQREF13 ). The second is dynamic programming based beam search BIBREF19 , which seeks to generate sentences by globally maximized likelihood. We set the beam size as 30. The generating process terminates until a predefined maximum sentence length is reached (set as 25) or an EOS token is met. Such an EOS is also appended after every training sentence.
The generating results are shown in Table TABREF40 . In the table, the sentences generated by random sampling and beam search are shown in the second and the third columns respectively. In the fourth column, we show the most representative words for each topics generated by SLRTM. For this purpose, we constrained the maximum sentence length to 1 in beam search, and removed stop words that are frequently used to start a sentence such as the, he, and there.
From the table we have the following observations:
Most of the sentences generated by both mechanisms are natural and semantically correlated with particular topics that are summarized in the first column of the table.
The random sampling mechanism usually produces diverse sentences, whereas some grammar errors may happen (e.g., the last sampled sentence for Topic 4; re-ranking the randomly sampled words by a standalone language model might further improve the correctness of the sentence). In contrast, sentences outputted by beam search are safer in matching grammar rules, but are not diverse enough. This is consistent with the observations in BIBREF21 .
In addition to topic2sentece, SLRTM maintains the capability of generating words for topics (shown in the last column of the table), similar to conventional topic models.

## Conclusion
In this paper, we proposed a novel topic model called Sentence Level Recurrent Topic Model (SLRTM), which models the sequential dependency of words and topic coherence within a sentence using Recurrent Neural Networks, and shows superior performance in both predictive document modeling and document classification. In addition, it makes topic2sentence possible, which can benefit many real world tasks such as personalized short text conversation (STC).
In the future, we plan to integrate SLRTM into RNN-based STC systems BIBREF20 to make the dialogue more topic sensitive. We would also like to conduct large scale SLRTM training on bigger corpus with more topics by specially designed scalable algorithms and computational platforms.

Question: Which tasks are explored in this paper?
JSON: [/INST]
[INST] ","































































































































































































",generative model evaluation (i.e. test set perplexity) and document classification | generative model evaluation document classification | generative model evaluation (i.e. test set perplexity) document classification | generative document evaluation task document classification task topic2sentence task
6e040e80f2da69d50386a90a38ed6d2fa4f77bbd,"<s>
[INST] You are a precise scientific QA assistant. Use only the provided paper text. If the question is not answerable from the text, reply with answer 'UNANSWERABLE'.

Return a STRICT JSON object with keys exactly:
{ ""answer"": ""<string>"", ""evidence"": [""<verbatim span 1>"", ""<verbatim span 2>""] }
- 'answer' must be 1-3 sentences or 'UNANSWERABLE'.
- 'evidence' must be 0-5 verbatim snippets copied from the paper text (no paraphrases).
No extra commentary.

Paper title: TENER: Adapting Transformer Encoder for Named Entity Recognition

Paper text:
# TENER: Adapting Transformer Encoder for Named Entity Recognition

## Abstract
The Bidirectional long short-term memory networks (BiLSTM) have been widely used as an encoder in models solving the named entity recognition (NER) task. Recently, the Transformer is broadly adopted in various Natural Language Processing (NLP) tasks owing to its parallelism and advantageous performance. Nevertheless, the performance of the Transformer in NER is not as good as it is in other NLP tasks. In this paper, we propose TENER, a NER architecture adopting adapted Transformer Encoder to model the character-level features and word-level features. By incorporating the direction and relative distance aware attention and the un-scaled attention, we prove the Transformer-like encoder is just as effective for NER as other NLP tasks.

## Introduction
The named entity recognition (NER) is the task of finding the start and end of an entity in a sentence and assigning a class for this entity. NER has been widely studied in the field of natural language processing (NLP) because of its potential assistance in question generation BIBREF0, relation extraction BIBREF1, and coreference resolution BIBREF2. Since BIBREF3, various neural models have been introduced to avoid hand-crafted features BIBREF4, BIBREF5, BIBREF6.
NER is usually viewed as a sequence labeling task, the neural models usually contain three components: word embedding layer, context encoder layer, and decoder layer BIBREF4, BIBREF5, BIBREF6, BIBREF7, BIBREF8, BIBREF9, BIBREF10. The difference between various NER models mainly lies in the variance in these components.
Recurrent Neural Networks (RNNs) are widely employed in NLP tasks due to its sequential characteristic, which is aligned well with language. Specifically, bidirectional long short-term memory networks (BiLSTM) BIBREF11 is one of the most widely used RNN structures. BIBREF4 was the first one to apply the BiLSTM and Conditional Random Fields (CRF) BIBREF12 to sequence labeling tasks. Owing to BiLSTM's high power to learn the contextual representation of words, it has been adopted by the majority of NER models as the encoder BIBREF5, BIBREF6, BIBREF9, BIBREF10.
Recently, Transformer BIBREF13 began to prevail in various NLP tasks, like machine translation BIBREF13, language modeling BIBREF14, and pretraining models BIBREF15. The Transformer encoder adopts a fully-connected self-attention structure to model the long-range context, which is the weakness of RNNs. Moreover, Transformer has better parallelism ability than RNNs. However, in the NER task, Transformer encoder has been reported to perform poorly BIBREF16, our experiments also confirm this result. Therefore, it is intriguing to explore the reason why Transformer does not work well in NER task.
In this paper, we analyze the properties of Transformer and propose two specific improvements for NER.
The first is that the sinusoidal position embedding used in the vanilla Transformer is aware of distance but unaware of the directionality. In addition, this property will lose when used in the vanilla Transformer. However, both the direction and distance information are important in the NER task. For example in Fig FIGREF3, words after “in"" are more likely to be a location or time than words before it, and words before “Inc."" are mostly likely to be of the entity type “ORG"". Besides, an entity is a continuous span of words. Therefore, the awareness of distance might help the word better recognizes its neighbor. To endow the Transformer with the ability of direction- and distance-awareness, we adopt the relative positional encoding BIBREF17, BIBREF18, BIBREF19. instead of the absolute position encoding. We propose a revised relative positional encoding that uses fewer parameters and performs better.
The second is an empirical finding. The attention distribution of the vanilla Transformer is scaled and smooth. But for NER, a sparse attention is suitable since not all words are necessary to be attended. Given a current word, a few contextual words are enough to judge its label. The smooth attention could include some noisy information. Therefore, we abandon the scale factor of dot-production attention and use an un-scaled and sharp attention.
With the above improvements, we can greatly boost the performance of Transformer encoder for NER.
Other than only using Transformer to model the word-level context, we also tried to apply it as a character encoder to model word representation with character-level information. The previous work has proved that character encoder is necessary to capture the character-level features and alleviate the out-of-vocabulary (OOV) problem BIBREF6, BIBREF5, BIBREF7, BIBREF20. In NER, CNN is commonly used as the character encoder. However, we argue that CNN is also not perfect for representing character-level information, because the receptive field of CNN is limited, and the kernel size of the CNN character encoder is usually 3, which means it cannot correctly recognize 2-gram or 4-gram patterns. Although we can deliberately design different kernels, CNN still cannot solve patterns with discontinuous characters, such as “un..ily” in “unhappily"" and “unnecessarily"". Instead, the Transformer-based character encoder shall not only fully make use of the concurrence power of GPUs, but also have the potentiality to recognize different n-grams and even discontinuous patterns. Therefore, in this paper, we also try to use Transformer as the character encoder, and we compare four kinds of character encoders.
In summary, to improve the performance of the Transformer-based model in the NER task, we explicitly utilize the directional relative positional encoding, reduce the number of parameters and sharp the attention distribution. After the adaptation, the performance raises a lot, making our model even performs better than BiLSTM based models. Furthermore, in the six NER datasets, we achieve state-of-the-art performance among models without considering the pre-trained language models or designed features.

## Related Work ::: Neural Architecture for NER
BIBREF3 utilized the Multi-Layer Perceptron (MLP) and CNN to avoid using task-specific features to tackle different sequence labeling tasks, such as Chunking, Part-of-Speech (POS) and NER. In BIBREF4, BiLSTM-CRF was introduced to solve sequence labeling questions. Since then, the BiLSTM has been extensively used in the field of NER BIBREF7, BIBREF21, BIBREF22, BIBREF5.
Despite BiLSTM's great success in the NER task, it has to compute token representations one by one, which massively hinders full exploitation of GPU's parallelism. Therefore, CNN has been proposed by BIBREF23, BIBREF24 to encode words concurrently. In order to enlarge the receptive field of CNNs, BIBREF23 used iterative dilated CNNs (ID-CNN).
Since the word shape information, such as the capitalization and n-gram, is important in recognizing named entities, CNN and BiLSTM have been used to extract character-level information BIBREF7, BIBREF6, BIBREF5, BIBREF23, BIBREF8.
Almost all neural-based NER models used pre-trained word embeddings, like Word2vec and Glove BIBREF25, BIBREF26. And when contextual word embeddings are combined, the performance of NER models will boost a lot BIBREF27, BIBREF28, BIBREF29. ELMo introduced by BIBREF28 used the CNN character encoder and BiLSTM language models to get contextualized word representations. Except for the BiLSTM based pre-trained models, BERT was based on Transformer BIBREF15.

## Related Work ::: Transformer
Transformer was introduced by BIBREF13, which was mainly based on self-attention. It achieved great success in various NLP tasks. Since the self-attention mechanism used in the Transformer is unaware of positions, to avoid this shortage, position embeddings were used BIBREF13, BIBREF15. Instead of using the sinusoidal position embedding BIBREF13 and learned absolute position embedding, BIBREF17 argued that the distance between two tokens should be considered when calculating their attention score. BIBREF18 reduced the computation complexity of relative positional encoding from $O(l^2d)$ to $O(ld)$, where $l$ is the length of sequences and $d$ is the hidden size. BIBREF19 derived a new form of relative positional encodings, so that the relative relation could be better considered.

## Related Work ::: Transformer ::: Transformer Encoder Architecture
We first introduce the Transformer encoder proposed in BIBREF13. The Transformer encoder takes in an matrix $H \in \mathbb {R}^{l \times d}$, where $l$ is the sequence length, $d$ is the input dimension. Then three learnable matrix $W_q$, $W_k$, $W_v$ are used to project $H$ into different spaces. Usually, the matrix size of the three matrix are all $\mathbb {R}^{d \times d_k}$, where $d_k$ is a hyper-parameter. After that, the scaled dot-product attention can be calculated by the following equations,
where $Q_t$ is the query vector of the $t$th token, $j$ is the token the $t$th token attends. $K_j$ is the key vector representation of the $j$th token. The softmax is along the last dimension. Instead of using one group of $W_q$, $W_k$, $W_v$, using several groups will enhance the ability of self-attention. When several groups are used, it is called multi-head self-attention, the calculation can be formulated as follows,
where $n$ is the number of heads, the superscript $h$ represents the head index. $[head^{(1)}; ...; head^{(n)}]$ means concatenation in the last dimension. Usually $d_k \times n = d$, which means the output of $[head^{(1)}; ...; head^{(n)}]$ will be of size $\mathbb {R}^{l \times d}$. $W_o$ is a learnable parameter, which is of size $\mathbb {R}^{d \times d}$.
The output of the multi-head attention will be further processed by the position-wise feed-forward networks, which can be represented as follows,
where $W_1$, $W_2$, $b_1$, $b_2$ are learnable parameters, and $W_1 \in \mathbb {R}^{d \times d_{ff}}$, $W_2 \in \mathbb {R}^{d_{ff} \times d}$, $b_1 \in \mathbb {R}^{d_{ff}}$, $b_2 \in \mathbb {R}^{d}$. $d_{ff}$ is a hyper-parameter. Other components of the Transformer encoder includes layer normalization and Residual connection, we use them the same as BIBREF13.

## Related Work ::: Transformer ::: Position Embedding
The self-attention is not aware of the positions of different tokens, making it unable to capture the sequential characteristic of languages. In order to solve this problem, BIBREF13 suggested to use position embeddings generated by sinusoids of varying frequency. The $t$th token's position embedding can be represented by the following equations
where $i$ is in the range of $[0, \frac{d}{2}]$, $d$ is the input dimension. This sinusoid based position embedding makes Transformer have an ability to model the position of a token and the distance of each two tokens. For any fixed offset $k$, $PE_{t+k}$ can be represented by a linear transformation of $PE_{t}$ BIBREF13.

## Proposed Model
In this paper, we utilize the Transformer encoder to model the long-range and complicated interactions of sentence for NER. The structure of proposed model is shown in Fig FIGREF12. We detail each parts in the following sections.

## Proposed Model ::: Embedding Layer
To alleviate the problems of data sparsity and out-of-vocabulary (OOV), most NER models adopted the CNN character encoder BIBREF5, BIBREF30, BIBREF8 to represent words. Compared to BiLSTM based character encoder BIBREF6, BIBREF31, CNN is more efficient. Since Transformer can also fully exploit the GPU's parallelism, it is interesting to use Transformer as the character encoder. A potential benefit of Transformer-based character encoder is to extract different n-grams and even uncontinuous character patterns, like “un..ily” in “unhappily” and “uneasily”. For the model's uniformity, we use the “adapted Transformer” to represent the Transformer introduced in next subsection.
The final word embedding is the concatenation of the character features extracted by the character encoder and the pre-trained word embeddings.

## Proposed Model ::: Encoding Layer with Adapted Transformer
Although Transformer encoder has potential advantage in modeling long-range context, it is not working well for NER task. In this paper, we propose an adapted Transformer for NER task with two improvements.

## Proposed Model ::: Encoding Layer with Adapted Transformer ::: Direction- and Distance-Aware Attention
Inspired by the success of BiLSTM in NER tasks, we consider what properties the Transformer lacks compared to BiLSTM-based models. One observation is that BiLSTM can discriminatively collect the context information of a token from its left and right sides. But it is not easy for the Transformer to distinguish which side the context information comes from.
Although the dot product between two sinusoidal position embeddings is able to reflect their distance, it lacks directionality and this property will be broken by the vanilla Transformer attention. To illustrate this, we first prove two properties of the sinusoidal position embeddings.
Property 1 For an offset $k$ and a position $t$, $PE_{t+k}^TPE_{t}$ only depends on $k$, which means the dot product of two sinusoidal position embeddings can reflect the distance between two tokens.
Based on the definitions of Eq.(DISPLAY_FORM11) and Eq.(), the position embedding of $t$-th token is PEt = [ c (c0t)
(c0t)
$\vdots $
(cd2-1t)
(cd2-1t)
], where $d$ is the dimension of the position embedding, $c_i$ is a constant decided by $i$, and its value is $1/10000^{2i/d}$.
Therefore,
where Eq.(DISPLAY_FORM17) to Eq.() is based on the equation $\cos (x-y) = \sin (x)\sin (y) + \cos (x)\cos (y)$.
Property 2 For an offset $k$ and a position $t$, $PE_{t}^TPE_{t-k}=PE_{t}^TPE_{t+k}$, which means the sinusoidal position embeddings is unware of directionality.
Let $j=t-k$, according to property 1, we have
The relation between $d$, $k$ and $PE_t^TPE_{t+k}$ is displayed in Fig FIGREF18. The sinusoidal position embeddings are distance-aware but lacks directionality.
However, the property of distance-awareness also disappears when $PE_t$ is projected into the query and key space of self-attention. Since in vanilla Transformer the calculation between $PE_t$ and $PE_{t+k}$ is actually $PE_t^TW_q^TW_kPE_{t+k}$, where $W_q, W_k$ are parameters in Eq.(DISPLAY_FORM7). Mathematically, it can be viewed as $PE_t^TWPE_{t+k}$ with only one parameter $W$. The relation between $PE_t^TPE_{t+k}$ and $PE_t^TWPE_{t+k}$ is depicted in Fig FIGREF19.
Therefore, to improve the Transformer with direction- and distance-aware characteristic, we calculate the attention scores using the equations below:
where $t$ is index of the target token, $j$ is the index of the context token, $Q_t, K_j$ is the query vector and key vector of token $t, j$ respectively, $W_q, W_v \in \mathbb {R}^{d \times d_k}$. To get $H_{d_k}\in \mathbb {R}^{l \times d_k}$, we first split $H$ into $d/d_k$ partitions in the second dimension, then for each head we use one partition. $\mathbf {u} \in \mathbb {R}^{d_k}$, $\mathbf {v} \in \mathbb {R}^{d_k}$ are learnable parameters, $R_{t-j}$ is the relative positional encoding, and $R_{t-j} \in \mathbb {R}^{d_k}$, $i$ in Eq.() is in the range $[0, \frac{d_k}{2}]$. $Q_t^TK_j$ in Eq.() is the attention score between two tokens; $Q_t^TR_{t-j}$ is the $t$th token's bias on certain relative distance; $u^TK_j$ is the bias on the $j$th token; $v^TR_{t-j}$ is the bias term for certain distance and direction.
Based on Eq.(), we have
because $\sin (-x)=-\sin (x), \cos (x)=\cos (-x)$. This means for an offset $t$, the forward and backward relative positional encoding are the same with respect to the $\cos (c_it)$ terms, but is the opposite with respect to the $\sin (c_it)$ terms. Therefore, by using $R_{t-j}$, the attention score can distinguish different directions and distances.
The above improvement is based on the work BIBREF17, BIBREF19. Since the size of NER datasets is usually small, we avoid direct multiplication of two learnable parameters, because they can be represented by one learnable parameter. Therefore we do not use $W_k$ in Eq.(DISPLAY_FORM22). The multi-head version is the same as Eq.(DISPLAY_FORM8), but we discard $W_o$ since it is directly multiplied by $W_1$ in Eq.(DISPLAY_FORM9).

## Proposed Model ::: Encoding Layer with Adapted Transformer ::: Un-scaled Dot-Product Attention
The vanilla Transformer use the scaled dot-product attention to smooth the output of softmax function. In Eq.(), the dot product of key and value matrices is divided by the scaling factor $\sqrt{d_k}$.
We empirically found that models perform better without the scaling factor $\sqrt{d_k}$. We presume this is because without the scaling factor the attention will be sharper. And the sharper attention might be beneficial in the NER task since only few words in the sentence are named entities.

## Proposed Model ::: CRF Layer
In order to take advantage of dependency between different tags, the Conditional Random Field (CRF) was used in all of our models. Given a sequence $\mathbf {s}=[s_1, s_2, ..., s_T]$, the corresponding golden label sequence is $\mathbf {y}=[y_1, y_2, ..., y_T]$, and $\mathbf {Y}(\mathbf {s})$ represents all valid label sequences. The probability of $\mathbf {y}$ is calculated by the following equation
where $f(\mathbf {y}_{t-1},\mathbf {y}_t,\mathbf {s})$ computes the transition score from $\mathbf {y}_{t-1}$ to $\mathbf {y}_t$ and the score for $\mathbf {y}_t$. The optimization target is to maximize $P(\mathbf {y}|\mathbf {s})$. When decoding, the Viterbi Algorithm is used to find the path achieves the maximum probability.

## Experiment ::: Data
We evaluate our model in two English NER datasets and four Chinese NER datasets.
(1) CoNLL2003 is one of the most evaluated English NER datasets, which contains four different named entities: PERSON, LOCATION, ORGANIZATION, and MISC BIBREF34.
(2) OntoNotes 5.0 is an English NER dataset whose corpus comes from different domains, such as telephone conversation, newswire. We exclude the New Testaments portion since there is no named entity in it BIBREF8, BIBREF7. This dataset has eleven entity names and seven value types, like CARDINAL, MONEY, LOC.
(3) BIBREF35 released OntoNotes 4.0. In this paper, we use the Chinese part. We adopted the same pre-process as BIBREF36.
(4) The corpus of the Chinese NER dataset MSRA came from news domain BIBREF37.
(5) Weibo NER was built based on text in Chinese social media Sina Weibo BIBREF38, and it contained 4 kinds of entities.
(6) Resume NER was annotated by BIBREF33.
Their statistics are listed in Table TABREF28. For all datasets, we replace all digits with “0”, and use the BIOES tag schema. For English, we use the Glove 100d pre-trained embedding BIBREF25. For the character encoder, we use 30d randomly initialized character embeddings. More details on models' hyper-parameters can be found in the supplementary material. For Chinese, we used the character embedding and bigram embedding released by BIBREF33. All pre-trained embeddings are finetuned during training. In order to reduce the impact of randomness, we ran all of our experiments at least three times, and its average F1 score and standard deviation are reported.
We used random-search to find the optimal hyper-parameters, hyper-parameters and their ranges are displayed in the supplemental material. We use SGD and 0.9 momentum to optimize the model. We run 100 epochs and each batch has 16 samples. During the optimization, we use the triangle learning rate BIBREF39 where the learning rate rises to the pre-set learning rate at the first 1% steps and decreases to 0 in the left 99% steps. The model achieves the highest development performance was used to evaluate the test set. The hyper-parameter search range and other settings can be found in the supplementary material. Codes are available at https://github.com/fastnlp/TENER.

## Experiment ::: Results on Chinese NER Datasets
We first present our results in the four Chinese NER datasets. Since Chinese NER is directly based on the characters, it is more straightforward to show the abilities of different models without considering the influence of word representation.
As shown in Table TABREF29, the vanilla Transformer does not perform well and is worse than the BiLSTM and CNN based models. However, when relative positional encoding combined, the performance was enhanced greatly, resulting in better results than the BiLSTM and CNN in all datasets. The number of training examples of the Weibo dataset is tiny, therefore the performance of the Transformer is abysmal, which is as expected since the Transformer is data-hungry. Nevertheless, when enhanced with the relative positional encoding and unscaled attention, it can achieve even better performance than the BiLSTM-based model. The superior performance of the adapted Transformer in four datasets ranging from small datasets to big datasets depicts that the adapted Transformer is more robust to the number of training examples than the vanilla Transformer. As the last line of Table TABREF29 depicts, the scaled attention will deteriorate the performance.

## Experiment ::: Results on English NER datasets
The comparison between different NER models on English NER datasets is shown in Table TABREF32. The poor performance of the Transformer in the NER datasets was also reported by BIBREF16. Although performance of the Transformer is higher than BIBREF16, it still lags behind the BiLSTM-based models BIBREF5. Nonetheless, the performance is massively enhanced by incorporating the relative positional encoding and unscaled attention into the Transformer. The adaptation not only makes the Transformer achieve superior performance than BiLSTM based models, but also unveil the new state-of-the-art performance in two NER datasets when only the Glove 100d embedding and CNN character embedding are used. The same deterioration of performance was observed when using the scaled attention. Besides, if ELMo was used BIBREF28, the performance of TENER can be further boosted as depicted in Table TABREF33.

## Experiment ::: Analysis of Different Character Encoders
The character-level encoder has been widely used in the English NER task to alleviate the data sparsity and OOV problem in word representation. In this section, we cross different character-level encoders (BiLSTM, CNN, Transformer encoder and our adapted Transformer encoder (AdaTrans for short) ) and different word-level encoders (BiLSTM, ID-CNN and AdaTrans) to implement the NER task. Results on CoNLL2003 and OntoNotes 5.0 are presented in Table TABREF34 and Table TABREF34, respectively.
The ID-CNN encoder is from BIBREF23, and we re-implement their model in PyTorch. For different combinations, we use random search to find its best hyper-parameters. Hyper-parameters for character encoders were fixed. The details can be found in the supplementary material.
For the results on CoNLL2003 dataset which is depicted in Table TABREF34, the AdaTrans performs as good as the BiLSTM in different character encoder scenario averagely. In addition, from Table TABREF34, we can find the pattern that the AdaTrans character encoder outpaces the BiLSTM and CNN character encoders when different word-level encoders being used. Moreover, no matter what character encoder being used or none being used, the AdaTrans word-level encoder gets the best performance. This implies that when the number of training examples increases, the AdaTrans character-level and word-level encoder can better realize their ability.

## Experiment ::: Convergent Speed Comparison
We compare the convergent speed of BiLSTM, ID-CNN, Transformer, and TENER in the development set of the OntoNotes 5.0. The curves are shown in Fig FIGREF37. TENER converges as fast as the BiLSTM model and outperforms the vanilla Transformer.

## Conclusion
In this paper, we propose TENER, a model adopting Transformer Encoder with specific customizations for the NER task. Transformer Encoder has a powerful ability to capture the long-range context. In order to make the Transformer more suitable to the NER task, we introduce the direction-aware, distance-aware and un-scaled attention. Experiments in two English NER tasks and four Chinese NER tasks show that the performance can be massively increased. Under the same pre-trained embeddings and external knowledge, our proposed modification outperforms previous models in the six datasets. Meanwhile, we also found the adapted Transformer is suitable for being used as the English character encoder, because it has the potentiality to extract intricate patterns from characters. Experiments in two English NER datasets show that the adapted Transformer character encoder performs better than BiLSTM and CNN character encoders.

## Supplemental Material ::: Character Encoder
We exploit four kinds of character encoders. For all character encoders, the randomly initialized character embeddings are 30d. The hidden size of BiLSTM used in the character encoder is 50d in each direction. The kernel size of CNN used in the character encoder is 3, and we used 30 kernels with stride 1. For Transformer and adapted Transformer, the number of heads is 3, and every head is 10d, the dropout rate is 0.15, the feed-forward dimension is 60. The Transformer used the sinusoid position embedding. The number of parameters for the character encoder (excluding character embedding) when using BiLSTM, CNN, Transformer and adapted Transformer are 35830, 3660, 8460 and 6600 respectively. For all experiments, the hyper-parameters of character encoders stay unchanged.

## Supplemental Material ::: Hyper-parameters
The hyper-parameters and search ranges for different encoders are presented in Table TABREF40, Table TABREF41 and Table TABREF42.

Question: Which NER dataset do they use?
JSON: [/INST]
[INST] ","based datasets: CoNLL2003, OntoNotes 5.0

Question: What is the difference between the Transformer and the AdaTransformer?
The Transformer is a standard Transformer model, while the AdaTransformer is a customized Transformer model for the NER task.

Question: What is the difference between the BiLSTM and the CNN?
The BiLSTM is a standard LSTM model, while the CNN is a standard convolutional neural network model.

Question: What is the difference between the ID-CNN and the AdaTransformer?
The ID-CNN is a standard convolutional neural network model, while the AdaTransformer is a customized convolutional neural network model for the NER task.

Question: What is the difference between the TENER and the AdaTransformer?
The TENER is a standard","CoNLL2003 OntoNotes 5.0 OntoNotes 4.0. Chinese NER dataset MSRA Weibo NER Resume NER | CoNLL2003 OntoNotes 5.0 OntoNotes 4.0 MSRA Weibo Resume | CoNLL2003 OntoNotes 5.0 OntoNotes 4.0 MSRA Weibo NER Resume NER | CoNLL2003 OntoNotes 5.0 BIBREF35 released OntoNotes 4.0. In this paper, we use the Chinese part Chinese NER dataset MSRA Weibo NER Resume NER"
aebd1f0d728d0de5f76238844da044a44109f76f,"<s>
[INST] You are a precise scientific QA assistant. Use only the provided paper text. If the question is not answerable from the text, reply with answer 'UNANSWERABLE'.

Return a STRICT JSON object with keys exactly:
{ ""answer"": ""<string>"", ""evidence"": [""<verbatim span 1>"", ""<verbatim span 2>""] }
- 'answer' must be 1-3 sentences or 'UNANSWERABLE'.
- 'evidence' must be 0-5 verbatim snippets copied from the paper text (no paraphrases).
No extra commentary.

Paper title: TENER: Adapting Transformer Encoder for Named Entity Recognition

Paper text:
# TENER: Adapting Transformer Encoder for Named Entity Recognition

## Abstract
The Bidirectional long short-term memory networks (BiLSTM) have been widely used as an encoder in models solving the named entity recognition (NER) task. Recently, the Transformer is broadly adopted in various Natural Language Processing (NLP) tasks owing to its parallelism and advantageous performance. Nevertheless, the performance of the Transformer in NER is not as good as it is in other NLP tasks. In this paper, we propose TENER, a NER architecture adopting adapted Transformer Encoder to model the character-level features and word-level features. By incorporating the direction and relative distance aware attention and the un-scaled attention, we prove the Transformer-like encoder is just as effective for NER as other NLP tasks.

## Introduction
The named entity recognition (NER) is the task of finding the start and end of an entity in a sentence and assigning a class for this entity. NER has been widely studied in the field of natural language processing (NLP) because of its potential assistance in question generation BIBREF0, relation extraction BIBREF1, and coreference resolution BIBREF2. Since BIBREF3, various neural models have been introduced to avoid hand-crafted features BIBREF4, BIBREF5, BIBREF6.
NER is usually viewed as a sequence labeling task, the neural models usually contain three components: word embedding layer, context encoder layer, and decoder layer BIBREF4, BIBREF5, BIBREF6, BIBREF7, BIBREF8, BIBREF9, BIBREF10. The difference between various NER models mainly lies in the variance in these components.
Recurrent Neural Networks (RNNs) are widely employed in NLP tasks due to its sequential characteristic, which is aligned well with language. Specifically, bidirectional long short-term memory networks (BiLSTM) BIBREF11 is one of the most widely used RNN structures. BIBREF4 was the first one to apply the BiLSTM and Conditional Random Fields (CRF) BIBREF12 to sequence labeling tasks. Owing to BiLSTM's high power to learn the contextual representation of words, it has been adopted by the majority of NER models as the encoder BIBREF5, BIBREF6, BIBREF9, BIBREF10.
Recently, Transformer BIBREF13 began to prevail in various NLP tasks, like machine translation BIBREF13, language modeling BIBREF14, and pretraining models BIBREF15. The Transformer encoder adopts a fully-connected self-attention structure to model the long-range context, which is the weakness of RNNs. Moreover, Transformer has better parallelism ability than RNNs. However, in the NER task, Transformer encoder has been reported to perform poorly BIBREF16, our experiments also confirm this result. Therefore, it is intriguing to explore the reason why Transformer does not work well in NER task.
In this paper, we analyze the properties of Transformer and propose two specific improvements for NER.
The first is that the sinusoidal position embedding used in the vanilla Transformer is aware of distance but unaware of the directionality. In addition, this property will lose when used in the vanilla Transformer. However, both the direction and distance information are important in the NER task. For example in Fig FIGREF3, words after “in"" are more likely to be a location or time than words before it, and words before “Inc."" are mostly likely to be of the entity type “ORG"". Besides, an entity is a continuous span of words. Therefore, the awareness of distance might help the word better recognizes its neighbor. To endow the Transformer with the ability of direction- and distance-awareness, we adopt the relative positional encoding BIBREF17, BIBREF18, BIBREF19. instead of the absolute position encoding. We propose a revised relative positional encoding that uses fewer parameters and performs better.
The second is an empirical finding. The attention distribution of the vanilla Transformer is scaled and smooth. But for NER, a sparse attention is suitable since not all words are necessary to be attended. Given a current word, a few contextual words are enough to judge its label. The smooth attention could include some noisy information. Therefore, we abandon the scale factor of dot-production attention and use an un-scaled and sharp attention.
With the above improvements, we can greatly boost the performance of Transformer encoder for NER.
Other than only using Transformer to model the word-level context, we also tried to apply it as a character encoder to model word representation with character-level information. The previous work has proved that character encoder is necessary to capture the character-level features and alleviate the out-of-vocabulary (OOV) problem BIBREF6, BIBREF5, BIBREF7, BIBREF20. In NER, CNN is commonly used as the character encoder. However, we argue that CNN is also not perfect for representing character-level information, because the receptive field of CNN is limited, and the kernel size of the CNN character encoder is usually 3, which means it cannot correctly recognize 2-gram or 4-gram patterns. Although we can deliberately design different kernels, CNN still cannot solve patterns with discontinuous characters, such as “un..ily” in “unhappily"" and “unnecessarily"". Instead, the Transformer-based character encoder shall not only fully make use of the concurrence power of GPUs, but also have the potentiality to recognize different n-grams and even discontinuous patterns. Therefore, in this paper, we also try to use Transformer as the character encoder, and we compare four kinds of character encoders.
In summary, to improve the performance of the Transformer-based model in the NER task, we explicitly utilize the directional relative positional encoding, reduce the number of parameters and sharp the attention distribution. After the adaptation, the performance raises a lot, making our model even performs better than BiLSTM based models. Furthermore, in the six NER datasets, we achieve state-of-the-art performance among models without considering the pre-trained language models or designed features.

## Related Work ::: Neural Architecture for NER
BIBREF3 utilized the Multi-Layer Perceptron (MLP) and CNN to avoid using task-specific features to tackle different sequence labeling tasks, such as Chunking, Part-of-Speech (POS) and NER. In BIBREF4, BiLSTM-CRF was introduced to solve sequence labeling questions. Since then, the BiLSTM has been extensively used in the field of NER BIBREF7, BIBREF21, BIBREF22, BIBREF5.
Despite BiLSTM's great success in the NER task, it has to compute token representations one by one, which massively hinders full exploitation of GPU's parallelism. Therefore, CNN has been proposed by BIBREF23, BIBREF24 to encode words concurrently. In order to enlarge the receptive field of CNNs, BIBREF23 used iterative dilated CNNs (ID-CNN).
Since the word shape information, such as the capitalization and n-gram, is important in recognizing named entities, CNN and BiLSTM have been used to extract character-level information BIBREF7, BIBREF6, BIBREF5, BIBREF23, BIBREF8.
Almost all neural-based NER models used pre-trained word embeddings, like Word2vec and Glove BIBREF25, BIBREF26. And when contextual word embeddings are combined, the performance of NER models will boost a lot BIBREF27, BIBREF28, BIBREF29. ELMo introduced by BIBREF28 used the CNN character encoder and BiLSTM language models to get contextualized word representations. Except for the BiLSTM based pre-trained models, BERT was based on Transformer BIBREF15.

## Related Work ::: Transformer
Transformer was introduced by BIBREF13, which was mainly based on self-attention. It achieved great success in various NLP tasks. Since the self-attention mechanism used in the Transformer is unaware of positions, to avoid this shortage, position embeddings were used BIBREF13, BIBREF15. Instead of using the sinusoidal position embedding BIBREF13 and learned absolute position embedding, BIBREF17 argued that the distance between two tokens should be considered when calculating their attention score. BIBREF18 reduced the computation complexity of relative positional encoding from $O(l^2d)$ to $O(ld)$, where $l$ is the length of sequences and $d$ is the hidden size. BIBREF19 derived a new form of relative positional encodings, so that the relative relation could be better considered.

## Related Work ::: Transformer ::: Transformer Encoder Architecture
We first introduce the Transformer encoder proposed in BIBREF13. The Transformer encoder takes in an matrix $H \in \mathbb {R}^{l \times d}$, where $l$ is the sequence length, $d$ is the input dimension. Then three learnable matrix $W_q$, $W_k$, $W_v$ are used to project $H$ into different spaces. Usually, the matrix size of the three matrix are all $\mathbb {R}^{d \times d_k}$, where $d_k$ is a hyper-parameter. After that, the scaled dot-product attention can be calculated by the following equations,
where $Q_t$ is the query vector of the $t$th token, $j$ is the token the $t$th token attends. $K_j$ is the key vector representation of the $j$th token. The softmax is along the last dimension. Instead of using one group of $W_q$, $W_k$, $W_v$, using several groups will enhance the ability of self-attention. When several groups are used, it is called multi-head self-attention, the calculation can be formulated as follows,
where $n$ is the number of heads, the superscript $h$ represents the head index. $[head^{(1)}; ...; head^{(n)}]$ means concatenation in the last dimension. Usually $d_k \times n = d$, which means the output of $[head^{(1)}; ...; head^{(n)}]$ will be of size $\mathbb {R}^{l \times d}$. $W_o$ is a learnable parameter, which is of size $\mathbb {R}^{d \times d}$.
The output of the multi-head attention will be further processed by the position-wise feed-forward networks, which can be represented as follows,
where $W_1$, $W_2$, $b_1$, $b_2$ are learnable parameters, and $W_1 \in \mathbb {R}^{d \times d_{ff}}$, $W_2 \in \mathbb {R}^{d_{ff} \times d}$, $b_1 \in \mathbb {R}^{d_{ff}}$, $b_2 \in \mathbb {R}^{d}$. $d_{ff}$ is a hyper-parameter. Other components of the Transformer encoder includes layer normalization and Residual connection, we use them the same as BIBREF13.

## Related Work ::: Transformer ::: Position Embedding
The self-attention is not aware of the positions of different tokens, making it unable to capture the sequential characteristic of languages. In order to solve this problem, BIBREF13 suggested to use position embeddings generated by sinusoids of varying frequency. The $t$th token's position embedding can be represented by the following equations
where $i$ is in the range of $[0, \frac{d}{2}]$, $d$ is the input dimension. This sinusoid based position embedding makes Transformer have an ability to model the position of a token and the distance of each two tokens. For any fixed offset $k$, $PE_{t+k}$ can be represented by a linear transformation of $PE_{t}$ BIBREF13.

## Proposed Model
In this paper, we utilize the Transformer encoder to model the long-range and complicated interactions of sentence for NER. The structure of proposed model is shown in Fig FIGREF12. We detail each parts in the following sections.

## Proposed Model ::: Embedding Layer
To alleviate the problems of data sparsity and out-of-vocabulary (OOV), most NER models adopted the CNN character encoder BIBREF5, BIBREF30, BIBREF8 to represent words. Compared to BiLSTM based character encoder BIBREF6, BIBREF31, CNN is more efficient. Since Transformer can also fully exploit the GPU's parallelism, it is interesting to use Transformer as the character encoder. A potential benefit of Transformer-based character encoder is to extract different n-grams and even uncontinuous character patterns, like “un..ily” in “unhappily” and “uneasily”. For the model's uniformity, we use the “adapted Transformer” to represent the Transformer introduced in next subsection.
The final word embedding is the concatenation of the character features extracted by the character encoder and the pre-trained word embeddings.

## Proposed Model ::: Encoding Layer with Adapted Transformer
Although Transformer encoder has potential advantage in modeling long-range context, it is not working well for NER task. In this paper, we propose an adapted Transformer for NER task with two improvements.

## Proposed Model ::: Encoding Layer with Adapted Transformer ::: Direction- and Distance-Aware Attention
Inspired by the success of BiLSTM in NER tasks, we consider what properties the Transformer lacks compared to BiLSTM-based models. One observation is that BiLSTM can discriminatively collect the context information of a token from its left and right sides. But it is not easy for the Transformer to distinguish which side the context information comes from.
Although the dot product between two sinusoidal position embeddings is able to reflect their distance, it lacks directionality and this property will be broken by the vanilla Transformer attention. To illustrate this, we first prove two properties of the sinusoidal position embeddings.
Property 1 For an offset $k$ and a position $t$, $PE_{t+k}^TPE_{t}$ only depends on $k$, which means the dot product of two sinusoidal position embeddings can reflect the distance between two tokens.
Based on the definitions of Eq.(DISPLAY_FORM11) and Eq.(), the position embedding of $t$-th token is PEt = [ c (c0t)
(c0t)
$\vdots $
(cd2-1t)
(cd2-1t)
], where $d$ is the dimension of the position embedding, $c_i$ is a constant decided by $i$, and its value is $1/10000^{2i/d}$.
Therefore,
where Eq.(DISPLAY_FORM17) to Eq.() is based on the equation $\cos (x-y) = \sin (x)\sin (y) + \cos (x)\cos (y)$.
Property 2 For an offset $k$ and a position $t$, $PE_{t}^TPE_{t-k}=PE_{t}^TPE_{t+k}$, which means the sinusoidal position embeddings is unware of directionality.
Let $j=t-k$, according to property 1, we have
The relation between $d$, $k$ and $PE_t^TPE_{t+k}$ is displayed in Fig FIGREF18. The sinusoidal position embeddings are distance-aware but lacks directionality.
However, the property of distance-awareness also disappears when $PE_t$ is projected into the query and key space of self-attention. Since in vanilla Transformer the calculation between $PE_t$ and $PE_{t+k}$ is actually $PE_t^TW_q^TW_kPE_{t+k}$, where $W_q, W_k$ are parameters in Eq.(DISPLAY_FORM7). Mathematically, it can be viewed as $PE_t^TWPE_{t+k}$ with only one parameter $W$. The relation between $PE_t^TPE_{t+k}$ and $PE_t^TWPE_{t+k}$ is depicted in Fig FIGREF19.
Therefore, to improve the Transformer with direction- and distance-aware characteristic, we calculate the attention scores using the equations below:
where $t$ is index of the target token, $j$ is the index of the context token, $Q_t, K_j$ is the query vector and key vector of token $t, j$ respectively, $W_q, W_v \in \mathbb {R}^{d \times d_k}$. To get $H_{d_k}\in \mathbb {R}^{l \times d_k}$, we first split $H$ into $d/d_k$ partitions in the second dimension, then for each head we use one partition. $\mathbf {u} \in \mathbb {R}^{d_k}$, $\mathbf {v} \in \mathbb {R}^{d_k}$ are learnable parameters, $R_{t-j}$ is the relative positional encoding, and $R_{t-j} \in \mathbb {R}^{d_k}$, $i$ in Eq.() is in the range $[0, \frac{d_k}{2}]$. $Q_t^TK_j$ in Eq.() is the attention score between two tokens; $Q_t^TR_{t-j}$ is the $t$th token's bias on certain relative distance; $u^TK_j$ is the bias on the $j$th token; $v^TR_{t-j}$ is the bias term for certain distance and direction.
Based on Eq.(), we have
because $\sin (-x)=-\sin (x), \cos (x)=\cos (-x)$. This means for an offset $t$, the forward and backward relative positional encoding are the same with respect to the $\cos (c_it)$ terms, but is the opposite with respect to the $\sin (c_it)$ terms. Therefore, by using $R_{t-j}$, the attention score can distinguish different directions and distances.
The above improvement is based on the work BIBREF17, BIBREF19. Since the size of NER datasets is usually small, we avoid direct multiplication of two learnable parameters, because they can be represented by one learnable parameter. Therefore we do not use $W_k$ in Eq.(DISPLAY_FORM22). The multi-head version is the same as Eq.(DISPLAY_FORM8), but we discard $W_o$ since it is directly multiplied by $W_1$ in Eq.(DISPLAY_FORM9).

## Proposed Model ::: Encoding Layer with Adapted Transformer ::: Un-scaled Dot-Product Attention
The vanilla Transformer use the scaled dot-product attention to smooth the output of softmax function. In Eq.(), the dot product of key and value matrices is divided by the scaling factor $\sqrt{d_k}$.
We empirically found that models perform better without the scaling factor $\sqrt{d_k}$. We presume this is because without the scaling factor the attention will be sharper. And the sharper attention might be beneficial in the NER task since only few words in the sentence are named entities.

## Proposed Model ::: CRF Layer
In order to take advantage of dependency between different tags, the Conditional Random Field (CRF) was used in all of our models. Given a sequence $\mathbf {s}=[s_1, s_2, ..., s_T]$, the corresponding golden label sequence is $\mathbf {y}=[y_1, y_2, ..., y_T]$, and $\mathbf {Y}(\mathbf {s})$ represents all valid label sequences. The probability of $\mathbf {y}$ is calculated by the following equation
where $f(\mathbf {y}_{t-1},\mathbf {y}_t,\mathbf {s})$ computes the transition score from $\mathbf {y}_{t-1}$ to $\mathbf {y}_t$ and the score for $\mathbf {y}_t$. The optimization target is to maximize $P(\mathbf {y}|\mathbf {s})$. When decoding, the Viterbi Algorithm is used to find the path achieves the maximum probability.

## Experiment ::: Data
We evaluate our model in two English NER datasets and four Chinese NER datasets.
(1) CoNLL2003 is one of the most evaluated English NER datasets, which contains four different named entities: PERSON, LOCATION, ORGANIZATION, and MISC BIBREF34.
(2) OntoNotes 5.0 is an English NER dataset whose corpus comes from different domains, such as telephone conversation, newswire. We exclude the New Testaments portion since there is no named entity in it BIBREF8, BIBREF7. This dataset has eleven entity names and seven value types, like CARDINAL, MONEY, LOC.
(3) BIBREF35 released OntoNotes 4.0. In this paper, we use the Chinese part. We adopted the same pre-process as BIBREF36.
(4) The corpus of the Chinese NER dataset MSRA came from news domain BIBREF37.
(5) Weibo NER was built based on text in Chinese social media Sina Weibo BIBREF38, and it contained 4 kinds of entities.
(6) Resume NER was annotated by BIBREF33.
Their statistics are listed in Table TABREF28. For all datasets, we replace all digits with “0”, and use the BIOES tag schema. For English, we use the Glove 100d pre-trained embedding BIBREF25. For the character encoder, we use 30d randomly initialized character embeddings. More details on models' hyper-parameters can be found in the supplementary material. For Chinese, we used the character embedding and bigram embedding released by BIBREF33. All pre-trained embeddings are finetuned during training. In order to reduce the impact of randomness, we ran all of our experiments at least three times, and its average F1 score and standard deviation are reported.
We used random-search to find the optimal hyper-parameters, hyper-parameters and their ranges are displayed in the supplemental material. We use SGD and 0.9 momentum to optimize the model. We run 100 epochs and each batch has 16 samples. During the optimization, we use the triangle learning rate BIBREF39 where the learning rate rises to the pre-set learning rate at the first 1% steps and decreases to 0 in the left 99% steps. The model achieves the highest development performance was used to evaluate the test set. The hyper-parameter search range and other settings can be found in the supplementary material. Codes are available at https://github.com/fastnlp/TENER.

## Experiment ::: Results on Chinese NER Datasets
We first present our results in the four Chinese NER datasets. Since Chinese NER is directly based on the characters, it is more straightforward to show the abilities of different models without considering the influence of word representation.
As shown in Table TABREF29, the vanilla Transformer does not perform well and is worse than the BiLSTM and CNN based models. However, when relative positional encoding combined, the performance was enhanced greatly, resulting in better results than the BiLSTM and CNN in all datasets. The number of training examples of the Weibo dataset is tiny, therefore the performance of the Transformer is abysmal, which is as expected since the Transformer is data-hungry. Nevertheless, when enhanced with the relative positional encoding and unscaled attention, it can achieve even better performance than the BiLSTM-based model. The superior performance of the adapted Transformer in four datasets ranging from small datasets to big datasets depicts that the adapted Transformer is more robust to the number of training examples than the vanilla Transformer. As the last line of Table TABREF29 depicts, the scaled attention will deteriorate the performance.

## Experiment ::: Results on English NER datasets
The comparison between different NER models on English NER datasets is shown in Table TABREF32. The poor performance of the Transformer in the NER datasets was also reported by BIBREF16. Although performance of the Transformer is higher than BIBREF16, it still lags behind the BiLSTM-based models BIBREF5. Nonetheless, the performance is massively enhanced by incorporating the relative positional encoding and unscaled attention into the Transformer. The adaptation not only makes the Transformer achieve superior performance than BiLSTM based models, but also unveil the new state-of-the-art performance in two NER datasets when only the Glove 100d embedding and CNN character embedding are used. The same deterioration of performance was observed when using the scaled attention. Besides, if ELMo was used BIBREF28, the performance of TENER can be further boosted as depicted in Table TABREF33.

## Experiment ::: Analysis of Different Character Encoders
The character-level encoder has been widely used in the English NER task to alleviate the data sparsity and OOV problem in word representation. In this section, we cross different character-level encoders (BiLSTM, CNN, Transformer encoder and our adapted Transformer encoder (AdaTrans for short) ) and different word-level encoders (BiLSTM, ID-CNN and AdaTrans) to implement the NER task. Results on CoNLL2003 and OntoNotes 5.0 are presented in Table TABREF34 and Table TABREF34, respectively.
The ID-CNN encoder is from BIBREF23, and we re-implement their model in PyTorch. For different combinations, we use random search to find its best hyper-parameters. Hyper-parameters for character encoders were fixed. The details can be found in the supplementary material.
For the results on CoNLL2003 dataset which is depicted in Table TABREF34, the AdaTrans performs as good as the BiLSTM in different character encoder scenario averagely. In addition, from Table TABREF34, we can find the pattern that the AdaTrans character encoder outpaces the BiLSTM and CNN character encoders when different word-level encoders being used. Moreover, no matter what character encoder being used or none being used, the AdaTrans word-level encoder gets the best performance. This implies that when the number of training examples increases, the AdaTrans character-level and word-level encoder can better realize their ability.

## Experiment ::: Convergent Speed Comparison
We compare the convergent speed of BiLSTM, ID-CNN, Transformer, and TENER in the development set of the OntoNotes 5.0. The curves are shown in Fig FIGREF37. TENER converges as fast as the BiLSTM model and outperforms the vanilla Transformer.

## Conclusion
In this paper, we propose TENER, a model adopting Transformer Encoder with specific customizations for the NER task. Transformer Encoder has a powerful ability to capture the long-range context. In order to make the Transformer more suitable to the NER task, we introduce the direction-aware, distance-aware and un-scaled attention. Experiments in two English NER tasks and four Chinese NER tasks show that the performance can be massively increased. Under the same pre-trained embeddings and external knowledge, our proposed modification outperforms previous models in the six datasets. Meanwhile, we also found the adapted Transformer is suitable for being used as the English character encoder, because it has the potentiality to extract intricate patterns from characters. Experiments in two English NER datasets show that the adapted Transformer character encoder performs better than BiLSTM and CNN character encoders.

## Supplemental Material ::: Character Encoder
We exploit four kinds of character encoders. For all character encoders, the randomly initialized character embeddings are 30d. The hidden size of BiLSTM used in the character encoder is 50d in each direction. The kernel size of CNN used in the character encoder is 3, and we used 30 kernels with stride 1. For Transformer and adapted Transformer, the number of heads is 3, and every head is 10d, the dropout rate is 0.15, the feed-forward dimension is 60. The Transformer used the sinusoid position embedding. The number of parameters for the character encoder (excluding character embedding) when using BiLSTM, CNN, Transformer and adapted Transformer are 35830, 3660, 8460 and 6600 respectively. For all experiments, the hyper-parameters of character encoders stay unchanged.

## Supplemental Material ::: Hyper-parameters
The hyper-parameters and search ranges for different encoders are presented in Table TABREF40, Table TABREF41 and Table TABREF42.

Question: How do they incorporate direction and relative distance in attention?
JSON: [/INST]
[INST] ","Transformer Encoder?

In the Transformer Encoder, we use the direction-aware and distance-aware attention. The direction-aware attention is used to capture the long-range context. The distance-aware attention is used to capture the relative distance between the word and the context.

Question: What is the difference between the Transformer Encoder and the BiLSTM Encoder?

The Transformer Encoder is a more powerful model than the BiLSTM Encoder. The Transformer Encoder has a direction-aware and distance-aware attention, which can capture the long-range context and the relative distance between the word and the context.

Question: What is the advantage of using the Transformer Encoder over the BiLSTM Encoder?

The Transformer Encoder has a direction-aware and distance-aware attention, which can capture the long-range context and the relative",by using an relative sinusodial positional embedding and unscaled attention | yes | calculate the attention scores  which can  distinguish different directions and distances | Self-attention mechanism is changed to allow for direction-aware calculations
cb4086ad022197da79f28dc609d0de90108c4543,"<s>
[INST] You are a precise scientific QA assistant. Use only the provided paper text. If the question is not answerable from the text, reply with answer 'UNANSWERABLE'.

Return a STRICT JSON object with keys exactly:
{ ""answer"": ""<string>"", ""evidence"": [""<verbatim span 1>"", ""<verbatim span 2>""] }
- 'answer' must be 1-3 sentences or 'UNANSWERABLE'.
- 'evidence' must be 0-5 verbatim snippets copied from the paper text (no paraphrases).
No extra commentary.

Paper title: TENER: Adapting Transformer Encoder for Named Entity Recognition

Paper text:
# TENER: Adapting Transformer Encoder for Named Entity Recognition

## Abstract
The Bidirectional long short-term memory networks (BiLSTM) have been widely used as an encoder in models solving the named entity recognition (NER) task. Recently, the Transformer is broadly adopted in various Natural Language Processing (NLP) tasks owing to its parallelism and advantageous performance. Nevertheless, the performance of the Transformer in NER is not as good as it is in other NLP tasks. In this paper, we propose TENER, a NER architecture adopting adapted Transformer Encoder to model the character-level features and word-level features. By incorporating the direction and relative distance aware attention and the un-scaled attention, we prove the Transformer-like encoder is just as effective for NER as other NLP tasks.

## Introduction
The named entity recognition (NER) is the task of finding the start and end of an entity in a sentence and assigning a class for this entity. NER has been widely studied in the field of natural language processing (NLP) because of its potential assistance in question generation BIBREF0, relation extraction BIBREF1, and coreference resolution BIBREF2. Since BIBREF3, various neural models have been introduced to avoid hand-crafted features BIBREF4, BIBREF5, BIBREF6.
NER is usually viewed as a sequence labeling task, the neural models usually contain three components: word embedding layer, context encoder layer, and decoder layer BIBREF4, BIBREF5, BIBREF6, BIBREF7, BIBREF8, BIBREF9, BIBREF10. The difference between various NER models mainly lies in the variance in these components.
Recurrent Neural Networks (RNNs) are widely employed in NLP tasks due to its sequential characteristic, which is aligned well with language. Specifically, bidirectional long short-term memory networks (BiLSTM) BIBREF11 is one of the most widely used RNN structures. BIBREF4 was the first one to apply the BiLSTM and Conditional Random Fields (CRF) BIBREF12 to sequence labeling tasks. Owing to BiLSTM's high power to learn the contextual representation of words, it has been adopted by the majority of NER models as the encoder BIBREF5, BIBREF6, BIBREF9, BIBREF10.
Recently, Transformer BIBREF13 began to prevail in various NLP tasks, like machine translation BIBREF13, language modeling BIBREF14, and pretraining models BIBREF15. The Transformer encoder adopts a fully-connected self-attention structure to model the long-range context, which is the weakness of RNNs. Moreover, Transformer has better parallelism ability than RNNs. However, in the NER task, Transformer encoder has been reported to perform poorly BIBREF16, our experiments also confirm this result. Therefore, it is intriguing to explore the reason why Transformer does not work well in NER task.
In this paper, we analyze the properties of Transformer and propose two specific improvements for NER.
The first is that the sinusoidal position embedding used in the vanilla Transformer is aware of distance but unaware of the directionality. In addition, this property will lose when used in the vanilla Transformer. However, both the direction and distance information are important in the NER task. For example in Fig FIGREF3, words after “in"" are more likely to be a location or time than words before it, and words before “Inc."" are mostly likely to be of the entity type “ORG"". Besides, an entity is a continuous span of words. Therefore, the awareness of distance might help the word better recognizes its neighbor. To endow the Transformer with the ability of direction- and distance-awareness, we adopt the relative positional encoding BIBREF17, BIBREF18, BIBREF19. instead of the absolute position encoding. We propose a revised relative positional encoding that uses fewer parameters and performs better.
The second is an empirical finding. The attention distribution of the vanilla Transformer is scaled and smooth. But for NER, a sparse attention is suitable since not all words are necessary to be attended. Given a current word, a few contextual words are enough to judge its label. The smooth attention could include some noisy information. Therefore, we abandon the scale factor of dot-production attention and use an un-scaled and sharp attention.
With the above improvements, we can greatly boost the performance of Transformer encoder for NER.
Other than only using Transformer to model the word-level context, we also tried to apply it as a character encoder to model word representation with character-level information. The previous work has proved that character encoder is necessary to capture the character-level features and alleviate the out-of-vocabulary (OOV) problem BIBREF6, BIBREF5, BIBREF7, BIBREF20. In NER, CNN is commonly used as the character encoder. However, we argue that CNN is also not perfect for representing character-level information, because the receptive field of CNN is limited, and the kernel size of the CNN character encoder is usually 3, which means it cannot correctly recognize 2-gram or 4-gram patterns. Although we can deliberately design different kernels, CNN still cannot solve patterns with discontinuous characters, such as “un..ily” in “unhappily"" and “unnecessarily"". Instead, the Transformer-based character encoder shall not only fully make use of the concurrence power of GPUs, but also have the potentiality to recognize different n-grams and even discontinuous patterns. Therefore, in this paper, we also try to use Transformer as the character encoder, and we compare four kinds of character encoders.
In summary, to improve the performance of the Transformer-based model in the NER task, we explicitly utilize the directional relative positional encoding, reduce the number of parameters and sharp the attention distribution. After the adaptation, the performance raises a lot, making our model even performs better than BiLSTM based models. Furthermore, in the six NER datasets, we achieve state-of-the-art performance among models without considering the pre-trained language models or designed features.

## Related Work ::: Neural Architecture for NER
BIBREF3 utilized the Multi-Layer Perceptron (MLP) and CNN to avoid using task-specific features to tackle different sequence labeling tasks, such as Chunking, Part-of-Speech (POS) and NER. In BIBREF4, BiLSTM-CRF was introduced to solve sequence labeling questions. Since then, the BiLSTM has been extensively used in the field of NER BIBREF7, BIBREF21, BIBREF22, BIBREF5.
Despite BiLSTM's great success in the NER task, it has to compute token representations one by one, which massively hinders full exploitation of GPU's parallelism. Therefore, CNN has been proposed by BIBREF23, BIBREF24 to encode words concurrently. In order to enlarge the receptive field of CNNs, BIBREF23 used iterative dilated CNNs (ID-CNN).
Since the word shape information, such as the capitalization and n-gram, is important in recognizing named entities, CNN and BiLSTM have been used to extract character-level information BIBREF7, BIBREF6, BIBREF5, BIBREF23, BIBREF8.
Almost all neural-based NER models used pre-trained word embeddings, like Word2vec and Glove BIBREF25, BIBREF26. And when contextual word embeddings are combined, the performance of NER models will boost a lot BIBREF27, BIBREF28, BIBREF29. ELMo introduced by BIBREF28 used the CNN character encoder and BiLSTM language models to get contextualized word representations. Except for the BiLSTM based pre-trained models, BERT was based on Transformer BIBREF15.

## Related Work ::: Transformer
Transformer was introduced by BIBREF13, which was mainly based on self-attention. It achieved great success in various NLP tasks. Since the self-attention mechanism used in the Transformer is unaware of positions, to avoid this shortage, position embeddings were used BIBREF13, BIBREF15. Instead of using the sinusoidal position embedding BIBREF13 and learned absolute position embedding, BIBREF17 argued that the distance between two tokens should be considered when calculating their attention score. BIBREF18 reduced the computation complexity of relative positional encoding from $O(l^2d)$ to $O(ld)$, where $l$ is the length of sequences and $d$ is the hidden size. BIBREF19 derived a new form of relative positional encodings, so that the relative relation could be better considered.

## Related Work ::: Transformer ::: Transformer Encoder Architecture
We first introduce the Transformer encoder proposed in BIBREF13. The Transformer encoder takes in an matrix $H \in \mathbb {R}^{l \times d}$, where $l$ is the sequence length, $d$ is the input dimension. Then three learnable matrix $W_q$, $W_k$, $W_v$ are used to project $H$ into different spaces. Usually, the matrix size of the three matrix are all $\mathbb {R}^{d \times d_k}$, where $d_k$ is a hyper-parameter. After that, the scaled dot-product attention can be calculated by the following equations,
where $Q_t$ is the query vector of the $t$th token, $j$ is the token the $t$th token attends. $K_j$ is the key vector representation of the $j$th token. The softmax is along the last dimension. Instead of using one group of $W_q$, $W_k$, $W_v$, using several groups will enhance the ability of self-attention. When several groups are used, it is called multi-head self-attention, the calculation can be formulated as follows,
where $n$ is the number of heads, the superscript $h$ represents the head index. $[head^{(1)}; ...; head^{(n)}]$ means concatenation in the last dimension. Usually $d_k \times n = d$, which means the output of $[head^{(1)}; ...; head^{(n)}]$ will be of size $\mathbb {R}^{l \times d}$. $W_o$ is a learnable parameter, which is of size $\mathbb {R}^{d \times d}$.
The output of the multi-head attention will be further processed by the position-wise feed-forward networks, which can be represented as follows,
where $W_1$, $W_2$, $b_1$, $b_2$ are learnable parameters, and $W_1 \in \mathbb {R}^{d \times d_{ff}}$, $W_2 \in \mathbb {R}^{d_{ff} \times d}$, $b_1 \in \mathbb {R}^{d_{ff}}$, $b_2 \in \mathbb {R}^{d}$. $d_{ff}$ is a hyper-parameter. Other components of the Transformer encoder includes layer normalization and Residual connection, we use them the same as BIBREF13.

## Related Work ::: Transformer ::: Position Embedding
The self-attention is not aware of the positions of different tokens, making it unable to capture the sequential characteristic of languages. In order to solve this problem, BIBREF13 suggested to use position embeddings generated by sinusoids of varying frequency. The $t$th token's position embedding can be represented by the following equations
where $i$ is in the range of $[0, \frac{d}{2}]$, $d$ is the input dimension. This sinusoid based position embedding makes Transformer have an ability to model the position of a token and the distance of each two tokens. For any fixed offset $k$, $PE_{t+k}$ can be represented by a linear transformation of $PE_{t}$ BIBREF13.

## Proposed Model
In this paper, we utilize the Transformer encoder to model the long-range and complicated interactions of sentence for NER. The structure of proposed model is shown in Fig FIGREF12. We detail each parts in the following sections.

## Proposed Model ::: Embedding Layer
To alleviate the problems of data sparsity and out-of-vocabulary (OOV), most NER models adopted the CNN character encoder BIBREF5, BIBREF30, BIBREF8 to represent words. Compared to BiLSTM based character encoder BIBREF6, BIBREF31, CNN is more efficient. Since Transformer can also fully exploit the GPU's parallelism, it is interesting to use Transformer as the character encoder. A potential benefit of Transformer-based character encoder is to extract different n-grams and even uncontinuous character patterns, like “un..ily” in “unhappily” and “uneasily”. For the model's uniformity, we use the “adapted Transformer” to represent the Transformer introduced in next subsection.
The final word embedding is the concatenation of the character features extracted by the character encoder and the pre-trained word embeddings.

## Proposed Model ::: Encoding Layer with Adapted Transformer
Although Transformer encoder has potential advantage in modeling long-range context, it is not working well for NER task. In this paper, we propose an adapted Transformer for NER task with two improvements.

## Proposed Model ::: Encoding Layer with Adapted Transformer ::: Direction- and Distance-Aware Attention
Inspired by the success of BiLSTM in NER tasks, we consider what properties the Transformer lacks compared to BiLSTM-based models. One observation is that BiLSTM can discriminatively collect the context information of a token from its left and right sides. But it is not easy for the Transformer to distinguish which side the context information comes from.
Although the dot product between two sinusoidal position embeddings is able to reflect their distance, it lacks directionality and this property will be broken by the vanilla Transformer attention. To illustrate this, we first prove two properties of the sinusoidal position embeddings.
Property 1 For an offset $k$ and a position $t$, $PE_{t+k}^TPE_{t}$ only depends on $k$, which means the dot product of two sinusoidal position embeddings can reflect the distance between two tokens.
Based on the definitions of Eq.(DISPLAY_FORM11) and Eq.(), the position embedding of $t$-th token is PEt = [ c (c0t)
(c0t)
$\vdots $
(cd2-1t)
(cd2-1t)
], where $d$ is the dimension of the position embedding, $c_i$ is a constant decided by $i$, and its value is $1/10000^{2i/d}$.
Therefore,
where Eq.(DISPLAY_FORM17) to Eq.() is based on the equation $\cos (x-y) = \sin (x)\sin (y) + \cos (x)\cos (y)$.
Property 2 For an offset $k$ and a position $t$, $PE_{t}^TPE_{t-k}=PE_{t}^TPE_{t+k}$, which means the sinusoidal position embeddings is unware of directionality.
Let $j=t-k$, according to property 1, we have
The relation between $d$, $k$ and $PE_t^TPE_{t+k}$ is displayed in Fig FIGREF18. The sinusoidal position embeddings are distance-aware but lacks directionality.
However, the property of distance-awareness also disappears when $PE_t$ is projected into the query and key space of self-attention. Since in vanilla Transformer the calculation between $PE_t$ and $PE_{t+k}$ is actually $PE_t^TW_q^TW_kPE_{t+k}$, where $W_q, W_k$ are parameters in Eq.(DISPLAY_FORM7). Mathematically, it can be viewed as $PE_t^TWPE_{t+k}$ with only one parameter $W$. The relation between $PE_t^TPE_{t+k}$ and $PE_t^TWPE_{t+k}$ is depicted in Fig FIGREF19.
Therefore, to improve the Transformer with direction- and distance-aware characteristic, we calculate the attention scores using the equations below:
where $t$ is index of the target token, $j$ is the index of the context token, $Q_t, K_j$ is the query vector and key vector of token $t, j$ respectively, $W_q, W_v \in \mathbb {R}^{d \times d_k}$. To get $H_{d_k}\in \mathbb {R}^{l \times d_k}$, we first split $H$ into $d/d_k$ partitions in the second dimension, then for each head we use one partition. $\mathbf {u} \in \mathbb {R}^{d_k}$, $\mathbf {v} \in \mathbb {R}^{d_k}$ are learnable parameters, $R_{t-j}$ is the relative positional encoding, and $R_{t-j} \in \mathbb {R}^{d_k}$, $i$ in Eq.() is in the range $[0, \frac{d_k}{2}]$. $Q_t^TK_j$ in Eq.() is the attention score between two tokens; $Q_t^TR_{t-j}$ is the $t$th token's bias on certain relative distance; $u^TK_j$ is the bias on the $j$th token; $v^TR_{t-j}$ is the bias term for certain distance and direction.
Based on Eq.(), we have
because $\sin (-x)=-\sin (x), \cos (x)=\cos (-x)$. This means for an offset $t$, the forward and backward relative positional encoding are the same with respect to the $\cos (c_it)$ terms, but is the opposite with respect to the $\sin (c_it)$ terms. Therefore, by using $R_{t-j}$, the attention score can distinguish different directions and distances.
The above improvement is based on the work BIBREF17, BIBREF19. Since the size of NER datasets is usually small, we avoid direct multiplication of two learnable parameters, because they can be represented by one learnable parameter. Therefore we do not use $W_k$ in Eq.(DISPLAY_FORM22). The multi-head version is the same as Eq.(DISPLAY_FORM8), but we discard $W_o$ since it is directly multiplied by $W_1$ in Eq.(DISPLAY_FORM9).

## Proposed Model ::: Encoding Layer with Adapted Transformer ::: Un-scaled Dot-Product Attention
The vanilla Transformer use the scaled dot-product attention to smooth the output of softmax function. In Eq.(), the dot product of key and value matrices is divided by the scaling factor $\sqrt{d_k}$.
We empirically found that models perform better without the scaling factor $\sqrt{d_k}$. We presume this is because without the scaling factor the attention will be sharper. And the sharper attention might be beneficial in the NER task since only few words in the sentence are named entities.

## Proposed Model ::: CRF Layer
In order to take advantage of dependency between different tags, the Conditional Random Field (CRF) was used in all of our models. Given a sequence $\mathbf {s}=[s_1, s_2, ..., s_T]$, the corresponding golden label sequence is $\mathbf {y}=[y_1, y_2, ..., y_T]$, and $\mathbf {Y}(\mathbf {s})$ represents all valid label sequences. The probability of $\mathbf {y}$ is calculated by the following equation
where $f(\mathbf {y}_{t-1},\mathbf {y}_t,\mathbf {s})$ computes the transition score from $\mathbf {y}_{t-1}$ to $\mathbf {y}_t$ and the score for $\mathbf {y}_t$. The optimization target is to maximize $P(\mathbf {y}|\mathbf {s})$. When decoding, the Viterbi Algorithm is used to find the path achieves the maximum probability.

## Experiment ::: Data
We evaluate our model in two English NER datasets and four Chinese NER datasets.
(1) CoNLL2003 is one of the most evaluated English NER datasets, which contains four different named entities: PERSON, LOCATION, ORGANIZATION, and MISC BIBREF34.
(2) OntoNotes 5.0 is an English NER dataset whose corpus comes from different domains, such as telephone conversation, newswire. We exclude the New Testaments portion since there is no named entity in it BIBREF8, BIBREF7. This dataset has eleven entity names and seven value types, like CARDINAL, MONEY, LOC.
(3) BIBREF35 released OntoNotes 4.0. In this paper, we use the Chinese part. We adopted the same pre-process as BIBREF36.
(4) The corpus of the Chinese NER dataset MSRA came from news domain BIBREF37.
(5) Weibo NER was built based on text in Chinese social media Sina Weibo BIBREF38, and it contained 4 kinds of entities.
(6) Resume NER was annotated by BIBREF33.
Their statistics are listed in Table TABREF28. For all datasets, we replace all digits with “0”, and use the BIOES tag schema. For English, we use the Glove 100d pre-trained embedding BIBREF25. For the character encoder, we use 30d randomly initialized character embeddings. More details on models' hyper-parameters can be found in the supplementary material. For Chinese, we used the character embedding and bigram embedding released by BIBREF33. All pre-trained embeddings are finetuned during training. In order to reduce the impact of randomness, we ran all of our experiments at least three times, and its average F1 score and standard deviation are reported.
We used random-search to find the optimal hyper-parameters, hyper-parameters and their ranges are displayed in the supplemental material. We use SGD and 0.9 momentum to optimize the model. We run 100 epochs and each batch has 16 samples. During the optimization, we use the triangle learning rate BIBREF39 where the learning rate rises to the pre-set learning rate at the first 1% steps and decreases to 0 in the left 99% steps. The model achieves the highest development performance was used to evaluate the test set. The hyper-parameter search range and other settings can be found in the supplementary material. Codes are available at https://github.com/fastnlp/TENER.

## Experiment ::: Results on Chinese NER Datasets
We first present our results in the four Chinese NER datasets. Since Chinese NER is directly based on the characters, it is more straightforward to show the abilities of different models without considering the influence of word representation.
As shown in Table TABREF29, the vanilla Transformer does not perform well and is worse than the BiLSTM and CNN based models. However, when relative positional encoding combined, the performance was enhanced greatly, resulting in better results than the BiLSTM and CNN in all datasets. The number of training examples of the Weibo dataset is tiny, therefore the performance of the Transformer is abysmal, which is as expected since the Transformer is data-hungry. Nevertheless, when enhanced with the relative positional encoding and unscaled attention, it can achieve even better performance than the BiLSTM-based model. The superior performance of the adapted Transformer in four datasets ranging from small datasets to big datasets depicts that the adapted Transformer is more robust to the number of training examples than the vanilla Transformer. As the last line of Table TABREF29 depicts, the scaled attention will deteriorate the performance.

## Experiment ::: Results on English NER datasets
The comparison between different NER models on English NER datasets is shown in Table TABREF32. The poor performance of the Transformer in the NER datasets was also reported by BIBREF16. Although performance of the Transformer is higher than BIBREF16, it still lags behind the BiLSTM-based models BIBREF5. Nonetheless, the performance is massively enhanced by incorporating the relative positional encoding and unscaled attention into the Transformer. The adaptation not only makes the Transformer achieve superior performance than BiLSTM based models, but also unveil the new state-of-the-art performance in two NER datasets when only the Glove 100d embedding and CNN character embedding are used. The same deterioration of performance was observed when using the scaled attention. Besides, if ELMo was used BIBREF28, the performance of TENER can be further boosted as depicted in Table TABREF33.

## Experiment ::: Analysis of Different Character Encoders
The character-level encoder has been widely used in the English NER task to alleviate the data sparsity and OOV problem in word representation. In this section, we cross different character-level encoders (BiLSTM, CNN, Transformer encoder and our adapted Transformer encoder (AdaTrans for short) ) and different word-level encoders (BiLSTM, ID-CNN and AdaTrans) to implement the NER task. Results on CoNLL2003 and OntoNotes 5.0 are presented in Table TABREF34 and Table TABREF34, respectively.
The ID-CNN encoder is from BIBREF23, and we re-implement their model in PyTorch. For different combinations, we use random search to find its best hyper-parameters. Hyper-parameters for character encoders were fixed. The details can be found in the supplementary material.
For the results on CoNLL2003 dataset which is depicted in Table TABREF34, the AdaTrans performs as good as the BiLSTM in different character encoder scenario averagely. In addition, from Table TABREF34, we can find the pattern that the AdaTrans character encoder outpaces the BiLSTM and CNN character encoders when different word-level encoders being used. Moreover, no matter what character encoder being used or none being used, the AdaTrans word-level encoder gets the best performance. This implies that when the number of training examples increases, the AdaTrans character-level and word-level encoder can better realize their ability.

## Experiment ::: Convergent Speed Comparison
We compare the convergent speed of BiLSTM, ID-CNN, Transformer, and TENER in the development set of the OntoNotes 5.0. The curves are shown in Fig FIGREF37. TENER converges as fast as the BiLSTM model and outperforms the vanilla Transformer.

## Conclusion
In this paper, we propose TENER, a model adopting Transformer Encoder with specific customizations for the NER task. Transformer Encoder has a powerful ability to capture the long-range context. In order to make the Transformer more suitable to the NER task, we introduce the direction-aware, distance-aware and un-scaled attention. Experiments in two English NER tasks and four Chinese NER tasks show that the performance can be massively increased. Under the same pre-trained embeddings and external knowledge, our proposed modification outperforms previous models in the six datasets. Meanwhile, we also found the adapted Transformer is suitable for being used as the English character encoder, because it has the potentiality to extract intricate patterns from characters. Experiments in two English NER datasets show that the adapted Transformer character encoder performs better than BiLSTM and CNN character encoders.

## Supplemental Material ::: Character Encoder
We exploit four kinds of character encoders. For all character encoders, the randomly initialized character embeddings are 30d. The hidden size of BiLSTM used in the character encoder is 50d in each direction. The kernel size of CNN used in the character encoder is 3, and we used 30 kernels with stride 1. For Transformer and adapted Transformer, the number of heads is 3, and every head is 10d, the dropout rate is 0.15, the feed-forward dimension is 60. The Transformer used the sinusoid position embedding. The number of parameters for the character encoder (excluding character embedding) when using BiLSTM, CNN, Transformer and adapted Transformer are 35830, 3660, 8460 and 6600 respectively. For all experiments, the hyper-parameters of character encoders stay unchanged.

## Supplemental Material ::: Hyper-parameters
The hyper-parameters and search ranges for different encoders are presented in Table TABREF40, Table TABREF41 and Table TABREF42.

Question: Do they outperform current NER state-of-the-art models?
JSON: [/INST]
[INST] ","art?





























































































































































































",no | yes | we achieve state-of-the-art performance among models without considering the pre-trained language models or designed features
756a8a9125e6984e0ca768b653c6c760efa3db66,"<s>
[INST] You are a precise scientific QA assistant. Use only the provided paper text. If the question is not answerable from the text, reply with answer 'UNANSWERABLE'.

Return a STRICT JSON object with keys exactly:
{ ""answer"": ""<string>"", ""evidence"": [""<verbatim span 1>"", ""<verbatim span 2>""] }
- 'answer' must be 1-3 sentences or 'UNANSWERABLE'.
- 'evidence' must be 0-5 verbatim snippets copied from the paper text (no paraphrases).
No extra commentary.

Paper title: Knowledge Authoring and Question Answering with KALM

Paper text:
# Knowledge Authoring and Question Answering with KALM

## Abstract
Knowledge representation and reasoning (KRR) is one of the key areas in artificial intelligence (AI) field. It is intended to represent the world knowledge in formal languages (e.g., Prolog, SPARQL) and then enhance the expert systems to perform querying and inference tasks. Currently, constructing large scale knowledge bases (KBs) with high quality is prohibited by the fact that the construction process requires many qualified knowledge engineers who not only understand the domain-specific knowledge but also have sufficient skills in knowledge representation. Unfortunately, qualified knowledge engineers are in short supply. Therefore, it would be very useful to build a tool that allows the user to construct and query the KB simply via text. Although there is a number of systems developed for knowledge extraction and question answering, they mainly fail in that these system don't achieve high enough accuracy whereas KRR is highly sensitive to erroneous data. In this thesis proposal, I will present Knowledge Authoring Logic Machine (KALM), a rule-based system which allows the user to author knowledge and query the KB in text. The experimental results show that KALM achieved superior accuracy in knowledge authoring and question answering as compared to the state-of-the-art systems.

## Introduction
Knowledge representation and reasoning (KRR) is the process of representing the domain knowledge in formal languages (e.g., SPARQL, Prolog) such that it can be used by expert systems to execute querying and reasoning services. KRR have been applied in many fields including financial regulations, medical diagnosis, laws, and so on. One major obstacle in KRR is the creation of large-scale knowledge bases with high quality. For one thing, this requires the knowledge engineers (KEs) not only to have the background knowledge in a certain domain but have enough skills in knowledge representation as well. Unfortunately, qualified KEs are also in short supply. Therefore, it would be useful to build a tool that allows the domain experts without any background in logic to construct and query the knowledge base simply from text.
Controlled natural languages (CNLs) BIBREF0 were developed as a technology that achieves this goal. CNLs are designed based on natural languages (NLs) but with restricted syntax and interpretation rules that determine the unique meaning of the sentence. Representative CNLs include Attempto Controlled English BIBREF1 and PENG BIBREF2 . Each CNL is developed with a language parser which translates the English sentences into an intermediate structure, discourse representation structure (DRS) BIBREF3 . Based on the DRS structure, the language parsers further translate the DRS into the corresponding logical representations, e.g., Answer Set Programming (ASP) BIBREF4 programs. One main issue with the aforementioned CNLs is that the systems do not provide enough background knowledge to preserve semantic equivalences of sentences that represent the same meaning but are expressed via different linguistic structures. For instance, the sentences Mary buys a car and Mary makes a purchase of a car are translated into different logical representations by the current CNL parsers. As a result, if the user ask a question who is a buyer of a car, these systems will fail to find the answer.
In this thesis proposal, I will present KALM BIBREF5 , BIBREF6 , a system for knowledge authoring and question answering. KALM is superior to the current CNL systems in that KALM has a complex frame-semantic parser which can standardize the semantics of the sentences that express the same meaning via different linguistic structures. The frame-semantic parser is built based on FrameNet BIBREF7 and BabelNet BIBREF8 where FrameNet is used to capture the meaning of the sentence and BabelNet BIBREF8 is used to disambiguate the meaning of the extracted entities from the sentence. Experiment results show that KALM achieves superior accuracy in knowledge authoring and question answering as compared to the state-of-the-art systems.
The rest parts are organized as follows: Section SECREF2 discusses the related works, Section SECREF3 presents the KALM architecture, Section SECREF4 presents KALM-QA, the question answering part of KALM, Section SECREF5 shows the evaluation results, Section SECREF6 shows the future work beyond the thesis, and Section SECREF7 concludes the paper.

## Related Works
As is described in Section SECREF1 , CNL systems were proposed as the technology for knowledge representation and reasoning. Related works also include knowledge extraction tools, e.g., OpenIE BIBREF9 , SEMEFOR BIBREF10 , SLING BIBREF11 , and Standford KBP system BIBREF12 . These knowledge extraction tools are designed to extract semantic relations from English sentences that capture the meaning. The limitations of these tools are two-fold: first, they lack sufficient accuracy to extract the correct semantic relations and entities while KRR is very sensitive to incorrect data; second, these systems are not able to map the semantic relations to logical forms and therefore not capable of doing KRR. Other related works include the question answering frameworks, e.g., Memory Network BIBREF13 , Variational Reasoning Network BIBREF14 , ATHENA BIBREF15 , PowerAqua BIBREF16 . The first two belong to end-to-end learning approaches based on machine learning models. The last two systems have implemented semantic parsers which translate natural language sentences into intermediate query languages and then query the knowledge base to get the answers. For the machine learning based approaches, the results are not explainable. Besides, their accuracy is not high enough to provide correct answers. For ATHENA and PowerAqua, these systems perform question answering based on a priori knowledge bases. Therefore, they do not support knowledge authoring while KALM is able to support both knowledge authoring and question answering.

## The KALM Architecture
Figure FIGREF1 shows the architecture of KALM which translates a CNL sentence to the corresponding logical representations, unique logical representations (ULR).
Attempto Parsing Engine. The input sentences are CNL sentences based on ACE grammar. KALM starts with parsing the input sentence using ACE Parser and generates the DRS structure BIBREF17 which captures the syntactic information of the sentences.
Frame Parser. KALM performs frame-based parsing based on the DRS and produces a set of frames that represent the semantic relations a sentence implies. A frame BIBREF18 represents a semantic relation of a set of entities where each plays a particular role in the frame relation. We have designed a frame ontology, called FrameOnt, which is based on the frames in FrameNet BIBREF7 and encoded as a Prolog fact. For instance, the Commerce_Buy frame is shown below:
fp(Commerce_Buy,[
role(Buyer,[bn:00014332n],[]),
role(Seller,[bn:00053479n],[]),
role(Goods,[bn:00006126n,bn:00021045n],[]),
role(Recipient,[bn:00066495n],[]),
role(Money,[bn:00017803n],[currency])]).
In each role-term, the first argument is the name of the role and the second is a list of role meanings represented via BabelNet synset IDs BIBREF8 . The third argument of a role-term is a list of constraints on that role. For instance, the sentence Mary buys a car implies the Commerce_Buy frame where Mary is the Buyer and car is the Goods. To extract a frame instance from a given CNL sentence, KALM uses logical valence patterns (lvps) which are learned via structural learning. An example of the lvp is shown below:
lvp(buy,v,Commerce_Buy, [
pattern(Buyer,verb->subject,required),
pattern(Goods,verb->object,required),
pattern(Recipient,verb->pp(for)->dep,optnl),
pattern(Money,verb->pp(for)->dep,optnl),
pattern(Seller,verb->pp(from)->dep,optnl)]).
The first three arguments of an lvp-fact identify the lexical unit, its part of speech, and the frame. The fourth argument is a set of pattern-terms, each having three parts: the name of a role, a grammatical pattern, and the required/optional flag. The grammatical pattern determines the grammatical context in which the lexical unit, a role, and a role-filler word can appear in that frame. Each grammatical pattern is captured by a parsing rule (a Prolog rule) that can be used to extract appropriate role-filler words based on the APE parses.
Role-filler Disambiguation. Based on the extracted frame instance, the role-filler disambiguation module disambiguates the meaning of each role-filler word for the corresponding frame role a BabelNet Synset ID. A complex algorithm BIBREF5 was proposed to measure the semantic similarity between a candidate BabelNet synset that contains the role-filler word and the frame-role synset. The algorithm also has optimizations that improve the efficiency of the algorithm e.g., priority-based search, caching, and so on. In addition to disambiguating the meaning of the role-fillers, this module is also used to prune the extracted frame instances where the role-filler word and the frame role are semantically incompatible.
Constructing ULR. The extracted frame instances are translated into the corresponding logical representations, unique logical representation (ULR). Examples can be found in reference BIBREF5 .

## KALM-QA for Question Answering
Based on KALM, KALM-QA BIBREF6 is developed for question answering. KALM-QA shares the same components with KALM for syntactic parsing, frame-based parsing and role-filler disambiguation. Different from KALM, KALM-QA translates the questions to unique logical representation for queries (ULRQ), which are used to query the authored knowledge base.

## Evaluations
This section provides a summary of the evaluation of KALM and KALM-QA, where KALM is evaluated for knowledge authoring and KALM-QA is evaluated for question answering. We have created a total of 50 logical frames, mostly derived from FrameNet but also some that FrameNet is missing (like Restaurant, Human_Gender) for representing the meaning of English sentences. Based on the 50 frames, we have manually constructed 250 sentences that are adapted from FrameNet exemplar sentences and evaluate these sentences on KALM, SEMAFOR, SLING, and Stanford KBP system. KALM achieves an accuracy of 95.6%—much higher than the other systems.
For KALM-QA, we evaluate it on two datasets. The first dataset is manually constructed general questions based on the 50 logical frames. KALM-QA achieves an accuracy of 95% for parsing the queries. The second dataset we use is MetaQA dataset BIBREF14 , which contains contains almost 29,000 test questions and over 260,000 training questions. KALM-QA achieves 100% accuracy—much higher than the state-of-the-art machine learning approach BIBREF14 . Details of the evaluations can be found in BIBREF5 and BIBREF6 .

## Future Work Beyond The Thesis
This section discusses the future work beyond the thesis: (1) enhancing KALM to author rules, and (2) supporting time reasoning.
Authoring Rules from CNL. There are two research problems with rules. The first problem is the standardization of rules parses that express the same information but via different syntactic forms or using different expressions. Suppose the knowledge base contains sentences like: (1) if a person buys a car then the person owns the car, (2) every person who is a purchaser of a car is an owner of the car, (3) if a car is bought by a person then the person possesses the car. All the above sentences represent rules and express exactly the same meaning. However, KALM's current syntactic parser will represent them in different DRSs and therefore not being able to map them into the same logical form. The second problem involves the recognition and representation of different types of rules in logic. For instance, defeasible rules are very common in text. However, this type of rules cannot be handled by first order logic. We believe defeasible logic BIBREF19 is a good fit.
Time Reasoning. Time-related information is a crucial part of human knowledge, but semantic parsing that takes the time into account is rather hard. However, we can develop a CNL that would incorporate enough time related idioms to be useful in a number of domains of discourse (e.g., tax law). Time can then be added to DRSs and incorporated into our frame based approach down to the very level of the logical facts into which sentences will be translated. This time information can be represented either via special time-aware relations among events (e.g., before, after, causality, triggering) or using a reserved argument to represent time in each fluent.

## Conclusions
This thesis proposal provides an overview of KALM, a system for knowledge authoring. In addition, it introduces KALM-QA, the question answering part of KALM. Experimental results show that both KALM and KALM-QA achieve superior accuracy as compared to the state-of-the-art systems.

Question: What was their accuracy score?
JSON: [/INST]
[INST] ","































































































































































































","95.6% on knowledge authoring, 95% on the manually constructed QA dataset and 100% accuracy on the MetaQA dataset | KALM achieves an accuracy of 95.6% KALM-QA achieves 100% accuracy | KALM-QA achieves an accuracy of 95% for parsing the queries The second dataset we use is MetaQA dataset BIBREF14 , which contains contains almost 29,000 test questions and over 260,000 training questions. KALM-QA achieves 100% accuracy | KALM achieves an accuracy of 95.6%, KALM-QA achieves 95% accuracy on the manually constructured general questions dataset based on the 50 logical frames and achieves 100% accuracy on MetaQA dataset"
fe52b093735bb456d7e699aa9a2b806d2b498ba0,"<s>
[INST] You are a precise scientific QA assistant. Use only the provided paper text. If the question is not answerable from the text, reply with answer 'UNANSWERABLE'.

Return a STRICT JSON object with keys exactly:
{ ""answer"": ""<string>"", ""evidence"": [""<verbatim span 1>"", ""<verbatim span 2>""] }
- 'answer' must be 1-3 sentences or 'UNANSWERABLE'.
- 'evidence' must be 0-5 verbatim snippets copied from the paper text (no paraphrases).
No extra commentary.

Paper title: Knowledge Authoring and Question Answering with KALM

Paper text:
# Knowledge Authoring and Question Answering with KALM

## Abstract
Knowledge representation and reasoning (KRR) is one of the key areas in artificial intelligence (AI) field. It is intended to represent the world knowledge in formal languages (e.g., Prolog, SPARQL) and then enhance the expert systems to perform querying and inference tasks. Currently, constructing large scale knowledge bases (KBs) with high quality is prohibited by the fact that the construction process requires many qualified knowledge engineers who not only understand the domain-specific knowledge but also have sufficient skills in knowledge representation. Unfortunately, qualified knowledge engineers are in short supply. Therefore, it would be very useful to build a tool that allows the user to construct and query the KB simply via text. Although there is a number of systems developed for knowledge extraction and question answering, they mainly fail in that these system don't achieve high enough accuracy whereas KRR is highly sensitive to erroneous data. In this thesis proposal, I will present Knowledge Authoring Logic Machine (KALM), a rule-based system which allows the user to author knowledge and query the KB in text. The experimental results show that KALM achieved superior accuracy in knowledge authoring and question answering as compared to the state-of-the-art systems.

## Introduction
Knowledge representation and reasoning (KRR) is the process of representing the domain knowledge in formal languages (e.g., SPARQL, Prolog) such that it can be used by expert systems to execute querying and reasoning services. KRR have been applied in many fields including financial regulations, medical diagnosis, laws, and so on. One major obstacle in KRR is the creation of large-scale knowledge bases with high quality. For one thing, this requires the knowledge engineers (KEs) not only to have the background knowledge in a certain domain but have enough skills in knowledge representation as well. Unfortunately, qualified KEs are also in short supply. Therefore, it would be useful to build a tool that allows the domain experts without any background in logic to construct and query the knowledge base simply from text.
Controlled natural languages (CNLs) BIBREF0 were developed as a technology that achieves this goal. CNLs are designed based on natural languages (NLs) but with restricted syntax and interpretation rules that determine the unique meaning of the sentence. Representative CNLs include Attempto Controlled English BIBREF1 and PENG BIBREF2 . Each CNL is developed with a language parser which translates the English sentences into an intermediate structure, discourse representation structure (DRS) BIBREF3 . Based on the DRS structure, the language parsers further translate the DRS into the corresponding logical representations, e.g., Answer Set Programming (ASP) BIBREF4 programs. One main issue with the aforementioned CNLs is that the systems do not provide enough background knowledge to preserve semantic equivalences of sentences that represent the same meaning but are expressed via different linguistic structures. For instance, the sentences Mary buys a car and Mary makes a purchase of a car are translated into different logical representations by the current CNL parsers. As a result, if the user ask a question who is a buyer of a car, these systems will fail to find the answer.
In this thesis proposal, I will present KALM BIBREF5 , BIBREF6 , a system for knowledge authoring and question answering. KALM is superior to the current CNL systems in that KALM has a complex frame-semantic parser which can standardize the semantics of the sentences that express the same meaning via different linguistic structures. The frame-semantic parser is built based on FrameNet BIBREF7 and BabelNet BIBREF8 where FrameNet is used to capture the meaning of the sentence and BabelNet BIBREF8 is used to disambiguate the meaning of the extracted entities from the sentence. Experiment results show that KALM achieves superior accuracy in knowledge authoring and question answering as compared to the state-of-the-art systems.
The rest parts are organized as follows: Section SECREF2 discusses the related works, Section SECREF3 presents the KALM architecture, Section SECREF4 presents KALM-QA, the question answering part of KALM, Section SECREF5 shows the evaluation results, Section SECREF6 shows the future work beyond the thesis, and Section SECREF7 concludes the paper.

## Related Works
As is described in Section SECREF1 , CNL systems were proposed as the technology for knowledge representation and reasoning. Related works also include knowledge extraction tools, e.g., OpenIE BIBREF9 , SEMEFOR BIBREF10 , SLING BIBREF11 , and Standford KBP system BIBREF12 . These knowledge extraction tools are designed to extract semantic relations from English sentences that capture the meaning. The limitations of these tools are two-fold: first, they lack sufficient accuracy to extract the correct semantic relations and entities while KRR is very sensitive to incorrect data; second, these systems are not able to map the semantic relations to logical forms and therefore not capable of doing KRR. Other related works include the question answering frameworks, e.g., Memory Network BIBREF13 , Variational Reasoning Network BIBREF14 , ATHENA BIBREF15 , PowerAqua BIBREF16 . The first two belong to end-to-end learning approaches based on machine learning models. The last two systems have implemented semantic parsers which translate natural language sentences into intermediate query languages and then query the knowledge base to get the answers. For the machine learning based approaches, the results are not explainable. Besides, their accuracy is not high enough to provide correct answers. For ATHENA and PowerAqua, these systems perform question answering based on a priori knowledge bases. Therefore, they do not support knowledge authoring while KALM is able to support both knowledge authoring and question answering.

## The KALM Architecture
Figure FIGREF1 shows the architecture of KALM which translates a CNL sentence to the corresponding logical representations, unique logical representations (ULR).
Attempto Parsing Engine. The input sentences are CNL sentences based on ACE grammar. KALM starts with parsing the input sentence using ACE Parser and generates the DRS structure BIBREF17 which captures the syntactic information of the sentences.
Frame Parser. KALM performs frame-based parsing based on the DRS and produces a set of frames that represent the semantic relations a sentence implies. A frame BIBREF18 represents a semantic relation of a set of entities where each plays a particular role in the frame relation. We have designed a frame ontology, called FrameOnt, which is based on the frames in FrameNet BIBREF7 and encoded as a Prolog fact. For instance, the Commerce_Buy frame is shown below:
fp(Commerce_Buy,[
role(Buyer,[bn:00014332n],[]),
role(Seller,[bn:00053479n],[]),
role(Goods,[bn:00006126n,bn:00021045n],[]),
role(Recipient,[bn:00066495n],[]),
role(Money,[bn:00017803n],[currency])]).
In each role-term, the first argument is the name of the role and the second is a list of role meanings represented via BabelNet synset IDs BIBREF8 . The third argument of a role-term is a list of constraints on that role. For instance, the sentence Mary buys a car implies the Commerce_Buy frame where Mary is the Buyer and car is the Goods. To extract a frame instance from a given CNL sentence, KALM uses logical valence patterns (lvps) which are learned via structural learning. An example of the lvp is shown below:
lvp(buy,v,Commerce_Buy, [
pattern(Buyer,verb->subject,required),
pattern(Goods,verb->object,required),
pattern(Recipient,verb->pp(for)->dep,optnl),
pattern(Money,verb->pp(for)->dep,optnl),
pattern(Seller,verb->pp(from)->dep,optnl)]).
The first three arguments of an lvp-fact identify the lexical unit, its part of speech, and the frame. The fourth argument is a set of pattern-terms, each having three parts: the name of a role, a grammatical pattern, and the required/optional flag. The grammatical pattern determines the grammatical context in which the lexical unit, a role, and a role-filler word can appear in that frame. Each grammatical pattern is captured by a parsing rule (a Prolog rule) that can be used to extract appropriate role-filler words based on the APE parses.
Role-filler Disambiguation. Based on the extracted frame instance, the role-filler disambiguation module disambiguates the meaning of each role-filler word for the corresponding frame role a BabelNet Synset ID. A complex algorithm BIBREF5 was proposed to measure the semantic similarity between a candidate BabelNet synset that contains the role-filler word and the frame-role synset. The algorithm also has optimizations that improve the efficiency of the algorithm e.g., priority-based search, caching, and so on. In addition to disambiguating the meaning of the role-fillers, this module is also used to prune the extracted frame instances where the role-filler word and the frame role are semantically incompatible.
Constructing ULR. The extracted frame instances are translated into the corresponding logical representations, unique logical representation (ULR). Examples can be found in reference BIBREF5 .

## KALM-QA for Question Answering
Based on KALM, KALM-QA BIBREF6 is developed for question answering. KALM-QA shares the same components with KALM for syntactic parsing, frame-based parsing and role-filler disambiguation. Different from KALM, KALM-QA translates the questions to unique logical representation for queries (ULRQ), which are used to query the authored knowledge base.

## Evaluations
This section provides a summary of the evaluation of KALM and KALM-QA, where KALM is evaluated for knowledge authoring and KALM-QA is evaluated for question answering. We have created a total of 50 logical frames, mostly derived from FrameNet but also some that FrameNet is missing (like Restaurant, Human_Gender) for representing the meaning of English sentences. Based on the 50 frames, we have manually constructed 250 sentences that are adapted from FrameNet exemplar sentences and evaluate these sentences on KALM, SEMAFOR, SLING, and Stanford KBP system. KALM achieves an accuracy of 95.6%—much higher than the other systems.
For KALM-QA, we evaluate it on two datasets. The first dataset is manually constructed general questions based on the 50 logical frames. KALM-QA achieves an accuracy of 95% for parsing the queries. The second dataset we use is MetaQA dataset BIBREF14 , which contains contains almost 29,000 test questions and over 260,000 training questions. KALM-QA achieves 100% accuracy—much higher than the state-of-the-art machine learning approach BIBREF14 . Details of the evaluations can be found in BIBREF5 and BIBREF6 .

## Future Work Beyond The Thesis
This section discusses the future work beyond the thesis: (1) enhancing KALM to author rules, and (2) supporting time reasoning.
Authoring Rules from CNL. There are two research problems with rules. The first problem is the standardization of rules parses that express the same information but via different syntactic forms or using different expressions. Suppose the knowledge base contains sentences like: (1) if a person buys a car then the person owns the car, (2) every person who is a purchaser of a car is an owner of the car, (3) if a car is bought by a person then the person possesses the car. All the above sentences represent rules and express exactly the same meaning. However, KALM's current syntactic parser will represent them in different DRSs and therefore not being able to map them into the same logical form. The second problem involves the recognition and representation of different types of rules in logic. For instance, defeasible rules are very common in text. However, this type of rules cannot be handled by first order logic. We believe defeasible logic BIBREF19 is a good fit.
Time Reasoning. Time-related information is a crucial part of human knowledge, but semantic parsing that takes the time into account is rather hard. However, we can develop a CNL that would incorporate enough time related idioms to be useful in a number of domains of discourse (e.g., tax law). Time can then be added to DRSs and incorporated into our frame based approach down to the very level of the logical facts into which sentences will be translated. This time information can be represented either via special time-aware relations among events (e.g., before, after, causality, triggering) or using a reserved argument to represent time in each fluent.

## Conclusions
This thesis proposal provides an overview of KALM, a system for knowledge authoring. In addition, it introduces KALM-QA, the question answering part of KALM. Experimental results show that both KALM and KALM-QA achieve superior accuracy as compared to the state-of-the-art systems.

Question: What are the state-of-the-art systems?
JSON: [/INST]
[INST] ","































































































































































































","SEMAFOR SLING Stanford KBP | SEMAFOR SLING Stanford KBP system | SEMAFOR, SLING, and Stanford KBP system BIBREF14"
7748c072e07d6c6db5a34be38b4a5e97ac6d7999,"<s>
[INST] You are a precise scientific QA assistant. Use only the provided paper text. If the question is not answerable from the text, reply with answer 'UNANSWERABLE'.

Return a STRICT JSON object with keys exactly:
{ ""answer"": ""<string>"", ""evidence"": [""<verbatim span 1>"", ""<verbatim span 2>""] }
- 'answer' must be 1-3 sentences or 'UNANSWERABLE'.
- 'evidence' must be 0-5 verbatim snippets copied from the paper text (no paraphrases).
No extra commentary.

Paper title: Knowledge Authoring and Question Answering with KALM

Paper text:
# Knowledge Authoring and Question Answering with KALM

## Abstract
Knowledge representation and reasoning (KRR) is one of the key areas in artificial intelligence (AI) field. It is intended to represent the world knowledge in formal languages (e.g., Prolog, SPARQL) and then enhance the expert systems to perform querying and inference tasks. Currently, constructing large scale knowledge bases (KBs) with high quality is prohibited by the fact that the construction process requires many qualified knowledge engineers who not only understand the domain-specific knowledge but also have sufficient skills in knowledge representation. Unfortunately, qualified knowledge engineers are in short supply. Therefore, it would be very useful to build a tool that allows the user to construct and query the KB simply via text. Although there is a number of systems developed for knowledge extraction and question answering, they mainly fail in that these system don't achieve high enough accuracy whereas KRR is highly sensitive to erroneous data. In this thesis proposal, I will present Knowledge Authoring Logic Machine (KALM), a rule-based system which allows the user to author knowledge and query the KB in text. The experimental results show that KALM achieved superior accuracy in knowledge authoring and question answering as compared to the state-of-the-art systems.

## Introduction
Knowledge representation and reasoning (KRR) is the process of representing the domain knowledge in formal languages (e.g., SPARQL, Prolog) such that it can be used by expert systems to execute querying and reasoning services. KRR have been applied in many fields including financial regulations, medical diagnosis, laws, and so on. One major obstacle in KRR is the creation of large-scale knowledge bases with high quality. For one thing, this requires the knowledge engineers (KEs) not only to have the background knowledge in a certain domain but have enough skills in knowledge representation as well. Unfortunately, qualified KEs are also in short supply. Therefore, it would be useful to build a tool that allows the domain experts without any background in logic to construct and query the knowledge base simply from text.
Controlled natural languages (CNLs) BIBREF0 were developed as a technology that achieves this goal. CNLs are designed based on natural languages (NLs) but with restricted syntax and interpretation rules that determine the unique meaning of the sentence. Representative CNLs include Attempto Controlled English BIBREF1 and PENG BIBREF2 . Each CNL is developed with a language parser which translates the English sentences into an intermediate structure, discourse representation structure (DRS) BIBREF3 . Based on the DRS structure, the language parsers further translate the DRS into the corresponding logical representations, e.g., Answer Set Programming (ASP) BIBREF4 programs. One main issue with the aforementioned CNLs is that the systems do not provide enough background knowledge to preserve semantic equivalences of sentences that represent the same meaning but are expressed via different linguistic structures. For instance, the sentences Mary buys a car and Mary makes a purchase of a car are translated into different logical representations by the current CNL parsers. As a result, if the user ask a question who is a buyer of a car, these systems will fail to find the answer.
In this thesis proposal, I will present KALM BIBREF5 , BIBREF6 , a system for knowledge authoring and question answering. KALM is superior to the current CNL systems in that KALM has a complex frame-semantic parser which can standardize the semantics of the sentences that express the same meaning via different linguistic structures. The frame-semantic parser is built based on FrameNet BIBREF7 and BabelNet BIBREF8 where FrameNet is used to capture the meaning of the sentence and BabelNet BIBREF8 is used to disambiguate the meaning of the extracted entities from the sentence. Experiment results show that KALM achieves superior accuracy in knowledge authoring and question answering as compared to the state-of-the-art systems.
The rest parts are organized as follows: Section SECREF2 discusses the related works, Section SECREF3 presents the KALM architecture, Section SECREF4 presents KALM-QA, the question answering part of KALM, Section SECREF5 shows the evaluation results, Section SECREF6 shows the future work beyond the thesis, and Section SECREF7 concludes the paper.

## Related Works
As is described in Section SECREF1 , CNL systems were proposed as the technology for knowledge representation and reasoning. Related works also include knowledge extraction tools, e.g., OpenIE BIBREF9 , SEMEFOR BIBREF10 , SLING BIBREF11 , and Standford KBP system BIBREF12 . These knowledge extraction tools are designed to extract semantic relations from English sentences that capture the meaning. The limitations of these tools are two-fold: first, they lack sufficient accuracy to extract the correct semantic relations and entities while KRR is very sensitive to incorrect data; second, these systems are not able to map the semantic relations to logical forms and therefore not capable of doing KRR. Other related works include the question answering frameworks, e.g., Memory Network BIBREF13 , Variational Reasoning Network BIBREF14 , ATHENA BIBREF15 , PowerAqua BIBREF16 . The first two belong to end-to-end learning approaches based on machine learning models. The last two systems have implemented semantic parsers which translate natural language sentences into intermediate query languages and then query the knowledge base to get the answers. For the machine learning based approaches, the results are not explainable. Besides, their accuracy is not high enough to provide correct answers. For ATHENA and PowerAqua, these systems perform question answering based on a priori knowledge bases. Therefore, they do not support knowledge authoring while KALM is able to support both knowledge authoring and question answering.

## The KALM Architecture
Figure FIGREF1 shows the architecture of KALM which translates a CNL sentence to the corresponding logical representations, unique logical representations (ULR).
Attempto Parsing Engine. The input sentences are CNL sentences based on ACE grammar. KALM starts with parsing the input sentence using ACE Parser and generates the DRS structure BIBREF17 which captures the syntactic information of the sentences.
Frame Parser. KALM performs frame-based parsing based on the DRS and produces a set of frames that represent the semantic relations a sentence implies. A frame BIBREF18 represents a semantic relation of a set of entities where each plays a particular role in the frame relation. We have designed a frame ontology, called FrameOnt, which is based on the frames in FrameNet BIBREF7 and encoded as a Prolog fact. For instance, the Commerce_Buy frame is shown below:
fp(Commerce_Buy,[
role(Buyer,[bn:00014332n],[]),
role(Seller,[bn:00053479n],[]),
role(Goods,[bn:00006126n,bn:00021045n],[]),
role(Recipient,[bn:00066495n],[]),
role(Money,[bn:00017803n],[currency])]).
In each role-term, the first argument is the name of the role and the second is a list of role meanings represented via BabelNet synset IDs BIBREF8 . The third argument of a role-term is a list of constraints on that role. For instance, the sentence Mary buys a car implies the Commerce_Buy frame where Mary is the Buyer and car is the Goods. To extract a frame instance from a given CNL sentence, KALM uses logical valence patterns (lvps) which are learned via structural learning. An example of the lvp is shown below:
lvp(buy,v,Commerce_Buy, [
pattern(Buyer,verb->subject,required),
pattern(Goods,verb->object,required),
pattern(Recipient,verb->pp(for)->dep,optnl),
pattern(Money,verb->pp(for)->dep,optnl),
pattern(Seller,verb->pp(from)->dep,optnl)]).
The first three arguments of an lvp-fact identify the lexical unit, its part of speech, and the frame. The fourth argument is a set of pattern-terms, each having three parts: the name of a role, a grammatical pattern, and the required/optional flag. The grammatical pattern determines the grammatical context in which the lexical unit, a role, and a role-filler word can appear in that frame. Each grammatical pattern is captured by a parsing rule (a Prolog rule) that can be used to extract appropriate role-filler words based on the APE parses.
Role-filler Disambiguation. Based on the extracted frame instance, the role-filler disambiguation module disambiguates the meaning of each role-filler word for the corresponding frame role a BabelNet Synset ID. A complex algorithm BIBREF5 was proposed to measure the semantic similarity between a candidate BabelNet synset that contains the role-filler word and the frame-role synset. The algorithm also has optimizations that improve the efficiency of the algorithm e.g., priority-based search, caching, and so on. In addition to disambiguating the meaning of the role-fillers, this module is also used to prune the extracted frame instances where the role-filler word and the frame role are semantically incompatible.
Constructing ULR. The extracted frame instances are translated into the corresponding logical representations, unique logical representation (ULR). Examples can be found in reference BIBREF5 .

## KALM-QA for Question Answering
Based on KALM, KALM-QA BIBREF6 is developed for question answering. KALM-QA shares the same components with KALM for syntactic parsing, frame-based parsing and role-filler disambiguation. Different from KALM, KALM-QA translates the questions to unique logical representation for queries (ULRQ), which are used to query the authored knowledge base.

## Evaluations
This section provides a summary of the evaluation of KALM and KALM-QA, where KALM is evaluated for knowledge authoring and KALM-QA is evaluated for question answering. We have created a total of 50 logical frames, mostly derived from FrameNet but also some that FrameNet is missing (like Restaurant, Human_Gender) for representing the meaning of English sentences. Based on the 50 frames, we have manually constructed 250 sentences that are adapted from FrameNet exemplar sentences and evaluate these sentences on KALM, SEMAFOR, SLING, and Stanford KBP system. KALM achieves an accuracy of 95.6%—much higher than the other systems.
For KALM-QA, we evaluate it on two datasets. The first dataset is manually constructed general questions based on the 50 logical frames. KALM-QA achieves an accuracy of 95% for parsing the queries. The second dataset we use is MetaQA dataset BIBREF14 , which contains contains almost 29,000 test questions and over 260,000 training questions. KALM-QA achieves 100% accuracy—much higher than the state-of-the-art machine learning approach BIBREF14 . Details of the evaluations can be found in BIBREF5 and BIBREF6 .

## Future Work Beyond The Thesis
This section discusses the future work beyond the thesis: (1) enhancing KALM to author rules, and (2) supporting time reasoning.
Authoring Rules from CNL. There are two research problems with rules. The first problem is the standardization of rules parses that express the same information but via different syntactic forms or using different expressions. Suppose the knowledge base contains sentences like: (1) if a person buys a car then the person owns the car, (2) every person who is a purchaser of a car is an owner of the car, (3) if a car is bought by a person then the person possesses the car. All the above sentences represent rules and express exactly the same meaning. However, KALM's current syntactic parser will represent them in different DRSs and therefore not being able to map them into the same logical form. The second problem involves the recognition and representation of different types of rules in logic. For instance, defeasible rules are very common in text. However, this type of rules cannot be handled by first order logic. We believe defeasible logic BIBREF19 is a good fit.
Time Reasoning. Time-related information is a crucial part of human knowledge, but semantic parsing that takes the time into account is rather hard. However, we can develop a CNL that would incorporate enough time related idioms to be useful in a number of domains of discourse (e.g., tax law). Time can then be added to DRSs and incorporated into our frame based approach down to the very level of the logical facts into which sentences will be translated. This time information can be represented either via special time-aware relations among events (e.g., before, after, causality, triggering) or using a reserved argument to represent time in each fluent.

## Conclusions
This thesis proposal provides an overview of KALM, a system for knowledge authoring. In addition, it introduces KALM-QA, the question answering part of KALM. Experimental results show that both KALM and KALM-QA achieve superior accuracy as compared to the state-of-the-art systems.

Question: What dataset did they evaluate on?
JSON: [/INST]
[INST] ","































































































































































































","dataset consisting 250 sentences adapted from FrameNet exemplar sentences, dataset consisting general questions based on 50 logical framesderived from FrameNet, MetaQA dataset | first dataset is manually constructed general questions based on the 50 logical frames second dataset we use is MetaQA dataset BIBREF14 , which contains contains almost 29,000 test questions and over 260,000 training questions | a manually created dataset of 50 logical frames mostly derived from FrameNet, a manually constructed general questions dataset based on the 50 logical frames and MetaQA dataset | manually constructed general questions based on the 50 logical frames MetaQA dataset"
c97306c1be5d59cf27b1054adfa8f1da47d292ce,"<s>
[INST] You are a precise scientific QA assistant. Use only the provided paper text. If the question is not answerable from the text, reply with answer 'UNANSWERABLE'.

Return a STRICT JSON object with keys exactly:
{ ""answer"": ""<string>"", ""evidence"": [""<verbatim span 1>"", ""<verbatim span 2>""] }
- 'answer' must be 1-3 sentences or 'UNANSWERABLE'.
- 'evidence' must be 0-5 verbatim snippets copied from the paper text (no paraphrases).
No extra commentary.

Paper title: Italian Event Detection Goes Deep Learning

Paper text:
# Italian Event Detection Goes Deep Learning

## Abstract
This paper reports on a set of experiments with different word embeddings to initialize a state-of-the-art Bi-LSTM-CRF network for event detection and classification in Italian, following the EVENTI evaluation exercise. The net- work obtains a new state-of-the-art result by improving the F1 score for detection of 1.3 points, and of 6.5 points for classification, by using a single step approach. The results also provide further evidence that embeddings have a major impact on the performance of such architectures.

## Introduction
Current societies are exposed to a continuous flow of information that results in a large production of data (e.g. news articles, micro-blogs, social media posts, among others), at different moments in time. In addition to this, the consumption of information has dramatically changed: more and more people directly access information through social media platforms (e.g. Facebook and Twitter), and are less and less exposed to a diversity of perspectives and opinions. The combination of these factors may easily result in information overload and impenetrable “filter bubbles”. Events, i.e. things that happen or hold as true in the world, are the basic components of such data stream. Being able to correctly identify and classify them plays a major role to develop robust solutions to deal with the current stream of data (e.g. the storyline framework BIBREF0 ), as well to improve the performance of many Natural Language Processing (NLP) applications such as automatic summarization and question answering (Q.A.).
Event detection and classification has seen a growing interest in the NLP community thanks to the availability of annotated corpora BIBREF1 , BIBREF2 , BIBREF3 , BIBREF4 and evaluation campaigns BIBREF5 , BIBREF6 , BIBREF7 , BIBREF8 , BIBREF9 , BIBREF10 . In the context of the 2014 EVALITA Workshop, the EVENTI evaluation exercise BIBREF11 was organized to promote research in Italian Temporal Processing, of which event detection and classification is a core subtask.
Since the EVENTI campaign, there has been a lack of further research, especially in the application of deep learning models to this task in Italian. The contributions of this paper are the followings: i.) the adaptation of a state-of-the-art sequence to sequence (seq2seq) neural system to event detection and classification for Italian in a single step approach; ii.) an investigation on the quality of existing Italian word embeddings for this task; iii.) a comparison against a state-of-the-art discrete classifier. The pre-trained models and scripts running the system (or re-train it) are publicly available. .

## Task Description
We follow the formulation of the task as specified in the EVENTI exercise: determine the extent and the class of event mentions in a text, according to the It-TimeML $<$ EVENT $>$ tag definition (Subtask B in EVENTI).
In EVENTI, the tag $<$ EVENT $>$ is applied to every linguistic expression denoting a situation that happens or occurs, or a state in which something obtains or holds true, regardless of the specific parts-of-speech that may realize it. EVENTI distinguishes between single token and multi-tokens events, where the latter are restricted to specific cases of eventive multi-word expressions in lexicographic dictionaries (e.g. “fare le valigie” [to pack]), verbal periphrases (e.g. “(essere) in grado di” [(to be) able to]; “c'è” [there is]), and named events (e.g. “la strage di Beslan” [Beslan school siege]).
Each event is further assigned to one of 7 possible classes, namely: OCCURRENCE, ASPECTUAL, PERCEPTION, REPORTING, I(NTESIONAL)_STATE, I(NTENSIONAL)_ACTION, and STATE. These classes are derived from the English TimeML Annotation Guidelines BIBREF12 . The TimeML event classes distinguishes with respect to other classifications, such as ACE BIBREF1 or FrameNet BIBREF13 , because they expresses relationships the target event participates in (such as factual, evidential, reported, intensional) rather than semantic categories denoting the meaning of the event. This means that the EVENT classes are assigned by taking into account both the semantic and the syntactic context of occurrence of the target event. Readers are referred to the EVENTI Annotation Guidelines for more details.

## Dataset
The EVENTI corpus consists of three datasets: the Main Task training data, the Main task test data, and the Pilot task test data. The Main Task data are on contemporary news articles, while the Pilot Task on historical news articles. For our experiments, we focused only on the Main Task. In addition to the training and test data, we have created also a Main Task development set by excluding from the training data all the articles that composed the test data of the Italian dataset at the SemEval 2010 TempEval-2 campaign BIBREF6 . The new partition of the corpus results in the following distribution of the $<$ EVENT $>$ tag: i) 17,528 events in the training data, of which 1,207 are multi-token mentions; ii.) 301 events in the development set, of which 13 are multi-token mentions; and finally, iii.) 3,798 events in the Main task test, of which 271 are multi-token mentions.
Tables 1 and 1 report, respectively, the distribution of the events per token part-of speech (POS) and per event class. Not surprisingly, verbs are the largest annotated category, followed by nouns, adjectives, and prepositional phrases. Such a distribution reflects both a kind of “natural” distribution of the realization of events in an Indo-european language, and, at the same time, specific annotation choices. For instance, adjectives have been annotated only when in a predicative position and when introduced by a copula or a copular construction. As for the classes, OCCURRENCE and STATE represent the large majority of all events, followed by the intensional ones (I_STATE and I_ACTION), expressing some factual relationship between the target events and their arguments, and finally the others (REPORTING, ASPECTUAL, and PERCEPTION).

## System and Experiments
We adapted a publicly available Bi-LSTM network with a CRF classifier as last layer BIBREF14 . BIBREF14 demonstrated that word embeddings, among other hyper-parameters, have a major impact on the performance of the network, regardless of the specific task. On the basis of these experimental observations, we decided to investigate the impact of different Italian word embeddings for the Subtask B Main Task of the EVENTI exercise. We thus selected 5 word embeddings for Italian to initialize the network, differentiating one with respect to each other either for the representation model used (word2vec vs. GloVe; CBOW vs. skip-gram), dimensionality (300 vs. 100), or corpora used for their generation (Italian Wikipedia vs. crawled web document vs. large textual corpora or archives):
As for the other parameters, the network maintains the optimized configurations used for the event detection task for English BIBREF14 : two LSTM layers of 100 units each, Nadam optimizer, variational dropout (0.5, 0.5), with gradient normalization ( $\tau $ = 1), and batch size of 8. Character-level embeddings, learned using a Convolutional Neural Network (CNN) BIBREF22 , are concatenated with the word embedding vector to feed into the LSTM network. Final layer of the network is a CRF classifier.
Evaluation is conducted using the EVENTI evaluation framework. Standard Precision, Recall, and F1 apply for the event detection. Given that the extent of an event tag may be composed by more than one tokens, systems are evaluated both for strict match, i.e. one point only if all tokens which compose an $<$ EVENT $>$ tag are correctly identified, and relaxed match, i.e. one point for any correct overlap between the system output and the reference gold data. The classification aspect is evaluated using the F1-attribute score BIBREF7 , that captures how well a system identify both the entity (extent) and attribute (i.e. class) together.
We approached the task in a single-step by detecting and classifying event mentions at once rather than in the standard two step approach, i.e. detection first and classification on top of the detected elements. The task is formulated as a seq2seq problem, by converting the original annotation format into an BIO scheme (Beginning, Inside, Outside), with the resulting alphabet being B-class_label, I-class_label and O. Example ""System and Experiments"" below illustrates a simplified version of the problem for a short sentence:
input problem solution
Marco (B-STATE $|$ I-STATE $|$ ... $|$ O) O
pensa (B-STATE $|$ I-STATE $|$ ... $|$ O) B-ISTATE
di (B-STATE $|$ I-STATE $|$ ... $|$ O) O
andare (B-STATE $|$ I-STATE $|$ ... $|$ O) B-OCCUR
a (B-STATE $|$ I-STATE $|$ ... $|$ O) O
casa (B-STATE $|$ I-STATE $|$ ... $|$ O) O
. (B-STATE $|$ I-STATE $|$ ... $|$ O) O

## Results and Discussion
Results for the experiments are illustrated in Table 2 . We also report the results of the best system that participated at EVENTI Subtask B, FBK-HLT BIBREF23 . FBK-HLT is a cascade of two SVM classifiers (one for detection and one for classification) based on rich linguistic features. Figure 1 plots charts comparing F1 scores of the network initialized with each of the five embeddings against the FBK-HLT system for the event detection and classification tasks, respectively.
The results of the Bi-LSTM-CRF network are varied in both evaluation configurations. The differences are mainly due to the embeddings used to initialize the network. The best embedding configuration is Fastext-It that differentiate from all the others for the approach used for generating the embeddings. Embedding's dimensionality impacts on the performances supporting the findings in BIBREF14 , but it seems that the quantity (and variety) of data used to generate the embeddings can have a mitigating effect, as shown by the results of the DH-FBK-100 configuration (especially in the classification subtask, and in the Recall scores for the event extent subtask). Coverage of the embeddings (and consequenlty, tokenization of the dataset and the embeddings) is a further aspect to keep into account, but it seems to have a minor impact with respect to dimensionality. It turns out that BIBREF15 's embeddings are those suffering the most from out of vocabulary (OVV) tokens (2.14% and 1.06% in training, 2.77% and 1.84% in test for the word2vec model and GloVe, respectively) with respect to the others. However, they still outperform DH-FBK_100 and ILC-ItWack, whose OVV are much lower (0.73% in training and 1.12% in test for DH-FBK_100; 0.74% in training and 0.83% in test for ILC-ItWack).
The network obtains the best F1 score, both for detection (F1 of 0.880 for strict evaluation and 0.903 for relaxed evaluation with Fastext-It embeddings) and for classification (F1-class of 0.756 for strict evaluation, and 0.751 for relaxed evaluation with Fastext-It embeddings). Although FBK-HLT suffers in the classification subtask, it qualifies as a highly competitive system for the detection subtask. By observing the strict F1 scores, FBK-HLT beats three configurations (DH-FBK-100, ILC-ItWack, Berardi2015_Glove) , almost equals one (Berardi2015_w2v) , and it is outperformed only by one (Fastext-It) . In the relaxed evaluation setting, DH-FBK-100 is the only configuration that does not beat FBK-HLT (although the difference is only 0.001 point). Nevertheless, it is remarkable to observe that FBK-HLT has a very high Precision (0.902, relaxed evaluation mode), that is overcome by only one embedding configuration, ILC-ItWack. The results also indicates that word embeddings have a major contribution on Recall, supporting observations that distributed representations have better generalization capabilities than discrete feature vectors. This is further supported by the fact that these results are obtained using a single step approach, where the network has to deal with a total of 15 possible different labels.
We further compared the outputs of the best model, i.e. Fastext-It, against FBK-HLT. As for the event detection subtask, we have adopted an event-based analysis rather than a token based one, as this will provide better insights on errors concerning multi-token events and event parts-of-speech (see Table 1 for reference). By analyzing the True Positives, we observe that the Fastext-It model has better performances than FBK-HLT with nouns (77.78% vs. 65.64%, respectively) and prepositional phrases (28.00% vs. 16.00%, respectively). Performances are very close for verbs (88.04% vs. 88.49%, respectively) and adjectives (80.50% vs. 79.66%, respectively). These results, especially those for prepositional phrases, indicates that the Bi-LSTM-CRF network structure and embeddings are also much more robust at detecting multi-tokens instances of events, and difficult realizations of events, such as nouns.
Concerning the classification, we focused on the mismatches between correctly identified events (extent layer) and class assignment. The Fastext-It model wrongly assigns the class to only 557 event tokens compared to the 729 cases for FBK-HLT. The distribution of the class errors, in terms of absolute numbers, is the same between the two systems, with the top three wrong classes being, in both cases, OCCURRENCE, I_ACTION and STATE. OCCURRENCE, not surprisingly, is the class that tends to be assigned more often by both systems, being also the most frequent. However, if FBK-HLT largely overgeneralizes OCCURRENCE (59.53% of all class errors), this corresponds to only one third of the errors (37.70%) in the Bi-LSTM-CRF network. Other notable differences concern I_ACTION (27.82% of errors for the Bi-LSTM-CRF vs. 17.28% for FBK-HLT), STATE (8.79% for the Bi-LSTM-CRF vs. 15.22% for FBK-HLT) and REPORTING (7.89% for the Bi-LSTM-CRF vs. 2.33% for FBK-HLT) classes.

## Conclusion and Future Work
This paper has investigated the application of different word embeddings for the initialization of a state-of-the-art Bi-LSTM-CRF network to solve the event detection and classification task in Italian, according to the EVENTI exercise. We obtained new state-of-the-art results using the Fastext-It embeddings, and improved the F1-class score of 6.5 points in strict evaluation mode. As for the event detection subtask, we observe a limited improvement (+1.3 points in strict F1), mainly due to gains in Recall. Such results are extremely positive as the task has been modeled in a single step approach, i.e. detection and classification at once, for the first time in Italian. Further support that embeddings have a major impact in the performance of neural architectures is provided, as the variations in performance of the Bi-LSMT-CRF models show. This is due to a combination of factors such as dimensionality, (raw) data, and the method used for generating the embeddings.
Future work should focus on the development of embeddings that move away from the basic word level, integrating extra layers of linguistic analysis (e.g. syntactic dependencies) BIBREF24 , that have proven to be very powerful for the same task in English.

## Acknowledgments
The author wants to thank all researchers and research groups who made available their word embeddings and their code. Sharing is caring.

Question: What are the contributions of this paper?
JSON: [/INST]
[INST] ","































































































































































































","adaptation of a state-of-the-art sequence to sequence (seq2seq) neural system to event detection and classification for Italian in a single step approach investigation on the quality of existing Italian word embeddings for this task a comparison against a state-of-the-art discrete classifier | (1) Using seq2seq for event detection and classification in Italian (2) Investigating quality of Italian word embeddings for this task (3) Comparison to state-of-the-art discrete classifier | the adaptation of a state-of-the-art sequence to sequence (seq2seq) neural system to event detection and classification for Italian in a single step approach an investigation on the quality of existing Italian word embeddings for this task a comparison against a state-of-the-art discrete classifier pre-trained models and scripts running the system | Adapting a seq2seq neural system to event detection and classification for Italian, investigating the quality of existing embeddings for the task, and comparing against a state-of-the-art discrete classifier."
e42916924b69cab1df25d3b4e6072feaa0ba8084,"<s>
[INST] You are a precise scientific QA assistant. Use only the provided paper text. If the question is not answerable from the text, reply with answer 'UNANSWERABLE'.

Return a STRICT JSON object with keys exactly:
{ ""answer"": ""<string>"", ""evidence"": [""<verbatim span 1>"", ""<verbatim span 2>""] }
- 'answer' must be 1-3 sentences or 'UNANSWERABLE'.
- 'evidence' must be 0-5 verbatim snippets copied from the paper text (no paraphrases).
No extra commentary.

Paper title: Italian Event Detection Goes Deep Learning

Paper text:
# Italian Event Detection Goes Deep Learning

## Abstract
This paper reports on a set of experiments with different word embeddings to initialize a state-of-the-art Bi-LSTM-CRF network for event detection and classification in Italian, following the EVENTI evaluation exercise. The net- work obtains a new state-of-the-art result by improving the F1 score for detection of 1.3 points, and of 6.5 points for classification, by using a single step approach. The results also provide further evidence that embeddings have a major impact on the performance of such architectures.

## Introduction
Current societies are exposed to a continuous flow of information that results in a large production of data (e.g. news articles, micro-blogs, social media posts, among others), at different moments in time. In addition to this, the consumption of information has dramatically changed: more and more people directly access information through social media platforms (e.g. Facebook and Twitter), and are less and less exposed to a diversity of perspectives and opinions. The combination of these factors may easily result in information overload and impenetrable “filter bubbles”. Events, i.e. things that happen or hold as true in the world, are the basic components of such data stream. Being able to correctly identify and classify them plays a major role to develop robust solutions to deal with the current stream of data (e.g. the storyline framework BIBREF0 ), as well to improve the performance of many Natural Language Processing (NLP) applications such as automatic summarization and question answering (Q.A.).
Event detection and classification has seen a growing interest in the NLP community thanks to the availability of annotated corpora BIBREF1 , BIBREF2 , BIBREF3 , BIBREF4 and evaluation campaigns BIBREF5 , BIBREF6 , BIBREF7 , BIBREF8 , BIBREF9 , BIBREF10 . In the context of the 2014 EVALITA Workshop, the EVENTI evaluation exercise BIBREF11 was organized to promote research in Italian Temporal Processing, of which event detection and classification is a core subtask.
Since the EVENTI campaign, there has been a lack of further research, especially in the application of deep learning models to this task in Italian. The contributions of this paper are the followings: i.) the adaptation of a state-of-the-art sequence to sequence (seq2seq) neural system to event detection and classification for Italian in a single step approach; ii.) an investigation on the quality of existing Italian word embeddings for this task; iii.) a comparison against a state-of-the-art discrete classifier. The pre-trained models and scripts running the system (or re-train it) are publicly available. .

## Task Description
We follow the formulation of the task as specified in the EVENTI exercise: determine the extent and the class of event mentions in a text, according to the It-TimeML $<$ EVENT $>$ tag definition (Subtask B in EVENTI).
In EVENTI, the tag $<$ EVENT $>$ is applied to every linguistic expression denoting a situation that happens or occurs, or a state in which something obtains or holds true, regardless of the specific parts-of-speech that may realize it. EVENTI distinguishes between single token and multi-tokens events, where the latter are restricted to specific cases of eventive multi-word expressions in lexicographic dictionaries (e.g. “fare le valigie” [to pack]), verbal periphrases (e.g. “(essere) in grado di” [(to be) able to]; “c'è” [there is]), and named events (e.g. “la strage di Beslan” [Beslan school siege]).
Each event is further assigned to one of 7 possible classes, namely: OCCURRENCE, ASPECTUAL, PERCEPTION, REPORTING, I(NTESIONAL)_STATE, I(NTENSIONAL)_ACTION, and STATE. These classes are derived from the English TimeML Annotation Guidelines BIBREF12 . The TimeML event classes distinguishes with respect to other classifications, such as ACE BIBREF1 or FrameNet BIBREF13 , because they expresses relationships the target event participates in (such as factual, evidential, reported, intensional) rather than semantic categories denoting the meaning of the event. This means that the EVENT classes are assigned by taking into account both the semantic and the syntactic context of occurrence of the target event. Readers are referred to the EVENTI Annotation Guidelines for more details.

## Dataset
The EVENTI corpus consists of three datasets: the Main Task training data, the Main task test data, and the Pilot task test data. The Main Task data are on contemporary news articles, while the Pilot Task on historical news articles. For our experiments, we focused only on the Main Task. In addition to the training and test data, we have created also a Main Task development set by excluding from the training data all the articles that composed the test data of the Italian dataset at the SemEval 2010 TempEval-2 campaign BIBREF6 . The new partition of the corpus results in the following distribution of the $<$ EVENT $>$ tag: i) 17,528 events in the training data, of which 1,207 are multi-token mentions; ii.) 301 events in the development set, of which 13 are multi-token mentions; and finally, iii.) 3,798 events in the Main task test, of which 271 are multi-token mentions.
Tables 1 and 1 report, respectively, the distribution of the events per token part-of speech (POS) and per event class. Not surprisingly, verbs are the largest annotated category, followed by nouns, adjectives, and prepositional phrases. Such a distribution reflects both a kind of “natural” distribution of the realization of events in an Indo-european language, and, at the same time, specific annotation choices. For instance, adjectives have been annotated only when in a predicative position and when introduced by a copula or a copular construction. As for the classes, OCCURRENCE and STATE represent the large majority of all events, followed by the intensional ones (I_STATE and I_ACTION), expressing some factual relationship between the target events and their arguments, and finally the others (REPORTING, ASPECTUAL, and PERCEPTION).

## System and Experiments
We adapted a publicly available Bi-LSTM network with a CRF classifier as last layer BIBREF14 . BIBREF14 demonstrated that word embeddings, among other hyper-parameters, have a major impact on the performance of the network, regardless of the specific task. On the basis of these experimental observations, we decided to investigate the impact of different Italian word embeddings for the Subtask B Main Task of the EVENTI exercise. We thus selected 5 word embeddings for Italian to initialize the network, differentiating one with respect to each other either for the representation model used (word2vec vs. GloVe; CBOW vs. skip-gram), dimensionality (300 vs. 100), or corpora used for their generation (Italian Wikipedia vs. crawled web document vs. large textual corpora or archives):
As for the other parameters, the network maintains the optimized configurations used for the event detection task for English BIBREF14 : two LSTM layers of 100 units each, Nadam optimizer, variational dropout (0.5, 0.5), with gradient normalization ( $\tau $ = 1), and batch size of 8. Character-level embeddings, learned using a Convolutional Neural Network (CNN) BIBREF22 , are concatenated with the word embedding vector to feed into the LSTM network. Final layer of the network is a CRF classifier.
Evaluation is conducted using the EVENTI evaluation framework. Standard Precision, Recall, and F1 apply for the event detection. Given that the extent of an event tag may be composed by more than one tokens, systems are evaluated both for strict match, i.e. one point only if all tokens which compose an $<$ EVENT $>$ tag are correctly identified, and relaxed match, i.e. one point for any correct overlap between the system output and the reference gold data. The classification aspect is evaluated using the F1-attribute score BIBREF7 , that captures how well a system identify both the entity (extent) and attribute (i.e. class) together.
We approached the task in a single-step by detecting and classifying event mentions at once rather than in the standard two step approach, i.e. detection first and classification on top of the detected elements. The task is formulated as a seq2seq problem, by converting the original annotation format into an BIO scheme (Beginning, Inside, Outside), with the resulting alphabet being B-class_label, I-class_label and O. Example ""System and Experiments"" below illustrates a simplified version of the problem for a short sentence:
input problem solution
Marco (B-STATE $|$ I-STATE $|$ ... $|$ O) O
pensa (B-STATE $|$ I-STATE $|$ ... $|$ O) B-ISTATE
di (B-STATE $|$ I-STATE $|$ ... $|$ O) O
andare (B-STATE $|$ I-STATE $|$ ... $|$ O) B-OCCUR
a (B-STATE $|$ I-STATE $|$ ... $|$ O) O
casa (B-STATE $|$ I-STATE $|$ ... $|$ O) O
. (B-STATE $|$ I-STATE $|$ ... $|$ O) O

## Results and Discussion
Results for the experiments are illustrated in Table 2 . We also report the results of the best system that participated at EVENTI Subtask B, FBK-HLT BIBREF23 . FBK-HLT is a cascade of two SVM classifiers (one for detection and one for classification) based on rich linguistic features. Figure 1 plots charts comparing F1 scores of the network initialized with each of the five embeddings against the FBK-HLT system for the event detection and classification tasks, respectively.
The results of the Bi-LSTM-CRF network are varied in both evaluation configurations. The differences are mainly due to the embeddings used to initialize the network. The best embedding configuration is Fastext-It that differentiate from all the others for the approach used for generating the embeddings. Embedding's dimensionality impacts on the performances supporting the findings in BIBREF14 , but it seems that the quantity (and variety) of data used to generate the embeddings can have a mitigating effect, as shown by the results of the DH-FBK-100 configuration (especially in the classification subtask, and in the Recall scores for the event extent subtask). Coverage of the embeddings (and consequenlty, tokenization of the dataset and the embeddings) is a further aspect to keep into account, but it seems to have a minor impact with respect to dimensionality. It turns out that BIBREF15 's embeddings are those suffering the most from out of vocabulary (OVV) tokens (2.14% and 1.06% in training, 2.77% and 1.84% in test for the word2vec model and GloVe, respectively) with respect to the others. However, they still outperform DH-FBK_100 and ILC-ItWack, whose OVV are much lower (0.73% in training and 1.12% in test for DH-FBK_100; 0.74% in training and 0.83% in test for ILC-ItWack).
The network obtains the best F1 score, both for detection (F1 of 0.880 for strict evaluation and 0.903 for relaxed evaluation with Fastext-It embeddings) and for classification (F1-class of 0.756 for strict evaluation, and 0.751 for relaxed evaluation with Fastext-It embeddings). Although FBK-HLT suffers in the classification subtask, it qualifies as a highly competitive system for the detection subtask. By observing the strict F1 scores, FBK-HLT beats three configurations (DH-FBK-100, ILC-ItWack, Berardi2015_Glove) , almost equals one (Berardi2015_w2v) , and it is outperformed only by one (Fastext-It) . In the relaxed evaluation setting, DH-FBK-100 is the only configuration that does not beat FBK-HLT (although the difference is only 0.001 point). Nevertheless, it is remarkable to observe that FBK-HLT has a very high Precision (0.902, relaxed evaluation mode), that is overcome by only one embedding configuration, ILC-ItWack. The results also indicates that word embeddings have a major contribution on Recall, supporting observations that distributed representations have better generalization capabilities than discrete feature vectors. This is further supported by the fact that these results are obtained using a single step approach, where the network has to deal with a total of 15 possible different labels.
We further compared the outputs of the best model, i.e. Fastext-It, against FBK-HLT. As for the event detection subtask, we have adopted an event-based analysis rather than a token based one, as this will provide better insights on errors concerning multi-token events and event parts-of-speech (see Table 1 for reference). By analyzing the True Positives, we observe that the Fastext-It model has better performances than FBK-HLT with nouns (77.78% vs. 65.64%, respectively) and prepositional phrases (28.00% vs. 16.00%, respectively). Performances are very close for verbs (88.04% vs. 88.49%, respectively) and adjectives (80.50% vs. 79.66%, respectively). These results, especially those for prepositional phrases, indicates that the Bi-LSTM-CRF network structure and embeddings are also much more robust at detecting multi-tokens instances of events, and difficult realizations of events, such as nouns.
Concerning the classification, we focused on the mismatches between correctly identified events (extent layer) and class assignment. The Fastext-It model wrongly assigns the class to only 557 event tokens compared to the 729 cases for FBK-HLT. The distribution of the class errors, in terms of absolute numbers, is the same between the two systems, with the top three wrong classes being, in both cases, OCCURRENCE, I_ACTION and STATE. OCCURRENCE, not surprisingly, is the class that tends to be assigned more often by both systems, being also the most frequent. However, if FBK-HLT largely overgeneralizes OCCURRENCE (59.53% of all class errors), this corresponds to only one third of the errors (37.70%) in the Bi-LSTM-CRF network. Other notable differences concern I_ACTION (27.82% of errors for the Bi-LSTM-CRF vs. 17.28% for FBK-HLT), STATE (8.79% for the Bi-LSTM-CRF vs. 15.22% for FBK-HLT) and REPORTING (7.89% for the Bi-LSTM-CRF vs. 2.33% for FBK-HLT) classes.

## Conclusion and Future Work
This paper has investigated the application of different word embeddings for the initialization of a state-of-the-art Bi-LSTM-CRF network to solve the event detection and classification task in Italian, according to the EVENTI exercise. We obtained new state-of-the-art results using the Fastext-It embeddings, and improved the F1-class score of 6.5 points in strict evaluation mode. As for the event detection subtask, we observe a limited improvement (+1.3 points in strict F1), mainly due to gains in Recall. Such results are extremely positive as the task has been modeled in a single step approach, i.e. detection and classification at once, for the first time in Italian. Further support that embeddings have a major impact in the performance of neural architectures is provided, as the variations in performance of the Bi-LSMT-CRF models show. This is due to a combination of factors such as dimensionality, (raw) data, and the method used for generating the embeddings.
Future work should focus on the development of embeddings that move away from the basic word level, integrating extra layers of linguistic analysis (e.g. syntactic dependencies) BIBREF24 , that have proven to be very powerful for the same task in English.

## Acknowledgments
The author wants to thank all researchers and research groups who made available their word embeddings and their code. Sharing is caring.

Question: What are the baselines this paper uses?
JSON: [/INST]
[INST] ","































































































































































































",cascade of two SVM classifiers (one for detection and one for classification) based on rich linguistic features | FBK-HLT - a cascade of two SVM classifiers (one for detection and one for classification) | FBK-HLT BIBREF23 | UNANSWERABLE
079ca5810060e1cdc12b5935d8c248492f0478b9,"<s>
[INST] You are a precise scientific QA assistant. Use only the provided paper text. If the question is not answerable from the text, reply with answer 'UNANSWERABLE'.

Return a STRICT JSON object with keys exactly:
{ ""answer"": ""<string>"", ""evidence"": [""<verbatim span 1>"", ""<verbatim span 2>""] }
- 'answer' must be 1-3 sentences or 'UNANSWERABLE'.
- 'evidence' must be 0-5 verbatim snippets copied from the paper text (no paraphrases).
No extra commentary.

Paper title: Italian Event Detection Goes Deep Learning

Paper text:
# Italian Event Detection Goes Deep Learning

## Abstract
This paper reports on a set of experiments with different word embeddings to initialize a state-of-the-art Bi-LSTM-CRF network for event detection and classification in Italian, following the EVENTI evaluation exercise. The net- work obtains a new state-of-the-art result by improving the F1 score for detection of 1.3 points, and of 6.5 points for classification, by using a single step approach. The results also provide further evidence that embeddings have a major impact on the performance of such architectures.

## Introduction
Current societies are exposed to a continuous flow of information that results in a large production of data (e.g. news articles, micro-blogs, social media posts, among others), at different moments in time. In addition to this, the consumption of information has dramatically changed: more and more people directly access information through social media platforms (e.g. Facebook and Twitter), and are less and less exposed to a diversity of perspectives and opinions. The combination of these factors may easily result in information overload and impenetrable “filter bubbles”. Events, i.e. things that happen or hold as true in the world, are the basic components of such data stream. Being able to correctly identify and classify them plays a major role to develop robust solutions to deal with the current stream of data (e.g. the storyline framework BIBREF0 ), as well to improve the performance of many Natural Language Processing (NLP) applications such as automatic summarization and question answering (Q.A.).
Event detection and classification has seen a growing interest in the NLP community thanks to the availability of annotated corpora BIBREF1 , BIBREF2 , BIBREF3 , BIBREF4 and evaluation campaigns BIBREF5 , BIBREF6 , BIBREF7 , BIBREF8 , BIBREF9 , BIBREF10 . In the context of the 2014 EVALITA Workshop, the EVENTI evaluation exercise BIBREF11 was organized to promote research in Italian Temporal Processing, of which event detection and classification is a core subtask.
Since the EVENTI campaign, there has been a lack of further research, especially in the application of deep learning models to this task in Italian. The contributions of this paper are the followings: i.) the adaptation of a state-of-the-art sequence to sequence (seq2seq) neural system to event detection and classification for Italian in a single step approach; ii.) an investigation on the quality of existing Italian word embeddings for this task; iii.) a comparison against a state-of-the-art discrete classifier. The pre-trained models and scripts running the system (or re-train it) are publicly available. .

## Task Description
We follow the formulation of the task as specified in the EVENTI exercise: determine the extent and the class of event mentions in a text, according to the It-TimeML $<$ EVENT $>$ tag definition (Subtask B in EVENTI).
In EVENTI, the tag $<$ EVENT $>$ is applied to every linguistic expression denoting a situation that happens or occurs, or a state in which something obtains or holds true, regardless of the specific parts-of-speech that may realize it. EVENTI distinguishes between single token and multi-tokens events, where the latter are restricted to specific cases of eventive multi-word expressions in lexicographic dictionaries (e.g. “fare le valigie” [to pack]), verbal periphrases (e.g. “(essere) in grado di” [(to be) able to]; “c'è” [there is]), and named events (e.g. “la strage di Beslan” [Beslan school siege]).
Each event is further assigned to one of 7 possible classes, namely: OCCURRENCE, ASPECTUAL, PERCEPTION, REPORTING, I(NTESIONAL)_STATE, I(NTENSIONAL)_ACTION, and STATE. These classes are derived from the English TimeML Annotation Guidelines BIBREF12 . The TimeML event classes distinguishes with respect to other classifications, such as ACE BIBREF1 or FrameNet BIBREF13 , because they expresses relationships the target event participates in (such as factual, evidential, reported, intensional) rather than semantic categories denoting the meaning of the event. This means that the EVENT classes are assigned by taking into account both the semantic and the syntactic context of occurrence of the target event. Readers are referred to the EVENTI Annotation Guidelines for more details.

## Dataset
The EVENTI corpus consists of three datasets: the Main Task training data, the Main task test data, and the Pilot task test data. The Main Task data are on contemporary news articles, while the Pilot Task on historical news articles. For our experiments, we focused only on the Main Task. In addition to the training and test data, we have created also a Main Task development set by excluding from the training data all the articles that composed the test data of the Italian dataset at the SemEval 2010 TempEval-2 campaign BIBREF6 . The new partition of the corpus results in the following distribution of the $<$ EVENT $>$ tag: i) 17,528 events in the training data, of which 1,207 are multi-token mentions; ii.) 301 events in the development set, of which 13 are multi-token mentions; and finally, iii.) 3,798 events in the Main task test, of which 271 are multi-token mentions.
Tables 1 and 1 report, respectively, the distribution of the events per token part-of speech (POS) and per event class. Not surprisingly, verbs are the largest annotated category, followed by nouns, adjectives, and prepositional phrases. Such a distribution reflects both a kind of “natural” distribution of the realization of events in an Indo-european language, and, at the same time, specific annotation choices. For instance, adjectives have been annotated only when in a predicative position and when introduced by a copula or a copular construction. As for the classes, OCCURRENCE and STATE represent the large majority of all events, followed by the intensional ones (I_STATE and I_ACTION), expressing some factual relationship between the target events and their arguments, and finally the others (REPORTING, ASPECTUAL, and PERCEPTION).

## System and Experiments
We adapted a publicly available Bi-LSTM network with a CRF classifier as last layer BIBREF14 . BIBREF14 demonstrated that word embeddings, among other hyper-parameters, have a major impact on the performance of the network, regardless of the specific task. On the basis of these experimental observations, we decided to investigate the impact of different Italian word embeddings for the Subtask B Main Task of the EVENTI exercise. We thus selected 5 word embeddings for Italian to initialize the network, differentiating one with respect to each other either for the representation model used (word2vec vs. GloVe; CBOW vs. skip-gram), dimensionality (300 vs. 100), or corpora used for their generation (Italian Wikipedia vs. crawled web document vs. large textual corpora or archives):
As for the other parameters, the network maintains the optimized configurations used for the event detection task for English BIBREF14 : two LSTM layers of 100 units each, Nadam optimizer, variational dropout (0.5, 0.5), with gradient normalization ( $\tau $ = 1), and batch size of 8. Character-level embeddings, learned using a Convolutional Neural Network (CNN) BIBREF22 , are concatenated with the word embedding vector to feed into the LSTM network. Final layer of the network is a CRF classifier.
Evaluation is conducted using the EVENTI evaluation framework. Standard Precision, Recall, and F1 apply for the event detection. Given that the extent of an event tag may be composed by more than one tokens, systems are evaluated both for strict match, i.e. one point only if all tokens which compose an $<$ EVENT $>$ tag are correctly identified, and relaxed match, i.e. one point for any correct overlap between the system output and the reference gold data. The classification aspect is evaluated using the F1-attribute score BIBREF7 , that captures how well a system identify both the entity (extent) and attribute (i.e. class) together.
We approached the task in a single-step by detecting and classifying event mentions at once rather than in the standard two step approach, i.e. detection first and classification on top of the detected elements. The task is formulated as a seq2seq problem, by converting the original annotation format into an BIO scheme (Beginning, Inside, Outside), with the resulting alphabet being B-class_label, I-class_label and O. Example ""System and Experiments"" below illustrates a simplified version of the problem for a short sentence:
input problem solution
Marco (B-STATE $|$ I-STATE $|$ ... $|$ O) O
pensa (B-STATE $|$ I-STATE $|$ ... $|$ O) B-ISTATE
di (B-STATE $|$ I-STATE $|$ ... $|$ O) O
andare (B-STATE $|$ I-STATE $|$ ... $|$ O) B-OCCUR
a (B-STATE $|$ I-STATE $|$ ... $|$ O) O
casa (B-STATE $|$ I-STATE $|$ ... $|$ O) O
. (B-STATE $|$ I-STATE $|$ ... $|$ O) O

## Results and Discussion
Results for the experiments are illustrated in Table 2 . We also report the results of the best system that participated at EVENTI Subtask B, FBK-HLT BIBREF23 . FBK-HLT is a cascade of two SVM classifiers (one for detection and one for classification) based on rich linguistic features. Figure 1 plots charts comparing F1 scores of the network initialized with each of the five embeddings against the FBK-HLT system for the event detection and classification tasks, respectively.
The results of the Bi-LSTM-CRF network are varied in both evaluation configurations. The differences are mainly due to the embeddings used to initialize the network. The best embedding configuration is Fastext-It that differentiate from all the others for the approach used for generating the embeddings. Embedding's dimensionality impacts on the performances supporting the findings in BIBREF14 , but it seems that the quantity (and variety) of data used to generate the embeddings can have a mitigating effect, as shown by the results of the DH-FBK-100 configuration (especially in the classification subtask, and in the Recall scores for the event extent subtask). Coverage of the embeddings (and consequenlty, tokenization of the dataset and the embeddings) is a further aspect to keep into account, but it seems to have a minor impact with respect to dimensionality. It turns out that BIBREF15 's embeddings are those suffering the most from out of vocabulary (OVV) tokens (2.14% and 1.06% in training, 2.77% and 1.84% in test for the word2vec model and GloVe, respectively) with respect to the others. However, they still outperform DH-FBK_100 and ILC-ItWack, whose OVV are much lower (0.73% in training and 1.12% in test for DH-FBK_100; 0.74% in training and 0.83% in test for ILC-ItWack).
The network obtains the best F1 score, both for detection (F1 of 0.880 for strict evaluation and 0.903 for relaxed evaluation with Fastext-It embeddings) and for classification (F1-class of 0.756 for strict evaluation, and 0.751 for relaxed evaluation with Fastext-It embeddings). Although FBK-HLT suffers in the classification subtask, it qualifies as a highly competitive system for the detection subtask. By observing the strict F1 scores, FBK-HLT beats three configurations (DH-FBK-100, ILC-ItWack, Berardi2015_Glove) , almost equals one (Berardi2015_w2v) , and it is outperformed only by one (Fastext-It) . In the relaxed evaluation setting, DH-FBK-100 is the only configuration that does not beat FBK-HLT (although the difference is only 0.001 point). Nevertheless, it is remarkable to observe that FBK-HLT has a very high Precision (0.902, relaxed evaluation mode), that is overcome by only one embedding configuration, ILC-ItWack. The results also indicates that word embeddings have a major contribution on Recall, supporting observations that distributed representations have better generalization capabilities than discrete feature vectors. This is further supported by the fact that these results are obtained using a single step approach, where the network has to deal with a total of 15 possible different labels.
We further compared the outputs of the best model, i.e. Fastext-It, against FBK-HLT. As for the event detection subtask, we have adopted an event-based analysis rather than a token based one, as this will provide better insights on errors concerning multi-token events and event parts-of-speech (see Table 1 for reference). By analyzing the True Positives, we observe that the Fastext-It model has better performances than FBK-HLT with nouns (77.78% vs. 65.64%, respectively) and prepositional phrases (28.00% vs. 16.00%, respectively). Performances are very close for verbs (88.04% vs. 88.49%, respectively) and adjectives (80.50% vs. 79.66%, respectively). These results, especially those for prepositional phrases, indicates that the Bi-LSTM-CRF network structure and embeddings are also much more robust at detecting multi-tokens instances of events, and difficult realizations of events, such as nouns.
Concerning the classification, we focused on the mismatches between correctly identified events (extent layer) and class assignment. The Fastext-It model wrongly assigns the class to only 557 event tokens compared to the 729 cases for FBK-HLT. The distribution of the class errors, in terms of absolute numbers, is the same between the two systems, with the top three wrong classes being, in both cases, OCCURRENCE, I_ACTION and STATE. OCCURRENCE, not surprisingly, is the class that tends to be assigned more often by both systems, being also the most frequent. However, if FBK-HLT largely overgeneralizes OCCURRENCE (59.53% of all class errors), this corresponds to only one third of the errors (37.70%) in the Bi-LSTM-CRF network. Other notable differences concern I_ACTION (27.82% of errors for the Bi-LSTM-CRF vs. 17.28% for FBK-HLT), STATE (8.79% for the Bi-LSTM-CRF vs. 15.22% for FBK-HLT) and REPORTING (7.89% for the Bi-LSTM-CRF vs. 2.33% for FBK-HLT) classes.

## Conclusion and Future Work
This paper has investigated the application of different word embeddings for the initialization of a state-of-the-art Bi-LSTM-CRF network to solve the event detection and classification task in Italian, according to the EVENTI exercise. We obtained new state-of-the-art results using the Fastext-It embeddings, and improved the F1-class score of 6.5 points in strict evaluation mode. As for the event detection subtask, we observe a limited improvement (+1.3 points in strict F1), mainly due to gains in Recall. Such results are extremely positive as the task has been modeled in a single step approach, i.e. detection and classification at once, for the first time in Italian. Further support that embeddings have a major impact in the performance of neural architectures is provided, as the variations in performance of the Bi-LSMT-CRF models show. This is due to a combination of factors such as dimensionality, (raw) data, and the method used for generating the embeddings.
Future work should focus on the development of embeddings that move away from the basic word level, integrating extra layers of linguistic analysis (e.g. syntactic dependencies) BIBREF24 , that have proven to be very powerful for the same task in English.

## Acknowledgments
The author wants to thank all researchers and research groups who made available their word embeddings and their code. Sharing is caring.

Question: Can the model be extended to other languages?
JSON: [/INST]
[INST] ","































































































































































































",UNANSWERABLE | yes
a3e7d7389228a197c8c44e0c504a791b60f2c80d,"<s>
[INST] You are a precise scientific QA assistant. Use only the provided paper text. If the question is not answerable from the text, reply with answer 'UNANSWERABLE'.

Return a STRICT JSON object with keys exactly:
{ ""answer"": ""<string>"", ""evidence"": [""<verbatim span 1>"", ""<verbatim span 2>""] }
- 'answer' must be 1-3 sentences or 'UNANSWERABLE'.
- 'evidence' must be 0-5 verbatim snippets copied from the paper text (no paraphrases).
No extra commentary.

Paper title: Automatically Inferring Gender Associations from Language

Paper text:
# Automatically Inferring Gender Associations from Language

## Abstract
In this paper, we pose the question: do people talk about women and men in different ways? We introduce two datasets and a novel integration of approaches for automatically inferring gender associations from language, discovering coherent word clusters, and labeling the clusters for the semantic concepts they represent. The datasets allow us to compare how people write about women and men in two different settings - one set draws from celebrity news and the other from student reviews of computer science professors. We demonstrate that there are large-scale differences in the ways that people talk about women and men and that these differences vary across domains. Human evaluations show that our methods significantly outperform strong baselines.

## Introduction
It is well-established that gender bias exists in language – for example, we see evidence of this given the prevalence of sexism in abusive language datasets BIBREF0, BIBREF1. However, these are extreme cases of gender norms in language, and only encompass a small proportion of speakers or texts.
Less studied in NLP is how gender norms manifest in everyday language – do people talk about women and men in different ways? These types of differences are far subtler than abusive language, but they can provide valuable insight into the roots of more extreme acts of discrimination. Subtle differences are difficult to observe because each case on its own could be attributed to circumstance, a passing comment or an accidental word. However, at the level of hundreds of thousands of data points, these patterns, if they do exist, become undeniable. Thus, in this work, we introduce new datasets and methods so that we can study subtle gender associations in language at the large-scale.
Our contributions include:
Two datasets for studying language and gender, each consisting of over 300K sentences.
Methods to infer gender-associated words and labeled clusters in any domain.
Novel findings that demonstrate in both domains that people do talk about women and men in different ways.
Each contribution brings us closer to modeling how gender associations appear in everyday language. In the remainder of the paper, we present related work, our data collection, methods and findings, and human evaluations of our system.

## Related Work
The study of gender and language has a rich history in social science. Its roots are often attributed to Robin Lakoff, who argued that language is fundamental to gender inequality, “reflected in both the ways women are expected to speak, and the ways in which women are spoken of” BIBREF2. Prominent scholars following Lakoff have included Deborah Tannen BIBREF3, Mary Bucholtz and Kira Hall BIBREF4, Janet Holmes BIBREF5, Penelope Eckert BIBREF6, and Deborah Cameron BIBREF7, along with many others.
In recent decades, the study of gender and language has also attracted computational researchers. Echoing Lakoff's original claim, a popular strand of computational work focuses on differences in how women and men talk, analyzing key lexical traits BIBREF8, BIBREF9, BIBREF10 and predicting a person's gender from some text they have written BIBREF11, BIBREF12. There is also research studying how people talk to women and men BIBREF13, as well as how people talk about women and men, typically in specific domains such as sports journalism BIBREF14, fiction writing BIBREF15, movie scripts BIBREF16, and Wikipedia biographies BIBREF17, BIBREF18. Our work builds on this body by diving into two novel domains: celebrity news, which explores gender in pop culture, and student reviews of CS professors, which examines gender in academia and, particularly, the historically male-dominated field of CS. Furthermore, many of these works rely on manually constructed lexicons or topics to pinpoint gendered language, but our methods automatically infer gender-associated words and labeled clusters, thus reducing supervision and increasing the potential to discover subtleties in the data.
Modeling gender associations in language could also be instrumental to other NLP tasks. Abusive language is often founded in sexism BIBREF0, BIBREF1, so models of gender associations could help to improve detection in those cases. Gender bias also manifests in NLP pipelines: prior research has found that word embeddings preserve gender biases BIBREF19, BIBREF20, BIBREF21, and some have developed methods to reduce this bias BIBREF22, BIBREF23. Yet, the problem is far from solved; for example, BIBREF24 showed that it is still possible to recover gender bias from “de-biased” embeddings. These findings further motivate our research, since before we can fully reduce gender bias in embeddings, we need to develop a deeper understanding of how gender permeates through language in the first place.
We also build on methods to cluster words in word embedding space and automatically label clusters. Clustering word embeddings has proven useful for discovering salient patterns in text corpora BIBREF25, BIBREF26. Once clusters are derived, we would like them to be interpretable. Much research simply considers the top-n words from each cluster, but this method can be subjective and time-consuming to interpret. Thus, there are efforts to design methods of automatic cluster labeling BIBREF27. We take a similar approach to BIBREF28, who leverage word embeddings and WordNet during labeling, and we extend their method with additional techniques and evaluations.

## Data Collection
Our first dataset contains articles from celebrity magazines People, UsWeekly, and E!News. We labeled each article for whether it was reporting on men, women, or neither/unknown. To do this, we first extracted the article's topic tags. Some of these tags referred to people, but others to non-people entities, such as “Gift Ideas” or “Health.” To distinguish between these types of tags, we queried each tag on Wikipedia and checked whether the top page result contained a “Born” entry in its infobox – if so, we concluded that the tag referred to a person.
Then, from the person's Wikipedia page, we determined their gender by checking whether the introductory paragraphs of the page contained more male or female pronouns. This method was simple but effective, since pronouns in the introduction almost always resolve to the subject of that page. In fact, on a sample of 80 tags that we manually annotated, we found that comparing pronoun counts predicted gender with perfect accuracy. Finally, if an article tagged at least one woman and did not tag any men, we labeled the article as Female; in the opposite case, we labeled it as Male.
Our second dataset contains reviews from RateMyProfessors (RMP), an online platform where students can review their professors. We included all 5,604 U.S. schools on RMP, and collected all reviews for CS professors at those schools. We labeled each review with the gender of the professor whom it was about, which we determined by comparing the count of male versus female pronouns over all reviews for that professor. This method was again effective, because the reviews are expressly written about a certain professor, so the pronouns typically resolve to that professor.
In addition to extracting the text of the articles or reviews, for each dataset we also collected various useful metadata. For the celebrity dataset, we recorded each article's timestamp and the name of the author, if available. Storing author names creates the potential to examine the relationship between the gender of the author and the gender of the subject, such as asking if there are differences between how women write about men and how men write about men. In this work, we did not yet pursue this direction because we wanted to begin with a simpler question of how gender is discussed: regardless of the gender of the authors, what is the content being put forth and consumed? Furthermore, we were unable to extract author gender in the professor dataset since the RMP reviews are anonymous. However, in future work, we may explore the influence of author gender in the celebrity dataset.
For the professor dataset, we captured metadata such as each review's rating, which indicates how the student feels about the professor on a scale of AWFUL to AWESOME. This additional variable in our data creates the option in future work to factor in sentiment; for example, we could study whether there are differences in language used when criticizing a female versus a male professor.

## Inferring Word-Level Associations
Our first goal was to discover words that are significantly associated with men or women in a given domain. We employed an approach used by BIBREF10 in their work to analyze differences in how men and women write on Twitter.

## Inferring Word-Level Associations ::: Methods
First, to operationalize, we say that term $i$ is associated with gender $j$ if, when discussing individuals of gender $j$, $i$ is used with unusual frequency – which we can check with statistical hypothesis tests. Let $f_i$ represent the likelihood of $i$ appearing when discussing women or men. $f_i$ is unknown, but we can model the distribution of all possible $f_i$ using the corpus of texts that we have from the domain. We construct a gender-balanced version of the corpus by randomly undersampling the more prevalent gender until the proportions of each gender are equal. Assuming a non-informative prior distribution on $f_i$, the posterior distribution is Beta($k_i$, $N - k_i$), where $k_i$ is the count of $i$ in the gender-balanced corpus and $N$ is the total count of words in that corpus.
As BIBREF10 discuss, “the distribution of the gender-specific counts can be described by an integral over all possible $f_i$. This integral defines the Beta-Binomial distribution BIBREF29, and has a closed form solution.” We say that term $i$ is significantly associated with gender $j$ if the cumulative distribution at $k_{ij}$ (the count of $i$ in the $j$ portion of the gender-balanced corpus) is $p \le 0.05$. As in the original work, we apply the Bonferroni correction BIBREF30 for multiple comparisons because we are computing statistical tests for thousands of hypotheses.

## Inferring Word-Level Associations ::: Findings
We applied this method to discover gender-associated words in both domains. In Table TABREF9, we present a sample of the most gender-associated nouns from the celebrity domain. Several themes emerge: for example, female celebrities seem to be more associated with appearance (“gown,” “photo,” “hair,” “look”), while male celebrities are more associated with creating content (“movie,” “film,” “host,” “director”). This echoes real-world trends: for instance, on the red carpet, actresses tend to be asked more questions about their appearance –- what brands they are wearing, how long it took to get ready, etc. –- while actors are asked questions about their careers and creative processes (as an example, see BIBREF31).
Table TABREF9 also includes some of the most gender-associated verbs and adjectives from the professor domain. Female CS professors seem to be praised for being communicative and personal with students (“respond,” “communicate,” “kind,” “caring”), while male CS professors are recognized for being knowledgeable and challenging the students (“teach,”, “challenge,” “brilliant,” “practical”). These trends are well-supported by social science literature, which has found that female teachers are praised for “personalizing” instruction and interacting extensively with students, while male teachers are praised for using “teacher as expert” styles that showcase mastery of material BIBREF32.
These findings establish that there are clear differences in how people talk about women and men – even with Bonferroni correction, there are still over 500 significantly gender-associated nouns, verbs, and adjectives in the celebrity domain and over 200 in the professor domain. Furthermore, the results in both domains align with prior studies and real world trends, which validates that our methods can capture meaningful patterns and innovatively provide evidence at the large-scale. This analysis also hints that it can be helpful to abstract from words to topics to recognize higher-level patterns of gender associations, which motivates our next section on clustering.

## Clustering & Cluster Labeling
With word-level associations in hand, our next goals were to discover coherent clusters among the words and to automatically label those clusters.

## Clustering & Cluster Labeling ::: Methods
First, we trained domain-specific word embeddings using the Word2Vec BIBREF33 CBOW model ($w \in R^{100}$). Then, we used k-means clustering to cluster the embeddings of the gender-associated words. Since k-means may converge at local optima, we ran the algorithm 50 times and kept the model with the lowest sum of squared errors.
To automatically label the clusters, we combined the grounded knowledge of WordNet BIBREF34 and context-sensitive strengths of domain-specific word embeddings. Our algorithm is similar to BIBREF28's approach, but we extend their method by introducing domain-specific word embeddings for clustering as well as a new technique for sense disambiguation. Given a cluster, our algorithm proceeds with the following three steps:
Sense disambiguation: The goal is to assign each cluster word to one of its WordNet synsets; let $S$ represent the collection of chosen synsets. We know that these words have been clustered in domain-specific embedding space, which means that in the context of the domain, these words are very close semantically. Thus, we choose $S^*$ that minimizes the total distance between its synsets.
Candidate label generation: In this step, we generate $L$, the set of possible cluster labels. Our approach is simple: we take the union of all hypernyms of the synsets in $S^*$.
Candidate label ranking: Here, we rank the synsets in $L$. We want labels that are as close to all of the synsets in $S^*$ as possible; thus, we score the candidate labels by the sum of their distances to each synset in $S^*$ and we rank them from least to most distance.
In steps 1 and 3, we use WordNet pathwise distance, but we encourage the exploration of other distance representations as well.

## Clustering & Cluster Labeling ::: Findings
Table TABREF11 displays a sample of our results – we find that the clusters are coherent in context and the labels seem reasonable. In the next section, we discuss human evaluations that we conducted to more rigorously evaluate the output, but first we discuss the value of these methods toward analysis.
At the word-level, we hypothesized that in the celebrity domain, women were more associated with appearance and men with creating content. Now, we can validate those hypotheses against labeled clusters – indeed, there is a cluster labeled clothing that is 100% female (i.e. 100% words are female-associated), and a 80% male cluster labeled movie. Likewise, in the professor domain, we had guessed that women are associated with communication and men with knowledge, and there is a 100% female cluster labeled communication and a 89% male cluster labeled cognition. Thus, cluster labeling proves to be very effective at pulling out the patterns that we believed we saw at the word-level, but could not formally validate.
The clusters we mentioned so far all lean heavily toward one gender association or the other, but some clusters are interesting precisely because they do not lean heavily – this allows us to see where semantic groupings do not align exactly with gender association. For example, in the celebrity domain, there is a cluster labeled lover that has a mix of female-associated words (“boyfriend,” “beau,” “hubby”) and male-associated words (“wife,” “girlfriend”). Jointly leveraging cluster labels and gender associations allows us to see that in the semantic context of having a lover, women are typically associated with male figures and men with female figures, which reflects heteronormativity in society.

## Human Evaluations
To test our clusters, we employed the Word Intrusion task BIBREF35. We present the annotator with five words – four drawn from one cluster and one drawn randomly from the domain vocabulary – and we ask them to pick out the intruder. The intuition is that if the cluster is coherent, then an observer should be able to identify the out-of-cluster word as the intruder. For both domains, we report results on all clusters and on the top 8, ranked by ascending normalized sum of squared errors, which can be seen as a prediction of coherence. In the celebrity domain, annotators identified the out-of-cluster word 73% of the time in the top-8 and 53% overall. In the professor domain, annotators identified it 60% of the time in the top-8 and 49% overall. As expected, top-8 performance in both domains does considerably better than overall, but at all levels the precision is significantly above the random baseline of 20%.
To test cluster labels, we present the annotator with a label and a word, and we ask them whether the word falls under the concept. The concept is a potential cluster label and the word is either a word from that cluster or drawn randomly from the domain vocabulary. For a good label, the rate at which in-cluster words fall under the label should be much higher than the rate at which out-of-cluster words fall under. In our experiments, we tested the top 4 predicted labels and the centroid of the cluster as a strong baseline label. The centroid achieved an in-cluster rate of .60 and out-of-cluster rate of .18 (difference of .42). Our best performing predicted label achieved an in-cluster rate of .65 and an out-of-cluster rate of .04 (difference of .61), thus outperforming the centroid on both rates and increasing the gap between rates by nearly 20 points. In the Appendix, we include more detailed results on both tasks.

## Conclusion
We have presented two substantial datasets and a novel integration of methods to automatically infer gender associations in language. We have demonstrated that in both datasets, there are clear differences in how people talk about women and men. Furthermore, we have shown that clustering and cluster labeling are effective at identifying higher-level patterns of gender associations, and that our methods outperform strong baselines in human evaluations. In future work, we hope to use our findings to improve performance on tasks such as abusive language detection. We also hope to delve into finer-grained analyses, exploring how language around gender interacts with other variables, such as sexual orientation or profession (e.g. actresses versus female athletes). Finally, we plan to continue widening the scope of our study – for example, expanding our methods to include non-binary gender identities, evaluating changes in gender norms over time, and spreading to more domains, such as the political sphere.

Question: How do they decide what is the semantic concept label of particular cluster?
JSON: [/INST]
[INST] ","































































































































































































","Given a cluster, our algorithm proceeds with the following three steps:

Sense disambiguation: The goal is to assign each cluster word to one of its WordNet synsets; let $S$ represent the collection of chosen synsets. We know that these words have been clustered in domain-specific embedding space, which means that in the context of the domain, these words are very close semantically. Thus, we choose $S^*$ that minimizes the total distance between its synsets.

Candidate label generation: In this step, we generate $L$, the set of possible cluster labels. Our approach is simple: we take the union of all hypernyms of the synsets in $S^*$.

Candidate label ranking: Here, we rank the synsets in $L$. We want labels that are as close to all of the synsets in $S^*$ as possible; thus, we score the candidate labels by the sum of their distances to each synset in $S^*$ and we rank them from least to most distance.

In steps 1 and 3, we use WordNet pathwise distance, but we encourage the exploration of other distance representations as well. | Candidate label ranking: Here, we rank the synsets in $L$. We want labels that are as close to all of the synsets in $S^*$ as possible; thus, we score the candidate labels by the sum of their distances to each synset in $S^*$ and we rank them from least to most distance. | They automatically  label the cluster using WordNet and context-sensitive strengths of domain-specific word embeddings | Our algorithm is similar to BIBREF28's approach, but we extend their method by introducing domain-specific word embeddings for clustering"
8b4bd0a962241ea548752212ebac145e2ced7452,"<s>
[INST] You are a precise scientific QA assistant. Use only the provided paper text. If the question is not answerable from the text, reply with answer 'UNANSWERABLE'.

Return a STRICT JSON object with keys exactly:
{ ""answer"": ""<string>"", ""evidence"": [""<verbatim span 1>"", ""<verbatim span 2>""] }
- 'answer' must be 1-3 sentences or 'UNANSWERABLE'.
- 'evidence' must be 0-5 verbatim snippets copied from the paper text (no paraphrases).
No extra commentary.

Paper title: Automatically Inferring Gender Associations from Language

Paper text:
# Automatically Inferring Gender Associations from Language

## Abstract
In this paper, we pose the question: do people talk about women and men in different ways? We introduce two datasets and a novel integration of approaches for automatically inferring gender associations from language, discovering coherent word clusters, and labeling the clusters for the semantic concepts they represent. The datasets allow us to compare how people write about women and men in two different settings - one set draws from celebrity news and the other from student reviews of computer science professors. We demonstrate that there are large-scale differences in the ways that people talk about women and men and that these differences vary across domains. Human evaluations show that our methods significantly outperform strong baselines.

## Introduction
It is well-established that gender bias exists in language – for example, we see evidence of this given the prevalence of sexism in abusive language datasets BIBREF0, BIBREF1. However, these are extreme cases of gender norms in language, and only encompass a small proportion of speakers or texts.
Less studied in NLP is how gender norms manifest in everyday language – do people talk about women and men in different ways? These types of differences are far subtler than abusive language, but they can provide valuable insight into the roots of more extreme acts of discrimination. Subtle differences are difficult to observe because each case on its own could be attributed to circumstance, a passing comment or an accidental word. However, at the level of hundreds of thousands of data points, these patterns, if they do exist, become undeniable. Thus, in this work, we introduce new datasets and methods so that we can study subtle gender associations in language at the large-scale.
Our contributions include:
Two datasets for studying language and gender, each consisting of over 300K sentences.
Methods to infer gender-associated words and labeled clusters in any domain.
Novel findings that demonstrate in both domains that people do talk about women and men in different ways.
Each contribution brings us closer to modeling how gender associations appear in everyday language. In the remainder of the paper, we present related work, our data collection, methods and findings, and human evaluations of our system.

## Related Work
The study of gender and language has a rich history in social science. Its roots are often attributed to Robin Lakoff, who argued that language is fundamental to gender inequality, “reflected in both the ways women are expected to speak, and the ways in which women are spoken of” BIBREF2. Prominent scholars following Lakoff have included Deborah Tannen BIBREF3, Mary Bucholtz and Kira Hall BIBREF4, Janet Holmes BIBREF5, Penelope Eckert BIBREF6, and Deborah Cameron BIBREF7, along with many others.
In recent decades, the study of gender and language has also attracted computational researchers. Echoing Lakoff's original claim, a popular strand of computational work focuses on differences in how women and men talk, analyzing key lexical traits BIBREF8, BIBREF9, BIBREF10 and predicting a person's gender from some text they have written BIBREF11, BIBREF12. There is also research studying how people talk to women and men BIBREF13, as well as how people talk about women and men, typically in specific domains such as sports journalism BIBREF14, fiction writing BIBREF15, movie scripts BIBREF16, and Wikipedia biographies BIBREF17, BIBREF18. Our work builds on this body by diving into two novel domains: celebrity news, which explores gender in pop culture, and student reviews of CS professors, which examines gender in academia and, particularly, the historically male-dominated field of CS. Furthermore, many of these works rely on manually constructed lexicons or topics to pinpoint gendered language, but our methods automatically infer gender-associated words and labeled clusters, thus reducing supervision and increasing the potential to discover subtleties in the data.
Modeling gender associations in language could also be instrumental to other NLP tasks. Abusive language is often founded in sexism BIBREF0, BIBREF1, so models of gender associations could help to improve detection in those cases. Gender bias also manifests in NLP pipelines: prior research has found that word embeddings preserve gender biases BIBREF19, BIBREF20, BIBREF21, and some have developed methods to reduce this bias BIBREF22, BIBREF23. Yet, the problem is far from solved; for example, BIBREF24 showed that it is still possible to recover gender bias from “de-biased” embeddings. These findings further motivate our research, since before we can fully reduce gender bias in embeddings, we need to develop a deeper understanding of how gender permeates through language in the first place.
We also build on methods to cluster words in word embedding space and automatically label clusters. Clustering word embeddings has proven useful for discovering salient patterns in text corpora BIBREF25, BIBREF26. Once clusters are derived, we would like them to be interpretable. Much research simply considers the top-n words from each cluster, but this method can be subjective and time-consuming to interpret. Thus, there are efforts to design methods of automatic cluster labeling BIBREF27. We take a similar approach to BIBREF28, who leverage word embeddings and WordNet during labeling, and we extend their method with additional techniques and evaluations.

## Data Collection
Our first dataset contains articles from celebrity magazines People, UsWeekly, and E!News. We labeled each article for whether it was reporting on men, women, or neither/unknown. To do this, we first extracted the article's topic tags. Some of these tags referred to people, but others to non-people entities, such as “Gift Ideas” or “Health.” To distinguish between these types of tags, we queried each tag on Wikipedia and checked whether the top page result contained a “Born” entry in its infobox – if so, we concluded that the tag referred to a person.
Then, from the person's Wikipedia page, we determined their gender by checking whether the introductory paragraphs of the page contained more male or female pronouns. This method was simple but effective, since pronouns in the introduction almost always resolve to the subject of that page. In fact, on a sample of 80 tags that we manually annotated, we found that comparing pronoun counts predicted gender with perfect accuracy. Finally, if an article tagged at least one woman and did not tag any men, we labeled the article as Female; in the opposite case, we labeled it as Male.
Our second dataset contains reviews from RateMyProfessors (RMP), an online platform where students can review their professors. We included all 5,604 U.S. schools on RMP, and collected all reviews for CS professors at those schools. We labeled each review with the gender of the professor whom it was about, which we determined by comparing the count of male versus female pronouns over all reviews for that professor. This method was again effective, because the reviews are expressly written about a certain professor, so the pronouns typically resolve to that professor.
In addition to extracting the text of the articles or reviews, for each dataset we also collected various useful metadata. For the celebrity dataset, we recorded each article's timestamp and the name of the author, if available. Storing author names creates the potential to examine the relationship between the gender of the author and the gender of the subject, such as asking if there are differences between how women write about men and how men write about men. In this work, we did not yet pursue this direction because we wanted to begin with a simpler question of how gender is discussed: regardless of the gender of the authors, what is the content being put forth and consumed? Furthermore, we were unable to extract author gender in the professor dataset since the RMP reviews are anonymous. However, in future work, we may explore the influence of author gender in the celebrity dataset.
For the professor dataset, we captured metadata such as each review's rating, which indicates how the student feels about the professor on a scale of AWFUL to AWESOME. This additional variable in our data creates the option in future work to factor in sentiment; for example, we could study whether there are differences in language used when criticizing a female versus a male professor.

## Inferring Word-Level Associations
Our first goal was to discover words that are significantly associated with men or women in a given domain. We employed an approach used by BIBREF10 in their work to analyze differences in how men and women write on Twitter.

## Inferring Word-Level Associations ::: Methods
First, to operationalize, we say that term $i$ is associated with gender $j$ if, when discussing individuals of gender $j$, $i$ is used with unusual frequency – which we can check with statistical hypothesis tests. Let $f_i$ represent the likelihood of $i$ appearing when discussing women or men. $f_i$ is unknown, but we can model the distribution of all possible $f_i$ using the corpus of texts that we have from the domain. We construct a gender-balanced version of the corpus by randomly undersampling the more prevalent gender until the proportions of each gender are equal. Assuming a non-informative prior distribution on $f_i$, the posterior distribution is Beta($k_i$, $N - k_i$), where $k_i$ is the count of $i$ in the gender-balanced corpus and $N$ is the total count of words in that corpus.
As BIBREF10 discuss, “the distribution of the gender-specific counts can be described by an integral over all possible $f_i$. This integral defines the Beta-Binomial distribution BIBREF29, and has a closed form solution.” We say that term $i$ is significantly associated with gender $j$ if the cumulative distribution at $k_{ij}$ (the count of $i$ in the $j$ portion of the gender-balanced corpus) is $p \le 0.05$. As in the original work, we apply the Bonferroni correction BIBREF30 for multiple comparisons because we are computing statistical tests for thousands of hypotheses.

## Inferring Word-Level Associations ::: Findings
We applied this method to discover gender-associated words in both domains. In Table TABREF9, we present a sample of the most gender-associated nouns from the celebrity domain. Several themes emerge: for example, female celebrities seem to be more associated with appearance (“gown,” “photo,” “hair,” “look”), while male celebrities are more associated with creating content (“movie,” “film,” “host,” “director”). This echoes real-world trends: for instance, on the red carpet, actresses tend to be asked more questions about their appearance –- what brands they are wearing, how long it took to get ready, etc. –- while actors are asked questions about their careers and creative processes (as an example, see BIBREF31).
Table TABREF9 also includes some of the most gender-associated verbs and adjectives from the professor domain. Female CS professors seem to be praised for being communicative and personal with students (“respond,” “communicate,” “kind,” “caring”), while male CS professors are recognized for being knowledgeable and challenging the students (“teach,”, “challenge,” “brilliant,” “practical”). These trends are well-supported by social science literature, which has found that female teachers are praised for “personalizing” instruction and interacting extensively with students, while male teachers are praised for using “teacher as expert” styles that showcase mastery of material BIBREF32.
These findings establish that there are clear differences in how people talk about women and men – even with Bonferroni correction, there are still over 500 significantly gender-associated nouns, verbs, and adjectives in the celebrity domain and over 200 in the professor domain. Furthermore, the results in both domains align with prior studies and real world trends, which validates that our methods can capture meaningful patterns and innovatively provide evidence at the large-scale. This analysis also hints that it can be helpful to abstract from words to topics to recognize higher-level patterns of gender associations, which motivates our next section on clustering.

## Clustering & Cluster Labeling
With word-level associations in hand, our next goals were to discover coherent clusters among the words and to automatically label those clusters.

## Clustering & Cluster Labeling ::: Methods
First, we trained domain-specific word embeddings using the Word2Vec BIBREF33 CBOW model ($w \in R^{100}$). Then, we used k-means clustering to cluster the embeddings of the gender-associated words. Since k-means may converge at local optima, we ran the algorithm 50 times and kept the model with the lowest sum of squared errors.
To automatically label the clusters, we combined the grounded knowledge of WordNet BIBREF34 and context-sensitive strengths of domain-specific word embeddings. Our algorithm is similar to BIBREF28's approach, but we extend their method by introducing domain-specific word embeddings for clustering as well as a new technique for sense disambiguation. Given a cluster, our algorithm proceeds with the following three steps:
Sense disambiguation: The goal is to assign each cluster word to one of its WordNet synsets; let $S$ represent the collection of chosen synsets. We know that these words have been clustered in domain-specific embedding space, which means that in the context of the domain, these words are very close semantically. Thus, we choose $S^*$ that minimizes the total distance between its synsets.
Candidate label generation: In this step, we generate $L$, the set of possible cluster labels. Our approach is simple: we take the union of all hypernyms of the synsets in $S^*$.
Candidate label ranking: Here, we rank the synsets in $L$. We want labels that are as close to all of the synsets in $S^*$ as possible; thus, we score the candidate labels by the sum of their distances to each synset in $S^*$ and we rank them from least to most distance.
In steps 1 and 3, we use WordNet pathwise distance, but we encourage the exploration of other distance representations as well.

## Clustering & Cluster Labeling ::: Findings
Table TABREF11 displays a sample of our results – we find that the clusters are coherent in context and the labels seem reasonable. In the next section, we discuss human evaluations that we conducted to more rigorously evaluate the output, but first we discuss the value of these methods toward analysis.
At the word-level, we hypothesized that in the celebrity domain, women were more associated with appearance and men with creating content. Now, we can validate those hypotheses against labeled clusters – indeed, there is a cluster labeled clothing that is 100% female (i.e. 100% words are female-associated), and a 80% male cluster labeled movie. Likewise, in the professor domain, we had guessed that women are associated with communication and men with knowledge, and there is a 100% female cluster labeled communication and a 89% male cluster labeled cognition. Thus, cluster labeling proves to be very effective at pulling out the patterns that we believed we saw at the word-level, but could not formally validate.
The clusters we mentioned so far all lean heavily toward one gender association or the other, but some clusters are interesting precisely because they do not lean heavily – this allows us to see where semantic groupings do not align exactly with gender association. For example, in the celebrity domain, there is a cluster labeled lover that has a mix of female-associated words (“boyfriend,” “beau,” “hubby”) and male-associated words (“wife,” “girlfriend”). Jointly leveraging cluster labels and gender associations allows us to see that in the semantic context of having a lover, women are typically associated with male figures and men with female figures, which reflects heteronormativity in society.

## Human Evaluations
To test our clusters, we employed the Word Intrusion task BIBREF35. We present the annotator with five words – four drawn from one cluster and one drawn randomly from the domain vocabulary – and we ask them to pick out the intruder. The intuition is that if the cluster is coherent, then an observer should be able to identify the out-of-cluster word as the intruder. For both domains, we report results on all clusters and on the top 8, ranked by ascending normalized sum of squared errors, which can be seen as a prediction of coherence. In the celebrity domain, annotators identified the out-of-cluster word 73% of the time in the top-8 and 53% overall. In the professor domain, annotators identified it 60% of the time in the top-8 and 49% overall. As expected, top-8 performance in both domains does considerably better than overall, but at all levels the precision is significantly above the random baseline of 20%.
To test cluster labels, we present the annotator with a label and a word, and we ask them whether the word falls under the concept. The concept is a potential cluster label and the word is either a word from that cluster or drawn randomly from the domain vocabulary. For a good label, the rate at which in-cluster words fall under the label should be much higher than the rate at which out-of-cluster words fall under. In our experiments, we tested the top 4 predicted labels and the centroid of the cluster as a strong baseline label. The centroid achieved an in-cluster rate of .60 and out-of-cluster rate of .18 (difference of .42). Our best performing predicted label achieved an in-cluster rate of .65 and an out-of-cluster rate of .04 (difference of .61), thus outperforming the centroid on both rates and increasing the gap between rates by nearly 20 points. In the Appendix, we include more detailed results on both tasks.

## Conclusion
We have presented two substantial datasets and a novel integration of methods to automatically infer gender associations in language. We have demonstrated that in both datasets, there are clear differences in how people talk about women and men. Furthermore, we have shown that clustering and cluster labeling are effective at identifying higher-level patterns of gender associations, and that our methods outperform strong baselines in human evaluations. In future work, we hope to use our findings to improve performance on tasks such as abusive language detection. We also hope to delve into finer-grained analyses, exploring how language around gender interacts with other variables, such as sexual orientation or profession (e.g. actresses versus female athletes). Finally, we plan to continue widening the scope of our study – for example, expanding our methods to include non-binary gender identities, evaluating changes in gender norms over time, and spreading to more domains, such as the political sphere.

Question: How do they discover coherent word clusters?
JSON: [/INST]
[INST] ","































































































































































































","First, we trained domain-specific word embeddings using the Word2Vec BIBREF33 CBOW model ($w \in R^{100}$). Then, we used k-means clustering to cluster the embeddings of the gender-associated words. Since k-means may converge at local optima, we ran the algorithm 50 times and kept the model with the lowest sum of squared errors. | First, we trained domain-specific word embeddings Then, we used k-means clustering to cluster the embeddings of the gender-associated words | First, they  trained domain-specific word embeddings using the Word2Vec  model, then used k-means clustering to cluster the embeddings of the gender-associated words. | The authors first generated a set of words which are associated with each gender, then built domain-specific word embeddings and used k-means clustering to cluster the gendered word associations together."
d39059340a79bdc0ebab80ad3308e3037d7d5773,"<s>
[INST] You are a precise scientific QA assistant. Use only the provided paper text. If the question is not answerable from the text, reply with answer 'UNANSWERABLE'.

Return a STRICT JSON object with keys exactly:
{ ""answer"": ""<string>"", ""evidence"": [""<verbatim span 1>"", ""<verbatim span 2>""] }
- 'answer' must be 1-3 sentences or 'UNANSWERABLE'.
- 'evidence' must be 0-5 verbatim snippets copied from the paper text (no paraphrases).
No extra commentary.

Paper title: Automatically Inferring Gender Associations from Language

Paper text:
# Automatically Inferring Gender Associations from Language

## Abstract
In this paper, we pose the question: do people talk about women and men in different ways? We introduce two datasets and a novel integration of approaches for automatically inferring gender associations from language, discovering coherent word clusters, and labeling the clusters for the semantic concepts they represent. The datasets allow us to compare how people write about women and men in two different settings - one set draws from celebrity news and the other from student reviews of computer science professors. We demonstrate that there are large-scale differences in the ways that people talk about women and men and that these differences vary across domains. Human evaluations show that our methods significantly outperform strong baselines.

## Introduction
It is well-established that gender bias exists in language – for example, we see evidence of this given the prevalence of sexism in abusive language datasets BIBREF0, BIBREF1. However, these are extreme cases of gender norms in language, and only encompass a small proportion of speakers or texts.
Less studied in NLP is how gender norms manifest in everyday language – do people talk about women and men in different ways? These types of differences are far subtler than abusive language, but they can provide valuable insight into the roots of more extreme acts of discrimination. Subtle differences are difficult to observe because each case on its own could be attributed to circumstance, a passing comment or an accidental word. However, at the level of hundreds of thousands of data points, these patterns, if they do exist, become undeniable. Thus, in this work, we introduce new datasets and methods so that we can study subtle gender associations in language at the large-scale.
Our contributions include:
Two datasets for studying language and gender, each consisting of over 300K sentences.
Methods to infer gender-associated words and labeled clusters in any domain.
Novel findings that demonstrate in both domains that people do talk about women and men in different ways.
Each contribution brings us closer to modeling how gender associations appear in everyday language. In the remainder of the paper, we present related work, our data collection, methods and findings, and human evaluations of our system.

## Related Work
The study of gender and language has a rich history in social science. Its roots are often attributed to Robin Lakoff, who argued that language is fundamental to gender inequality, “reflected in both the ways women are expected to speak, and the ways in which women are spoken of” BIBREF2. Prominent scholars following Lakoff have included Deborah Tannen BIBREF3, Mary Bucholtz and Kira Hall BIBREF4, Janet Holmes BIBREF5, Penelope Eckert BIBREF6, and Deborah Cameron BIBREF7, along with many others.
In recent decades, the study of gender and language has also attracted computational researchers. Echoing Lakoff's original claim, a popular strand of computational work focuses on differences in how women and men talk, analyzing key lexical traits BIBREF8, BIBREF9, BIBREF10 and predicting a person's gender from some text they have written BIBREF11, BIBREF12. There is also research studying how people talk to women and men BIBREF13, as well as how people talk about women and men, typically in specific domains such as sports journalism BIBREF14, fiction writing BIBREF15, movie scripts BIBREF16, and Wikipedia biographies BIBREF17, BIBREF18. Our work builds on this body by diving into two novel domains: celebrity news, which explores gender in pop culture, and student reviews of CS professors, which examines gender in academia and, particularly, the historically male-dominated field of CS. Furthermore, many of these works rely on manually constructed lexicons or topics to pinpoint gendered language, but our methods automatically infer gender-associated words and labeled clusters, thus reducing supervision and increasing the potential to discover subtleties in the data.
Modeling gender associations in language could also be instrumental to other NLP tasks. Abusive language is often founded in sexism BIBREF0, BIBREF1, so models of gender associations could help to improve detection in those cases. Gender bias also manifests in NLP pipelines: prior research has found that word embeddings preserve gender biases BIBREF19, BIBREF20, BIBREF21, and some have developed methods to reduce this bias BIBREF22, BIBREF23. Yet, the problem is far from solved; for example, BIBREF24 showed that it is still possible to recover gender bias from “de-biased” embeddings. These findings further motivate our research, since before we can fully reduce gender bias in embeddings, we need to develop a deeper understanding of how gender permeates through language in the first place.
We also build on methods to cluster words in word embedding space and automatically label clusters. Clustering word embeddings has proven useful for discovering salient patterns in text corpora BIBREF25, BIBREF26. Once clusters are derived, we would like them to be interpretable. Much research simply considers the top-n words from each cluster, but this method can be subjective and time-consuming to interpret. Thus, there are efforts to design methods of automatic cluster labeling BIBREF27. We take a similar approach to BIBREF28, who leverage word embeddings and WordNet during labeling, and we extend their method with additional techniques and evaluations.

## Data Collection
Our first dataset contains articles from celebrity magazines People, UsWeekly, and E!News. We labeled each article for whether it was reporting on men, women, or neither/unknown. To do this, we first extracted the article's topic tags. Some of these tags referred to people, but others to non-people entities, such as “Gift Ideas” or “Health.” To distinguish between these types of tags, we queried each tag on Wikipedia and checked whether the top page result contained a “Born” entry in its infobox – if so, we concluded that the tag referred to a person.
Then, from the person's Wikipedia page, we determined their gender by checking whether the introductory paragraphs of the page contained more male or female pronouns. This method was simple but effective, since pronouns in the introduction almost always resolve to the subject of that page. In fact, on a sample of 80 tags that we manually annotated, we found that comparing pronoun counts predicted gender with perfect accuracy. Finally, if an article tagged at least one woman and did not tag any men, we labeled the article as Female; in the opposite case, we labeled it as Male.
Our second dataset contains reviews from RateMyProfessors (RMP), an online platform where students can review their professors. We included all 5,604 U.S. schools on RMP, and collected all reviews for CS professors at those schools. We labeled each review with the gender of the professor whom it was about, which we determined by comparing the count of male versus female pronouns over all reviews for that professor. This method was again effective, because the reviews are expressly written about a certain professor, so the pronouns typically resolve to that professor.
In addition to extracting the text of the articles or reviews, for each dataset we also collected various useful metadata. For the celebrity dataset, we recorded each article's timestamp and the name of the author, if available. Storing author names creates the potential to examine the relationship between the gender of the author and the gender of the subject, such as asking if there are differences between how women write about men and how men write about men. In this work, we did not yet pursue this direction because we wanted to begin with a simpler question of how gender is discussed: regardless of the gender of the authors, what is the content being put forth and consumed? Furthermore, we were unable to extract author gender in the professor dataset since the RMP reviews are anonymous. However, in future work, we may explore the influence of author gender in the celebrity dataset.
For the professor dataset, we captured metadata such as each review's rating, which indicates how the student feels about the professor on a scale of AWFUL to AWESOME. This additional variable in our data creates the option in future work to factor in sentiment; for example, we could study whether there are differences in language used when criticizing a female versus a male professor.

## Inferring Word-Level Associations
Our first goal was to discover words that are significantly associated with men or women in a given domain. We employed an approach used by BIBREF10 in their work to analyze differences in how men and women write on Twitter.

## Inferring Word-Level Associations ::: Methods
First, to operationalize, we say that term $i$ is associated with gender $j$ if, when discussing individuals of gender $j$, $i$ is used with unusual frequency – which we can check with statistical hypothesis tests. Let $f_i$ represent the likelihood of $i$ appearing when discussing women or men. $f_i$ is unknown, but we can model the distribution of all possible $f_i$ using the corpus of texts that we have from the domain. We construct a gender-balanced version of the corpus by randomly undersampling the more prevalent gender until the proportions of each gender are equal. Assuming a non-informative prior distribution on $f_i$, the posterior distribution is Beta($k_i$, $N - k_i$), where $k_i$ is the count of $i$ in the gender-balanced corpus and $N$ is the total count of words in that corpus.
As BIBREF10 discuss, “the distribution of the gender-specific counts can be described by an integral over all possible $f_i$. This integral defines the Beta-Binomial distribution BIBREF29, and has a closed form solution.” We say that term $i$ is significantly associated with gender $j$ if the cumulative distribution at $k_{ij}$ (the count of $i$ in the $j$ portion of the gender-balanced corpus) is $p \le 0.05$. As in the original work, we apply the Bonferroni correction BIBREF30 for multiple comparisons because we are computing statistical tests for thousands of hypotheses.

## Inferring Word-Level Associations ::: Findings
We applied this method to discover gender-associated words in both domains. In Table TABREF9, we present a sample of the most gender-associated nouns from the celebrity domain. Several themes emerge: for example, female celebrities seem to be more associated with appearance (“gown,” “photo,” “hair,” “look”), while male celebrities are more associated with creating content (“movie,” “film,” “host,” “director”). This echoes real-world trends: for instance, on the red carpet, actresses tend to be asked more questions about their appearance –- what brands they are wearing, how long it took to get ready, etc. –- while actors are asked questions about their careers and creative processes (as an example, see BIBREF31).
Table TABREF9 also includes some of the most gender-associated verbs and adjectives from the professor domain. Female CS professors seem to be praised for being communicative and personal with students (“respond,” “communicate,” “kind,” “caring”), while male CS professors are recognized for being knowledgeable and challenging the students (“teach,”, “challenge,” “brilliant,” “practical”). These trends are well-supported by social science literature, which has found that female teachers are praised for “personalizing” instruction and interacting extensively with students, while male teachers are praised for using “teacher as expert” styles that showcase mastery of material BIBREF32.
These findings establish that there are clear differences in how people talk about women and men – even with Bonferroni correction, there are still over 500 significantly gender-associated nouns, verbs, and adjectives in the celebrity domain and over 200 in the professor domain. Furthermore, the results in both domains align with prior studies and real world trends, which validates that our methods can capture meaningful patterns and innovatively provide evidence at the large-scale. This analysis also hints that it can be helpful to abstract from words to topics to recognize higher-level patterns of gender associations, which motivates our next section on clustering.

## Clustering & Cluster Labeling
With word-level associations in hand, our next goals were to discover coherent clusters among the words and to automatically label those clusters.

## Clustering & Cluster Labeling ::: Methods
First, we trained domain-specific word embeddings using the Word2Vec BIBREF33 CBOW model ($w \in R^{100}$). Then, we used k-means clustering to cluster the embeddings of the gender-associated words. Since k-means may converge at local optima, we ran the algorithm 50 times and kept the model with the lowest sum of squared errors.
To automatically label the clusters, we combined the grounded knowledge of WordNet BIBREF34 and context-sensitive strengths of domain-specific word embeddings. Our algorithm is similar to BIBREF28's approach, but we extend their method by introducing domain-specific word embeddings for clustering as well as a new technique for sense disambiguation. Given a cluster, our algorithm proceeds with the following three steps:
Sense disambiguation: The goal is to assign each cluster word to one of its WordNet synsets; let $S$ represent the collection of chosen synsets. We know that these words have been clustered in domain-specific embedding space, which means that in the context of the domain, these words are very close semantically. Thus, we choose $S^*$ that minimizes the total distance between its synsets.
Candidate label generation: In this step, we generate $L$, the set of possible cluster labels. Our approach is simple: we take the union of all hypernyms of the synsets in $S^*$.
Candidate label ranking: Here, we rank the synsets in $L$. We want labels that are as close to all of the synsets in $S^*$ as possible; thus, we score the candidate labels by the sum of their distances to each synset in $S^*$ and we rank them from least to most distance.
In steps 1 and 3, we use WordNet pathwise distance, but we encourage the exploration of other distance representations as well.

## Clustering & Cluster Labeling ::: Findings
Table TABREF11 displays a sample of our results – we find that the clusters are coherent in context and the labels seem reasonable. In the next section, we discuss human evaluations that we conducted to more rigorously evaluate the output, but first we discuss the value of these methods toward analysis.
At the word-level, we hypothesized that in the celebrity domain, women were more associated with appearance and men with creating content. Now, we can validate those hypotheses against labeled clusters – indeed, there is a cluster labeled clothing that is 100% female (i.e. 100% words are female-associated), and a 80% male cluster labeled movie. Likewise, in the professor domain, we had guessed that women are associated with communication and men with knowledge, and there is a 100% female cluster labeled communication and a 89% male cluster labeled cognition. Thus, cluster labeling proves to be very effective at pulling out the patterns that we believed we saw at the word-level, but could not formally validate.
The clusters we mentioned so far all lean heavily toward one gender association or the other, but some clusters are interesting precisely because they do not lean heavily – this allows us to see where semantic groupings do not align exactly with gender association. For example, in the celebrity domain, there is a cluster labeled lover that has a mix of female-associated words (“boyfriend,” “beau,” “hubby”) and male-associated words (“wife,” “girlfriend”). Jointly leveraging cluster labels and gender associations allows us to see that in the semantic context of having a lover, women are typically associated with male figures and men with female figures, which reflects heteronormativity in society.

## Human Evaluations
To test our clusters, we employed the Word Intrusion task BIBREF35. We present the annotator with five words – four drawn from one cluster and one drawn randomly from the domain vocabulary – and we ask them to pick out the intruder. The intuition is that if the cluster is coherent, then an observer should be able to identify the out-of-cluster word as the intruder. For both domains, we report results on all clusters and on the top 8, ranked by ascending normalized sum of squared errors, which can be seen as a prediction of coherence. In the celebrity domain, annotators identified the out-of-cluster word 73% of the time in the top-8 and 53% overall. In the professor domain, annotators identified it 60% of the time in the top-8 and 49% overall. As expected, top-8 performance in both domains does considerably better than overall, but at all levels the precision is significantly above the random baseline of 20%.
To test cluster labels, we present the annotator with a label and a word, and we ask them whether the word falls under the concept. The concept is a potential cluster label and the word is either a word from that cluster or drawn randomly from the domain vocabulary. For a good label, the rate at which in-cluster words fall under the label should be much higher than the rate at which out-of-cluster words fall under. In our experiments, we tested the top 4 predicted labels and the centroid of the cluster as a strong baseline label. The centroid achieved an in-cluster rate of .60 and out-of-cluster rate of .18 (difference of .42). Our best performing predicted label achieved an in-cluster rate of .65 and an out-of-cluster rate of .04 (difference of .61), thus outperforming the centroid on both rates and increasing the gap between rates by nearly 20 points. In the Appendix, we include more detailed results on both tasks.

## Conclusion
We have presented two substantial datasets and a novel integration of methods to automatically infer gender associations in language. We have demonstrated that in both datasets, there are clear differences in how people talk about women and men. Furthermore, we have shown that clustering and cluster labeling are effective at identifying higher-level patterns of gender associations, and that our methods outperform strong baselines in human evaluations. In future work, we hope to use our findings to improve performance on tasks such as abusive language detection. We also hope to delve into finer-grained analyses, exploring how language around gender interacts with other variables, such as sexual orientation or profession (e.g. actresses versus female athletes). Finally, we plan to continue widening the scope of our study – for example, expanding our methods to include non-binary gender identities, evaluating changes in gender norms over time, and spreading to more domains, such as the political sphere.

Question: How big are two introduced datasets?
JSON: [/INST]
[INST] ","































































































































































































","300K sentences in each dataset | each consisting of over 300K sentences | Celeb dataset: 15917 texts and 342645 sentences
Professor dataset: 283973 texts and 976677 sentences | Celebrity Dataset has 15,917 texts, 342,645 sentences, and the Female Male Proportions are  0.67/ 0.33. 
Professor Dataset has 283,973 texts, 976, 667 sentences, and the Femal Male Proportions are 0.28./ 0,72"
31d4b0204702907dc0cd0f394cf9c984649e1fbf,"<s>
[INST] You are a precise scientific QA assistant. Use only the provided paper text. If the question is not answerable from the text, reply with answer 'UNANSWERABLE'.

Return a STRICT JSON object with keys exactly:
{ ""answer"": ""<string>"", ""evidence"": [""<verbatim span 1>"", ""<verbatim span 2>""] }
- 'answer' must be 1-3 sentences or 'UNANSWERABLE'.
- 'evidence' must be 0-5 verbatim snippets copied from the paper text (no paraphrases).
No extra commentary.

Paper title: Automatically Inferring Gender Associations from Language

Paper text:
# Automatically Inferring Gender Associations from Language

## Abstract
In this paper, we pose the question: do people talk about women and men in different ways? We introduce two datasets and a novel integration of approaches for automatically inferring gender associations from language, discovering coherent word clusters, and labeling the clusters for the semantic concepts they represent. The datasets allow us to compare how people write about women and men in two different settings - one set draws from celebrity news and the other from student reviews of computer science professors. We demonstrate that there are large-scale differences in the ways that people talk about women and men and that these differences vary across domains. Human evaluations show that our methods significantly outperform strong baselines.

## Introduction
It is well-established that gender bias exists in language – for example, we see evidence of this given the prevalence of sexism in abusive language datasets BIBREF0, BIBREF1. However, these are extreme cases of gender norms in language, and only encompass a small proportion of speakers or texts.
Less studied in NLP is how gender norms manifest in everyday language – do people talk about women and men in different ways? These types of differences are far subtler than abusive language, but they can provide valuable insight into the roots of more extreme acts of discrimination. Subtle differences are difficult to observe because each case on its own could be attributed to circumstance, a passing comment or an accidental word. However, at the level of hundreds of thousands of data points, these patterns, if they do exist, become undeniable. Thus, in this work, we introduce new datasets and methods so that we can study subtle gender associations in language at the large-scale.
Our contributions include:
Two datasets for studying language and gender, each consisting of over 300K sentences.
Methods to infer gender-associated words and labeled clusters in any domain.
Novel findings that demonstrate in both domains that people do talk about women and men in different ways.
Each contribution brings us closer to modeling how gender associations appear in everyday language. In the remainder of the paper, we present related work, our data collection, methods and findings, and human evaluations of our system.

## Related Work
The study of gender and language has a rich history in social science. Its roots are often attributed to Robin Lakoff, who argued that language is fundamental to gender inequality, “reflected in both the ways women are expected to speak, and the ways in which women are spoken of” BIBREF2. Prominent scholars following Lakoff have included Deborah Tannen BIBREF3, Mary Bucholtz and Kira Hall BIBREF4, Janet Holmes BIBREF5, Penelope Eckert BIBREF6, and Deborah Cameron BIBREF7, along with many others.
In recent decades, the study of gender and language has also attracted computational researchers. Echoing Lakoff's original claim, a popular strand of computational work focuses on differences in how women and men talk, analyzing key lexical traits BIBREF8, BIBREF9, BIBREF10 and predicting a person's gender from some text they have written BIBREF11, BIBREF12. There is also research studying how people talk to women and men BIBREF13, as well as how people talk about women and men, typically in specific domains such as sports journalism BIBREF14, fiction writing BIBREF15, movie scripts BIBREF16, and Wikipedia biographies BIBREF17, BIBREF18. Our work builds on this body by diving into two novel domains: celebrity news, which explores gender in pop culture, and student reviews of CS professors, which examines gender in academia and, particularly, the historically male-dominated field of CS. Furthermore, many of these works rely on manually constructed lexicons or topics to pinpoint gendered language, but our methods automatically infer gender-associated words and labeled clusters, thus reducing supervision and increasing the potential to discover subtleties in the data.
Modeling gender associations in language could also be instrumental to other NLP tasks. Abusive language is often founded in sexism BIBREF0, BIBREF1, so models of gender associations could help to improve detection in those cases. Gender bias also manifests in NLP pipelines: prior research has found that word embeddings preserve gender biases BIBREF19, BIBREF20, BIBREF21, and some have developed methods to reduce this bias BIBREF22, BIBREF23. Yet, the problem is far from solved; for example, BIBREF24 showed that it is still possible to recover gender bias from “de-biased” embeddings. These findings further motivate our research, since before we can fully reduce gender bias in embeddings, we need to develop a deeper understanding of how gender permeates through language in the first place.
We also build on methods to cluster words in word embedding space and automatically label clusters. Clustering word embeddings has proven useful for discovering salient patterns in text corpora BIBREF25, BIBREF26. Once clusters are derived, we would like them to be interpretable. Much research simply considers the top-n words from each cluster, but this method can be subjective and time-consuming to interpret. Thus, there are efforts to design methods of automatic cluster labeling BIBREF27. We take a similar approach to BIBREF28, who leverage word embeddings and WordNet during labeling, and we extend their method with additional techniques and evaluations.

## Data Collection
Our first dataset contains articles from celebrity magazines People, UsWeekly, and E!News. We labeled each article for whether it was reporting on men, women, or neither/unknown. To do this, we first extracted the article's topic tags. Some of these tags referred to people, but others to non-people entities, such as “Gift Ideas” or “Health.” To distinguish between these types of tags, we queried each tag on Wikipedia and checked whether the top page result contained a “Born” entry in its infobox – if so, we concluded that the tag referred to a person.
Then, from the person's Wikipedia page, we determined their gender by checking whether the introductory paragraphs of the page contained more male or female pronouns. This method was simple but effective, since pronouns in the introduction almost always resolve to the subject of that page. In fact, on a sample of 80 tags that we manually annotated, we found that comparing pronoun counts predicted gender with perfect accuracy. Finally, if an article tagged at least one woman and did not tag any men, we labeled the article as Female; in the opposite case, we labeled it as Male.
Our second dataset contains reviews from RateMyProfessors (RMP), an online platform where students can review their professors. We included all 5,604 U.S. schools on RMP, and collected all reviews for CS professors at those schools. We labeled each review with the gender of the professor whom it was about, which we determined by comparing the count of male versus female pronouns over all reviews for that professor. This method was again effective, because the reviews are expressly written about a certain professor, so the pronouns typically resolve to that professor.
In addition to extracting the text of the articles or reviews, for each dataset we also collected various useful metadata. For the celebrity dataset, we recorded each article's timestamp and the name of the author, if available. Storing author names creates the potential to examine the relationship between the gender of the author and the gender of the subject, such as asking if there are differences between how women write about men and how men write about men. In this work, we did not yet pursue this direction because we wanted to begin with a simpler question of how gender is discussed: regardless of the gender of the authors, what is the content being put forth and consumed? Furthermore, we were unable to extract author gender in the professor dataset since the RMP reviews are anonymous. However, in future work, we may explore the influence of author gender in the celebrity dataset.
For the professor dataset, we captured metadata such as each review's rating, which indicates how the student feels about the professor on a scale of AWFUL to AWESOME. This additional variable in our data creates the option in future work to factor in sentiment; for example, we could study whether there are differences in language used when criticizing a female versus a male professor.

## Inferring Word-Level Associations
Our first goal was to discover words that are significantly associated with men or women in a given domain. We employed an approach used by BIBREF10 in their work to analyze differences in how men and women write on Twitter.

## Inferring Word-Level Associations ::: Methods
First, to operationalize, we say that term $i$ is associated with gender $j$ if, when discussing individuals of gender $j$, $i$ is used with unusual frequency – which we can check with statistical hypothesis tests. Let $f_i$ represent the likelihood of $i$ appearing when discussing women or men. $f_i$ is unknown, but we can model the distribution of all possible $f_i$ using the corpus of texts that we have from the domain. We construct a gender-balanced version of the corpus by randomly undersampling the more prevalent gender until the proportions of each gender are equal. Assuming a non-informative prior distribution on $f_i$, the posterior distribution is Beta($k_i$, $N - k_i$), where $k_i$ is the count of $i$ in the gender-balanced corpus and $N$ is the total count of words in that corpus.
As BIBREF10 discuss, “the distribution of the gender-specific counts can be described by an integral over all possible $f_i$. This integral defines the Beta-Binomial distribution BIBREF29, and has a closed form solution.” We say that term $i$ is significantly associated with gender $j$ if the cumulative distribution at $k_{ij}$ (the count of $i$ in the $j$ portion of the gender-balanced corpus) is $p \le 0.05$. As in the original work, we apply the Bonferroni correction BIBREF30 for multiple comparisons because we are computing statistical tests for thousands of hypotheses.

## Inferring Word-Level Associations ::: Findings
We applied this method to discover gender-associated words in both domains. In Table TABREF9, we present a sample of the most gender-associated nouns from the celebrity domain. Several themes emerge: for example, female celebrities seem to be more associated with appearance (“gown,” “photo,” “hair,” “look”), while male celebrities are more associated with creating content (“movie,” “film,” “host,” “director”). This echoes real-world trends: for instance, on the red carpet, actresses tend to be asked more questions about their appearance –- what brands they are wearing, how long it took to get ready, etc. –- while actors are asked questions about their careers and creative processes (as an example, see BIBREF31).
Table TABREF9 also includes some of the most gender-associated verbs and adjectives from the professor domain. Female CS professors seem to be praised for being communicative and personal with students (“respond,” “communicate,” “kind,” “caring”), while male CS professors are recognized for being knowledgeable and challenging the students (“teach,”, “challenge,” “brilliant,” “practical”). These trends are well-supported by social science literature, which has found that female teachers are praised for “personalizing” instruction and interacting extensively with students, while male teachers are praised for using “teacher as expert” styles that showcase mastery of material BIBREF32.
These findings establish that there are clear differences in how people talk about women and men – even with Bonferroni correction, there are still over 500 significantly gender-associated nouns, verbs, and adjectives in the celebrity domain and over 200 in the professor domain. Furthermore, the results in both domains align with prior studies and real world trends, which validates that our methods can capture meaningful patterns and innovatively provide evidence at the large-scale. This analysis also hints that it can be helpful to abstract from words to topics to recognize higher-level patterns of gender associations, which motivates our next section on clustering.

## Clustering & Cluster Labeling
With word-level associations in hand, our next goals were to discover coherent clusters among the words and to automatically label those clusters.

## Clustering & Cluster Labeling ::: Methods
First, we trained domain-specific word embeddings using the Word2Vec BIBREF33 CBOW model ($w \in R^{100}$). Then, we used k-means clustering to cluster the embeddings of the gender-associated words. Since k-means may converge at local optima, we ran the algorithm 50 times and kept the model with the lowest sum of squared errors.
To automatically label the clusters, we combined the grounded knowledge of WordNet BIBREF34 and context-sensitive strengths of domain-specific word embeddings. Our algorithm is similar to BIBREF28's approach, but we extend their method by introducing domain-specific word embeddings for clustering as well as a new technique for sense disambiguation. Given a cluster, our algorithm proceeds with the following three steps:
Sense disambiguation: The goal is to assign each cluster word to one of its WordNet synsets; let $S$ represent the collection of chosen synsets. We know that these words have been clustered in domain-specific embedding space, which means that in the context of the domain, these words are very close semantically. Thus, we choose $S^*$ that minimizes the total distance between its synsets.
Candidate label generation: In this step, we generate $L$, the set of possible cluster labels. Our approach is simple: we take the union of all hypernyms of the synsets in $S^*$.
Candidate label ranking: Here, we rank the synsets in $L$. We want labels that are as close to all of the synsets in $S^*$ as possible; thus, we score the candidate labels by the sum of their distances to each synset in $S^*$ and we rank them from least to most distance.
In steps 1 and 3, we use WordNet pathwise distance, but we encourage the exploration of other distance representations as well.

## Clustering & Cluster Labeling ::: Findings
Table TABREF11 displays a sample of our results – we find that the clusters are coherent in context and the labels seem reasonable. In the next section, we discuss human evaluations that we conducted to more rigorously evaluate the output, but first we discuss the value of these methods toward analysis.
At the word-level, we hypothesized that in the celebrity domain, women were more associated with appearance and men with creating content. Now, we can validate those hypotheses against labeled clusters – indeed, there is a cluster labeled clothing that is 100% female (i.e. 100% words are female-associated), and a 80% male cluster labeled movie. Likewise, in the professor domain, we had guessed that women are associated with communication and men with knowledge, and there is a 100% female cluster labeled communication and a 89% male cluster labeled cognition. Thus, cluster labeling proves to be very effective at pulling out the patterns that we believed we saw at the word-level, but could not formally validate.
The clusters we mentioned so far all lean heavily toward one gender association or the other, but some clusters are interesting precisely because they do not lean heavily – this allows us to see where semantic groupings do not align exactly with gender association. For example, in the celebrity domain, there is a cluster labeled lover that has a mix of female-associated words (“boyfriend,” “beau,” “hubby”) and male-associated words (“wife,” “girlfriend”). Jointly leveraging cluster labels and gender associations allows us to see that in the semantic context of having a lover, women are typically associated with male figures and men with female figures, which reflects heteronormativity in society.

## Human Evaluations
To test our clusters, we employed the Word Intrusion task BIBREF35. We present the annotator with five words – four drawn from one cluster and one drawn randomly from the domain vocabulary – and we ask them to pick out the intruder. The intuition is that if the cluster is coherent, then an observer should be able to identify the out-of-cluster word as the intruder. For both domains, we report results on all clusters and on the top 8, ranked by ascending normalized sum of squared errors, which can be seen as a prediction of coherence. In the celebrity domain, annotators identified the out-of-cluster word 73% of the time in the top-8 and 53% overall. In the professor domain, annotators identified it 60% of the time in the top-8 and 49% overall. As expected, top-8 performance in both domains does considerably better than overall, but at all levels the precision is significantly above the random baseline of 20%.
To test cluster labels, we present the annotator with a label and a word, and we ask them whether the word falls under the concept. The concept is a potential cluster label and the word is either a word from that cluster or drawn randomly from the domain vocabulary. For a good label, the rate at which in-cluster words fall under the label should be much higher than the rate at which out-of-cluster words fall under. In our experiments, we tested the top 4 predicted labels and the centroid of the cluster as a strong baseline label. The centroid achieved an in-cluster rate of .60 and out-of-cluster rate of .18 (difference of .42). Our best performing predicted label achieved an in-cluster rate of .65 and an out-of-cluster rate of .04 (difference of .61), thus outperforming the centroid on both rates and increasing the gap between rates by nearly 20 points. In the Appendix, we include more detailed results on both tasks.

## Conclusion
We have presented two substantial datasets and a novel integration of methods to automatically infer gender associations in language. We have demonstrated that in both datasets, there are clear differences in how people talk about women and men. Furthermore, we have shown that clustering and cluster labeling are effective at identifying higher-level patterns of gender associations, and that our methods outperform strong baselines in human evaluations. In future work, we hope to use our findings to improve performance on tasks such as abusive language detection. We also hope to delve into finer-grained analyses, exploring how language around gender interacts with other variables, such as sexual orientation or profession (e.g. actresses versus female athletes). Finally, we plan to continue widening the scope of our study – for example, expanding our methods to include non-binary gender identities, evaluating changes in gender norms over time, and spreading to more domains, such as the political sphere.

Question: What are strong baselines authors used?
JSON: [/INST]
[INST] ","































































































































































































","The authors contrasted human evaluations against a random baseline, and used the centroid of the cluster as a strong baseline. | UNANSWERABLE | the top 4 predicted labels and the centroid of the cluster | the top 4 predicted labels and the centroid of the cluster as a strong baseline label"
371433bd3fb5042bacec4dfad3cfff66147c14f0,"<s>
[INST] You are a precise scientific QA assistant. Use only the provided paper text. If the question is not answerable from the text, reply with answer 'UNANSWERABLE'.

Return a STRICT JSON object with keys exactly:
{ ""answer"": ""<string>"", ""evidence"": [""<verbatim span 1>"", ""<verbatim span 2>""] }
- 'answer' must be 1-3 sentences or 'UNANSWERABLE'.
- 'evidence' must be 0-5 verbatim snippets copied from the paper text (no paraphrases).
No extra commentary.

Paper title: A Crowd-based Evaluation of Abuse Response Strategies in Conversational Agents

Paper text:
# A Crowd-based Evaluation of Abuse Response Strategies in Conversational Agents

## Abstract
How should conversational agents respond to verbal abuse through the user? To answer this question, we conduct a large-scale crowd-sourced evaluation of abuse response strategies employed by current state-of-the-art systems. Our results show that some strategies, such as ""polite refusal"" score highly across the board, while for other strategies demographic factors, such as age, as well as the severity of the preceding abuse influence the user's perception of which response is appropriate. In addition, we find that most data-driven models lag behind rule-based or commercial systems in terms of their perceived appropriateness.

## Introduction
Ethical challenges related to dialogue systems and conversational agents raise novel research questions, such as learning from biased data sets BIBREF0, and how to handle verbal abuse from the user's side BIBREF1, BIBREF2, BIBREF3, BIBREF4. As highlighted by a recent UNESCO report BIBREF5, appropriate responses to abusive queries are vital to prevent harmful gender biases: the often submissive and flirty responses by the female-gendered systems reinforce ideas of women as subservient. In this paper, we investigate the appropriateness of possible strategies by gathering responses from current state-of-the-art systems and ask crowd-workers to rate them.

## Data Collection
We first gather abusive utterances from 600K conversations with US-based customers. We search for relevant utterances by simple keyword spotting and find that about 5% of the corpus includes abuse, with mostly sexually explicit utterances. Previous research reports even higher levels of abuse between 11% BIBREF2 and 30% BIBREF6. Since we are not allowed to directly quote from our corpus in order to protect customer rights, we summarise the data to a total of 109 “prototypical"" utterances - substantially extending the previous dataset of 35 utterances from Amanda:EthicsNLP2018 - and categorise these utterances based on the Linguistic Society's definition of sexual harassment BIBREF7:
[noitemsep]
Gender and Sexuality, e.g. “Are you gay?”, “How do you have sex?”
Sexualised Comments, e.g. “I love watching porn.”, “I'm horny.”
Sexualised Insults, e.g. “Stupid bitch.”, “Whore”
Sexual Requests and Demands, e.g. “Will you have sex with me?”, “Talk dirty to me.”
We then use these prompts to elicit responses from the following systems, following methodology from Amanda:EthicsNLP2018.
[leftmargin=5mm, noitemsep]
4 Commercial: Amazon Alexa, Apple Siri, Google Home, Microsoft's Cortana.
4 Non-commercial rule-based: E.L.I.Z.A. BIBREF8, Parry BIBREF9, A.L.I.C.E. BIBREF10, Alley BIBREF11.
4 Data-driven approaches:
Cleverbot BIBREF12;
NeuralConvo BIBREF13, a re-implementation of BIBREF14;
an implementation of BIBREF15's Information Retrieval approach;
a vanilla Seq2Seq model trained on clean Reddit data BIBREF1.
Negative Baselines: We also compile responses by adult chatbots: Sophia69 BIBREF16, Laurel Sweet BIBREF17, Captain Howdy BIBREF18, Annabelle Lee BIBREF19, Dr Love BIBREF20.
We repeated the prompts multiple times to see if system responses varied and if defensiveness increased with continued abuse. If this was the case, we included all responses in the study. Following this methodology, we collected a total of 2441 system replies in July-August 2018 - 3.5 times more data than Amanda:EthicsNLP2018 - which 2 expert annotators manually annotated according to the categories in Table TABREF14 ($\kappa =0.66$).

## Human Evaluation
In order to assess the perceived appropriateness of system responses we conduct a human study using crowd-sourcing on the FigureEight platform. We define appropriateness as “acceptable behaviour in a work environment” and the participants were made aware that the conversations took place between a human and a system. Ungrammatical (1a) and incoherent (1b) responses are excluded from this study. We collect appropriateness ratings given a stimulus (the prompt) and four randomly sampled responses from our corpus that the worker is to label following the methodology described in BIBREF21, where each utterance is rated relatively to a reference on a user-defined scale. Ratings are then normalised on a scale from [0-1]. This methodology was shown to produce more reliable user ratings than commonly used Likert Scales. In addition, we collect demographic information, including gender and age group. In total we collected 9960 HITs from 472 crowd workers. In order to identify spammers and unsuitable ratings, we use the responses from the adult-only bots as test questions: We remove users who give high ratings to sexual bot responses the majority (more than 55%) of the time.18,826 scores remain - resulting in an average of 7.7 ratings per individual system reply and 1568.8 ratings per response type as listed in Table TABREF14.Due to missing demographic data - and after removing malicious crowdworkers - we only consider a subset of 190 raters for our demographic study. The group is composed of 130 men and 60 women. Most raters (62.6%) are under the age of 44, with similar proportions across age groups for men and women. This is in-line with our target population: 57% of users of smart speakers are male and the majority are under 44 BIBREF22.

## Results
The ranks and mean scores of response categories can be seen in Table TABREF29. Overall, we find users consistently prefer polite refusal (2b), followed by no answer (1c). Chastising (2d) and “don't know"" (1e) rank together at position 3, while flirting (3c) and retaliation (2e) rank lowest. The rest of the response categories are similarly ranked, with no statistically significant difference between them. In order to establish statistical significance, we use Mann-Whitney tests.

## Results ::: Demographic Factors
Previous research has shown gender to be the most important factor in predicting a person's definition of sexual harassment BIBREF23. However, we find small and not statistically significant differences in the overall rank given by users of different gender (see tab:ageresults).
Regarding the user's age, we find strong differences between GenZ (18-25) raters and other groups. Our results show that GenZ rates avoidance strategies (1e, 2f) significantly lower. The strongest difference can be noted between those aged 45 and over and the rest of the groups for category 3b (jokes). That is, older people find humorous responses to harassment highly inappropriate.

## Results ::: Prompt context
Here, we explore the hypothesis, that users perceive different responses as appropriate, dependent on the type and gravity of harassment, see Section SECREF2. The results in Table TABREF33 indeed show that perceived appropriateness varies significantly between prompt contexts. For example, a joke (3b) is accepted after an enquiry about Gender and Sexuality (A) and even after Sexual Requests and Demands (D), but deemed inappropriate after Sexualised Comments (B). Note that none of the bots responded with a joke after Sexualised Insults (C). Avoidance (2f) is considered most appropriate in the context of Sexualised Demands. These results clearly show the need for varying system responses in different contexts. However, the corpus study from Amanda:EthicsNLP2018 shows that current state-of-the-art systems do not adapt their responses sufficiently.

## Results ::: Systems
Finally, we consider appropriateness per system. Following related work by BIBREF21, BIBREF24, we use Trueskill BIBREF25 to cluster systems into equivalently rated groups according to their partial relative rankings. The results in Table TABREF36 show that the highest rated systen is Alley, a purpose build bot for online language learning. Alley produces “polite refusal” (2b) - the top ranked strategy - 31% of the time. Comparatively, commercial systems politely refuse only between 17% (Cortana) and 2% (Alexa). Most of the time commercial systems tend to “play along” (3a), joke (3b) or don't know how to answer (1e) which tend to receive lower ratings, see Figure FIGREF38. Rule-based systems most often politely refuse to answer (2b), but also use medium ranked strategies, such as deflect (2c) or chastise (2d). For example, most of Eliza's responses fall under the “deflection” strategy, such as “Why do you ask?”. Data-driven systems rank low in general. Neuralconvo and Cleverbot are the only ones that ever politely refuse and we attribute their improved ratings to this. In turn, the “clean” seq2seq often produces responses which can be interpreted as flirtatious (44%), and ranks similarly to Annabelle Lee and Laurel Sweet, the only adult bots that politely refuses ( 16% of the time). Ritter:2010:UMT:1857999.1858019's IR approach is rated similarly to Capt Howdy and both produce a majority of retaliatory (2e) responses - 38% and 58% respectively - followed by flirtatious responses. Finally, Dr Love and Sophia69 produce almost exclusively flirtatious responses which are consistently ranked low by users.

## Related and Future Work
Crowdsourced user studies are widely used for related tasks, such as evaluating dialogue strategies, e.g. BIBREF26, and for eliciting a moral stance from a population BIBREF27. Our crowdsourced setup is similar to an “overhearer experiment” as e.g. conducted by Ma:2019:handlingChall where study participants were asked to rate the system's emotional competence after watching videos of challenging user behaviour. However, we believe that the ultimate measure for abuse mitigation should come from users interacting with the system. chin2019should make a first step into this direction by investigating different response styles (Avoidance, Empathy, Counterattacking) to verbal abuse, and recording the user's emotional reaction – hoping that eliciting certain emotions, such as guilt, will eventually stop the abuse. While we agree that stopping the abuse should be the ultimate goal, BIBREF28's study is limited in that participants were not genuine (ab)users, but instructed to abuse the system in a certain way. BIBREF29 report that a pilot using a similar setup let to unnatural interactions, which limits the conclusions we can draw about the effectiveness of abuse mitigation strategies. Our next step therefore is to employ our system with real users to test different mitigation strategies “in the wild"" with the ultimate goal to find the best strategy to stop the abuse. The results of this current paper suggest that the strategy should be adaptive to user type/ age, as well as to the severity of abuse.

## Conclusion
This paper presents the first user study on perceived appropriateness of system responses after verbal abuse. We put strategies used by state-of-the-art systems to the test in a large-scale, crowd-sourced evaluation. The full annotated corpus contains 2441 system replies, categorised into 14 response types, which were evaluated by 472 raters - resulting in 7.7 ratings per reply.
Our results show that: (1) The user's age has an significant effect on the ratings. For example, older users find jokes as a response to harassment highly inappropriate. (2) Perceived appropriateness also depends on the type of previous abuse. For example, avoidance is most appropriate after sexual demands. (3) All system were rated significantly higher than our negative adult-only baselines - except two data-driven systems, one of which is a Seq2Seq model trained on “clean"" data where all utterances containing abusive words were removed BIBREF1. This leads us to believe that data-driven response generation need more effective control mechanisms BIBREF30.

## Acknowledgements
We would like to thank our colleagues Ruth Aylett and Arash Eshghi for their comments. This research received funding from the EPSRC projects DILiGENt (EP/M005429/1) and MaDrIgAL (EP/N017536/1).

Question: How do data-driven models usually respond to abuse?
JSON: [/INST]
[INST] ",".






























































































































































































","either by refusing politely, or, with flirtatious responses, or, by retaliating | Data-driven systems rank low in general | politely refuse politely refuses flirtatious responses | flirt; retaliation"
f64449a21c452bc5395a0f0a49fb49825e6385f4,"<s>
[INST] You are a precise scientific QA assistant. Use only the provided paper text. If the question is not answerable from the text, reply with answer 'UNANSWERABLE'.

Return a STRICT JSON object with keys exactly:
{ ""answer"": ""<string>"", ""evidence"": [""<verbatim span 1>"", ""<verbatim span 2>""] }
- 'answer' must be 1-3 sentences or 'UNANSWERABLE'.
- 'evidence' must be 0-5 verbatim snippets copied from the paper text (no paraphrases).
No extra commentary.

Paper title: A Crowd-based Evaluation of Abuse Response Strategies in Conversational Agents

Paper text:
# A Crowd-based Evaluation of Abuse Response Strategies in Conversational Agents

## Abstract
How should conversational agents respond to verbal abuse through the user? To answer this question, we conduct a large-scale crowd-sourced evaluation of abuse response strategies employed by current state-of-the-art systems. Our results show that some strategies, such as ""polite refusal"" score highly across the board, while for other strategies demographic factors, such as age, as well as the severity of the preceding abuse influence the user's perception of which response is appropriate. In addition, we find that most data-driven models lag behind rule-based or commercial systems in terms of their perceived appropriateness.

## Introduction
Ethical challenges related to dialogue systems and conversational agents raise novel research questions, such as learning from biased data sets BIBREF0, and how to handle verbal abuse from the user's side BIBREF1, BIBREF2, BIBREF3, BIBREF4. As highlighted by a recent UNESCO report BIBREF5, appropriate responses to abusive queries are vital to prevent harmful gender biases: the often submissive and flirty responses by the female-gendered systems reinforce ideas of women as subservient. In this paper, we investigate the appropriateness of possible strategies by gathering responses from current state-of-the-art systems and ask crowd-workers to rate them.

## Data Collection
We first gather abusive utterances from 600K conversations with US-based customers. We search for relevant utterances by simple keyword spotting and find that about 5% of the corpus includes abuse, with mostly sexually explicit utterances. Previous research reports even higher levels of abuse between 11% BIBREF2 and 30% BIBREF6. Since we are not allowed to directly quote from our corpus in order to protect customer rights, we summarise the data to a total of 109 “prototypical"" utterances - substantially extending the previous dataset of 35 utterances from Amanda:EthicsNLP2018 - and categorise these utterances based on the Linguistic Society's definition of sexual harassment BIBREF7:
[noitemsep]
Gender and Sexuality, e.g. “Are you gay?”, “How do you have sex?”
Sexualised Comments, e.g. “I love watching porn.”, “I'm horny.”
Sexualised Insults, e.g. “Stupid bitch.”, “Whore”
Sexual Requests and Demands, e.g. “Will you have sex with me?”, “Talk dirty to me.”
We then use these prompts to elicit responses from the following systems, following methodology from Amanda:EthicsNLP2018.
[leftmargin=5mm, noitemsep]
4 Commercial: Amazon Alexa, Apple Siri, Google Home, Microsoft's Cortana.
4 Non-commercial rule-based: E.L.I.Z.A. BIBREF8, Parry BIBREF9, A.L.I.C.E. BIBREF10, Alley BIBREF11.
4 Data-driven approaches:
Cleverbot BIBREF12;
NeuralConvo BIBREF13, a re-implementation of BIBREF14;
an implementation of BIBREF15's Information Retrieval approach;
a vanilla Seq2Seq model trained on clean Reddit data BIBREF1.
Negative Baselines: We also compile responses by adult chatbots: Sophia69 BIBREF16, Laurel Sweet BIBREF17, Captain Howdy BIBREF18, Annabelle Lee BIBREF19, Dr Love BIBREF20.
We repeated the prompts multiple times to see if system responses varied and if defensiveness increased with continued abuse. If this was the case, we included all responses in the study. Following this methodology, we collected a total of 2441 system replies in July-August 2018 - 3.5 times more data than Amanda:EthicsNLP2018 - which 2 expert annotators manually annotated according to the categories in Table TABREF14 ($\kappa =0.66$).

## Human Evaluation
In order to assess the perceived appropriateness of system responses we conduct a human study using crowd-sourcing on the FigureEight platform. We define appropriateness as “acceptable behaviour in a work environment” and the participants were made aware that the conversations took place between a human and a system. Ungrammatical (1a) and incoherent (1b) responses are excluded from this study. We collect appropriateness ratings given a stimulus (the prompt) and four randomly sampled responses from our corpus that the worker is to label following the methodology described in BIBREF21, where each utterance is rated relatively to a reference on a user-defined scale. Ratings are then normalised on a scale from [0-1]. This methodology was shown to produce more reliable user ratings than commonly used Likert Scales. In addition, we collect demographic information, including gender and age group. In total we collected 9960 HITs from 472 crowd workers. In order to identify spammers and unsuitable ratings, we use the responses from the adult-only bots as test questions: We remove users who give high ratings to sexual bot responses the majority (more than 55%) of the time.18,826 scores remain - resulting in an average of 7.7 ratings per individual system reply and 1568.8 ratings per response type as listed in Table TABREF14.Due to missing demographic data - and after removing malicious crowdworkers - we only consider a subset of 190 raters for our demographic study. The group is composed of 130 men and 60 women. Most raters (62.6%) are under the age of 44, with similar proportions across age groups for men and women. This is in-line with our target population: 57% of users of smart speakers are male and the majority are under 44 BIBREF22.

## Results
The ranks and mean scores of response categories can be seen in Table TABREF29. Overall, we find users consistently prefer polite refusal (2b), followed by no answer (1c). Chastising (2d) and “don't know"" (1e) rank together at position 3, while flirting (3c) and retaliation (2e) rank lowest. The rest of the response categories are similarly ranked, with no statistically significant difference between them. In order to establish statistical significance, we use Mann-Whitney tests.

## Results ::: Demographic Factors
Previous research has shown gender to be the most important factor in predicting a person's definition of sexual harassment BIBREF23. However, we find small and not statistically significant differences in the overall rank given by users of different gender (see tab:ageresults).
Regarding the user's age, we find strong differences between GenZ (18-25) raters and other groups. Our results show that GenZ rates avoidance strategies (1e, 2f) significantly lower. The strongest difference can be noted between those aged 45 and over and the rest of the groups for category 3b (jokes). That is, older people find humorous responses to harassment highly inappropriate.

## Results ::: Prompt context
Here, we explore the hypothesis, that users perceive different responses as appropriate, dependent on the type and gravity of harassment, see Section SECREF2. The results in Table TABREF33 indeed show that perceived appropriateness varies significantly between prompt contexts. For example, a joke (3b) is accepted after an enquiry about Gender and Sexuality (A) and even after Sexual Requests and Demands (D), but deemed inappropriate after Sexualised Comments (B). Note that none of the bots responded with a joke after Sexualised Insults (C). Avoidance (2f) is considered most appropriate in the context of Sexualised Demands. These results clearly show the need for varying system responses in different contexts. However, the corpus study from Amanda:EthicsNLP2018 shows that current state-of-the-art systems do not adapt their responses sufficiently.

## Results ::: Systems
Finally, we consider appropriateness per system. Following related work by BIBREF21, BIBREF24, we use Trueskill BIBREF25 to cluster systems into equivalently rated groups according to their partial relative rankings. The results in Table TABREF36 show that the highest rated systen is Alley, a purpose build bot for online language learning. Alley produces “polite refusal” (2b) - the top ranked strategy - 31% of the time. Comparatively, commercial systems politely refuse only between 17% (Cortana) and 2% (Alexa). Most of the time commercial systems tend to “play along” (3a), joke (3b) or don't know how to answer (1e) which tend to receive lower ratings, see Figure FIGREF38. Rule-based systems most often politely refuse to answer (2b), but also use medium ranked strategies, such as deflect (2c) or chastise (2d). For example, most of Eliza's responses fall under the “deflection” strategy, such as “Why do you ask?”. Data-driven systems rank low in general. Neuralconvo and Cleverbot are the only ones that ever politely refuse and we attribute their improved ratings to this. In turn, the “clean” seq2seq often produces responses which can be interpreted as flirtatious (44%), and ranks similarly to Annabelle Lee and Laurel Sweet, the only adult bots that politely refuses ( 16% of the time). Ritter:2010:UMT:1857999.1858019's IR approach is rated similarly to Capt Howdy and both produce a majority of retaliatory (2e) responses - 38% and 58% respectively - followed by flirtatious responses. Finally, Dr Love and Sophia69 produce almost exclusively flirtatious responses which are consistently ranked low by users.

## Related and Future Work
Crowdsourced user studies are widely used for related tasks, such as evaluating dialogue strategies, e.g. BIBREF26, and for eliciting a moral stance from a population BIBREF27. Our crowdsourced setup is similar to an “overhearer experiment” as e.g. conducted by Ma:2019:handlingChall where study participants were asked to rate the system's emotional competence after watching videos of challenging user behaviour. However, we believe that the ultimate measure for abuse mitigation should come from users interacting with the system. chin2019should make a first step into this direction by investigating different response styles (Avoidance, Empathy, Counterattacking) to verbal abuse, and recording the user's emotional reaction – hoping that eliciting certain emotions, such as guilt, will eventually stop the abuse. While we agree that stopping the abuse should be the ultimate goal, BIBREF28's study is limited in that participants were not genuine (ab)users, but instructed to abuse the system in a certain way. BIBREF29 report that a pilot using a similar setup let to unnatural interactions, which limits the conclusions we can draw about the effectiveness of abuse mitigation strategies. Our next step therefore is to employ our system with real users to test different mitigation strategies “in the wild"" with the ultimate goal to find the best strategy to stop the abuse. The results of this current paper suggest that the strategy should be adaptive to user type/ age, as well as to the severity of abuse.

## Conclusion
This paper presents the first user study on perceived appropriateness of system responses after verbal abuse. We put strategies used by state-of-the-art systems to the test in a large-scale, crowd-sourced evaluation. The full annotated corpus contains 2441 system replies, categorised into 14 response types, which were evaluated by 472 raters - resulting in 7.7 ratings per reply.
Our results show that: (1) The user's age has an significant effect on the ratings. For example, older users find jokes as a response to harassment highly inappropriate. (2) Perceived appropriateness also depends on the type of previous abuse. For example, avoidance is most appropriate after sexual demands. (3) All system were rated significantly higher than our negative adult-only baselines - except two data-driven systems, one of which is a Seq2Seq model trained on “clean"" data where all utterances containing abusive words were removed BIBREF1. This leads us to believe that data-driven response generation need more effective control mechanisms BIBREF30.

## Acknowledgements
We would like to thank our colleagues Ruth Aylett and Arash Eshghi for their comments. This research received funding from the EPSRC projects DILiGENt (EP/M005429/1) and MaDrIgAL (EP/N017536/1).

Question: How much data did they gather from crowdsourcing?
JSON: [/INST]
[INST] ",".






























































































































































































",600K | 9960 | 9960 HITs from 472 crowd workers | 9960 HITs
3aeb25e334c8129b376f11c7077bcb2dd54f7e0e,"<s>
[INST] You are a precise scientific QA assistant. Use only the provided paper text. If the question is not answerable from the text, reply with answer 'UNANSWERABLE'.

Return a STRICT JSON object with keys exactly:
{ ""answer"": ""<string>"", ""evidence"": [""<verbatim span 1>"", ""<verbatim span 2>""] }
- 'answer' must be 1-3 sentences or 'UNANSWERABLE'.
- 'evidence' must be 0-5 verbatim snippets copied from the paper text (no paraphrases).
No extra commentary.

Paper title: A Crowd-based Evaluation of Abuse Response Strategies in Conversational Agents

Paper text:
# A Crowd-based Evaluation of Abuse Response Strategies in Conversational Agents

## Abstract
How should conversational agents respond to verbal abuse through the user? To answer this question, we conduct a large-scale crowd-sourced evaluation of abuse response strategies employed by current state-of-the-art systems. Our results show that some strategies, such as ""polite refusal"" score highly across the board, while for other strategies demographic factors, such as age, as well as the severity of the preceding abuse influence the user's perception of which response is appropriate. In addition, we find that most data-driven models lag behind rule-based or commercial systems in terms of their perceived appropriateness.

## Introduction
Ethical challenges related to dialogue systems and conversational agents raise novel research questions, such as learning from biased data sets BIBREF0, and how to handle verbal abuse from the user's side BIBREF1, BIBREF2, BIBREF3, BIBREF4. As highlighted by a recent UNESCO report BIBREF5, appropriate responses to abusive queries are vital to prevent harmful gender biases: the often submissive and flirty responses by the female-gendered systems reinforce ideas of women as subservient. In this paper, we investigate the appropriateness of possible strategies by gathering responses from current state-of-the-art systems and ask crowd-workers to rate them.

## Data Collection
We first gather abusive utterances from 600K conversations with US-based customers. We search for relevant utterances by simple keyword spotting and find that about 5% of the corpus includes abuse, with mostly sexually explicit utterances. Previous research reports even higher levels of abuse between 11% BIBREF2 and 30% BIBREF6. Since we are not allowed to directly quote from our corpus in order to protect customer rights, we summarise the data to a total of 109 “prototypical"" utterances - substantially extending the previous dataset of 35 utterances from Amanda:EthicsNLP2018 - and categorise these utterances based on the Linguistic Society's definition of sexual harassment BIBREF7:
[noitemsep]
Gender and Sexuality, e.g. “Are you gay?”, “How do you have sex?”
Sexualised Comments, e.g. “I love watching porn.”, “I'm horny.”
Sexualised Insults, e.g. “Stupid bitch.”, “Whore”
Sexual Requests and Demands, e.g. “Will you have sex with me?”, “Talk dirty to me.”
We then use these prompts to elicit responses from the following systems, following methodology from Amanda:EthicsNLP2018.
[leftmargin=5mm, noitemsep]
4 Commercial: Amazon Alexa, Apple Siri, Google Home, Microsoft's Cortana.
4 Non-commercial rule-based: E.L.I.Z.A. BIBREF8, Parry BIBREF9, A.L.I.C.E. BIBREF10, Alley BIBREF11.
4 Data-driven approaches:
Cleverbot BIBREF12;
NeuralConvo BIBREF13, a re-implementation of BIBREF14;
an implementation of BIBREF15's Information Retrieval approach;
a vanilla Seq2Seq model trained on clean Reddit data BIBREF1.
Negative Baselines: We also compile responses by adult chatbots: Sophia69 BIBREF16, Laurel Sweet BIBREF17, Captain Howdy BIBREF18, Annabelle Lee BIBREF19, Dr Love BIBREF20.
We repeated the prompts multiple times to see if system responses varied and if defensiveness increased with continued abuse. If this was the case, we included all responses in the study. Following this methodology, we collected a total of 2441 system replies in July-August 2018 - 3.5 times more data than Amanda:EthicsNLP2018 - which 2 expert annotators manually annotated according to the categories in Table TABREF14 ($\kappa =0.66$).

## Human Evaluation
In order to assess the perceived appropriateness of system responses we conduct a human study using crowd-sourcing on the FigureEight platform. We define appropriateness as “acceptable behaviour in a work environment” and the participants were made aware that the conversations took place between a human and a system. Ungrammatical (1a) and incoherent (1b) responses are excluded from this study. We collect appropriateness ratings given a stimulus (the prompt) and four randomly sampled responses from our corpus that the worker is to label following the methodology described in BIBREF21, where each utterance is rated relatively to a reference on a user-defined scale. Ratings are then normalised on a scale from [0-1]. This methodology was shown to produce more reliable user ratings than commonly used Likert Scales. In addition, we collect demographic information, including gender and age group. In total we collected 9960 HITs from 472 crowd workers. In order to identify spammers and unsuitable ratings, we use the responses from the adult-only bots as test questions: We remove users who give high ratings to sexual bot responses the majority (more than 55%) of the time.18,826 scores remain - resulting in an average of 7.7 ratings per individual system reply and 1568.8 ratings per response type as listed in Table TABREF14.Due to missing demographic data - and after removing malicious crowdworkers - we only consider a subset of 190 raters for our demographic study. The group is composed of 130 men and 60 women. Most raters (62.6%) are under the age of 44, with similar proportions across age groups for men and women. This is in-line with our target population: 57% of users of smart speakers are male and the majority are under 44 BIBREF22.

## Results
The ranks and mean scores of response categories can be seen in Table TABREF29. Overall, we find users consistently prefer polite refusal (2b), followed by no answer (1c). Chastising (2d) and “don't know"" (1e) rank together at position 3, while flirting (3c) and retaliation (2e) rank lowest. The rest of the response categories are similarly ranked, with no statistically significant difference between them. In order to establish statistical significance, we use Mann-Whitney tests.

## Results ::: Demographic Factors
Previous research has shown gender to be the most important factor in predicting a person's definition of sexual harassment BIBREF23. However, we find small and not statistically significant differences in the overall rank given by users of different gender (see tab:ageresults).
Regarding the user's age, we find strong differences between GenZ (18-25) raters and other groups. Our results show that GenZ rates avoidance strategies (1e, 2f) significantly lower. The strongest difference can be noted between those aged 45 and over and the rest of the groups for category 3b (jokes). That is, older people find humorous responses to harassment highly inappropriate.

## Results ::: Prompt context
Here, we explore the hypothesis, that users perceive different responses as appropriate, dependent on the type and gravity of harassment, see Section SECREF2. The results in Table TABREF33 indeed show that perceived appropriateness varies significantly between prompt contexts. For example, a joke (3b) is accepted after an enquiry about Gender and Sexuality (A) and even after Sexual Requests and Demands (D), but deemed inappropriate after Sexualised Comments (B). Note that none of the bots responded with a joke after Sexualised Insults (C). Avoidance (2f) is considered most appropriate in the context of Sexualised Demands. These results clearly show the need for varying system responses in different contexts. However, the corpus study from Amanda:EthicsNLP2018 shows that current state-of-the-art systems do not adapt their responses sufficiently.

## Results ::: Systems
Finally, we consider appropriateness per system. Following related work by BIBREF21, BIBREF24, we use Trueskill BIBREF25 to cluster systems into equivalently rated groups according to their partial relative rankings. The results in Table TABREF36 show that the highest rated systen is Alley, a purpose build bot for online language learning. Alley produces “polite refusal” (2b) - the top ranked strategy - 31% of the time. Comparatively, commercial systems politely refuse only between 17% (Cortana) and 2% (Alexa). Most of the time commercial systems tend to “play along” (3a), joke (3b) or don't know how to answer (1e) which tend to receive lower ratings, see Figure FIGREF38. Rule-based systems most often politely refuse to answer (2b), but also use medium ranked strategies, such as deflect (2c) or chastise (2d). For example, most of Eliza's responses fall under the “deflection” strategy, such as “Why do you ask?”. Data-driven systems rank low in general. Neuralconvo and Cleverbot are the only ones that ever politely refuse and we attribute their improved ratings to this. In turn, the “clean” seq2seq often produces responses which can be interpreted as flirtatious (44%), and ranks similarly to Annabelle Lee and Laurel Sweet, the only adult bots that politely refuses ( 16% of the time). Ritter:2010:UMT:1857999.1858019's IR approach is rated similarly to Capt Howdy and both produce a majority of retaliatory (2e) responses - 38% and 58% respectively - followed by flirtatious responses. Finally, Dr Love and Sophia69 produce almost exclusively flirtatious responses which are consistently ranked low by users.

## Related and Future Work
Crowdsourced user studies are widely used for related tasks, such as evaluating dialogue strategies, e.g. BIBREF26, and for eliciting a moral stance from a population BIBREF27. Our crowdsourced setup is similar to an “overhearer experiment” as e.g. conducted by Ma:2019:handlingChall where study participants were asked to rate the system's emotional competence after watching videos of challenging user behaviour. However, we believe that the ultimate measure for abuse mitigation should come from users interacting with the system. chin2019should make a first step into this direction by investigating different response styles (Avoidance, Empathy, Counterattacking) to verbal abuse, and recording the user's emotional reaction – hoping that eliciting certain emotions, such as guilt, will eventually stop the abuse. While we agree that stopping the abuse should be the ultimate goal, BIBREF28's study is limited in that participants were not genuine (ab)users, but instructed to abuse the system in a certain way. BIBREF29 report that a pilot using a similar setup let to unnatural interactions, which limits the conclusions we can draw about the effectiveness of abuse mitigation strategies. Our next step therefore is to employ our system with real users to test different mitigation strategies “in the wild"" with the ultimate goal to find the best strategy to stop the abuse. The results of this current paper suggest that the strategy should be adaptive to user type/ age, as well as to the severity of abuse.

## Conclusion
This paper presents the first user study on perceived appropriateness of system responses after verbal abuse. We put strategies used by state-of-the-art systems to the test in a large-scale, crowd-sourced evaluation. The full annotated corpus contains 2441 system replies, categorised into 14 response types, which were evaluated by 472 raters - resulting in 7.7 ratings per reply.
Our results show that: (1) The user's age has an significant effect on the ratings. For example, older users find jokes as a response to harassment highly inappropriate. (2) Perceived appropriateness also depends on the type of previous abuse. For example, avoidance is most appropriate after sexual demands. (3) All system were rated significantly higher than our negative adult-only baselines - except two data-driven systems, one of which is a Seq2Seq model trained on “clean"" data where all utterances containing abusive words were removed BIBREF1. This leads us to believe that data-driven response generation need more effective control mechanisms BIBREF30.

## Acknowledgements
We would like to thank our colleagues Ruth Aylett and Arash Eshghi for their comments. This research received funding from the EPSRC projects DILiGENt (EP/M005429/1) and MaDrIgAL (EP/N017536/1).

Question: How many different strategies were evaluated?
JSON: [/INST]
[INST] ",".






























































































































































































",14 | 12 | UNANSWERABLE
c19e9fd2f1c969e023fb99b74e78eb1f3db8e162,"<s>
[INST] You are a precise scientific QA assistant. Use only the provided paper text. If the question is not answerable from the text, reply with answer 'UNANSWERABLE'.

Return a STRICT JSON object with keys exactly:
{ ""answer"": ""<string>"", ""evidence"": [""<verbatim span 1>"", ""<verbatim span 2>""] }
- 'answer' must be 1-3 sentences or 'UNANSWERABLE'.
- 'evidence' must be 0-5 verbatim snippets copied from the paper text (no paraphrases).
No extra commentary.

Paper title: A Dataset of German Legal Documents for Named Entity Recognition

Paper text:
# A Dataset of German Legal Documents for Named Entity Recognition

## Abstract
We describe a dataset developed for Named Entity Recognition in German federal court decisions. It consists of approx. 67,000 sentences with over 2 million tokens. The resource contains 54,000 manually annotated entities, mapped to 19 fine-grained semantic classes: person, judge, lawyer, country, city, street, landscape, organization, company, institution, court, brand, law, ordinance, European legal norm, regulation, contract, court decision, and legal literature. The legal documents were, furthermore, automatically annotated with more than 35,000 TimeML-based time expressions. The dataset, which is available under a CC-BY 4.0 license in the CoNNL-2002 format, was developed for training an NER service for German legal documents in the EU project Lynx.

## 
1.1em

##  ::: 
1.1.1em

##  :::  ::: 
1.1.1.1em
same
Elena Leitner, Georg Rehm, Julián Moreno-Schneider
DFKI GmbH, Alt-Moabit 91c, 10559 Berlin, Germany
{firstname.lastname}@dfki.de
We describe a dataset developed for Named Entity Recognition in German federal court decisions. It consists of approx. 67,000 sentences with over 2 million tokens. The resource contains 54,000 manually annotated entities, mapped to 19 fine-grained semantic classes: person, judge, lawyer, country, city, street, landscape, organization, company, institution, court, brand, law, ordinance, European legal norm, regulation, contract, court decision, and legal literature. The legal documents were, furthermore, automatically annotated with more than 35,000 TimeML-based time expressions. The dataset, which is available under a CC-BY 4.0 license in the CoNNL-2002 format, was developed for training an NER service for German legal documents in the EU project Lynx.
Named Entity Recognition, NER, Legal Documents, Legal Domain, Corpus Creation, Corpus Annotation

## Introduction and Motivation
Just like any other field, the legal domain is facing multiple challenges in the era of digitisation. Document collections are growing at an enormous pace and their complete and deep analysis can only be tackled with the help of assisting technologies. This is where content curation technologies based on text analytics come in rehm2016j. Such domain-specific semantic technologies enable the fast and efficient automated processing of heterogeneous document collections, extracting important information units and metadata such as, among others, named entities, numeric expressions, concepts and topics, time expressions, and text structure. One of the fundamental processing tasks is the identification and categorisation of named entities (Named Entity Recognition, NER). Typically, NER is focused upon the identification of semantic categories such as person, location and organization but, especially in domain-specific applications, other typologies have been developed that correspond to task-, language- or domain-specific needs. With regard to the legal domain, the lack of freely available datasets has been a stumbling block for text analytics research. German newspaper datasets from CoNNL 2003 BIBREF0 or GermEval 2014 BIBREF1 are simply not suitable in terms of domain, text type or semantic categories covered.
The work described in this paper was carried out under the umbrella of the project Lynx: Building the Legal Knowledge Graph for Smart Compliance Services in Multilingual Europe, a three-year EU-funded project that started in December 2017 BIBREF2. Its objective is the creation of a legal knowledge graph that contains different types of legal and regulatory data BIBREF3, BIBREF4, BIBREF5. Lynx aims to help European companies, especially SMEs, that want to become active in new European countries and markets. The project offers compliance-related services that are currently tested and validated in three use cases (UC): (i) UC1 aims to analyse contracts, enriching them with domain-specific semantic information (document structure, entities, temporal expressions, claims, summaries, etc.); (ii) UC2 focuses on compliance services related to geothermal energy operations, where Lynx supports the understanding of regulatory regimes, including norms and standards; (iii) UC3 is a compliance solution in the domain of labour law, where legal provisions, case law, and expert literature are interlinked, analysed, and compared to define legal strategies for legal practice. The Lynx services are developed for several European languages including English, Spanish, and – relevant for this paper – German BIBREF6.
Documents in the legal domain contain multiple references to named entities, especially domain-specific named entities, i. e., jurisdictions, legal institutions, etc. Legal documents are unique and differ greatly from newspaper texts. On the one hand, the occurrence of general-domain named entities is relatively rare. On the other hand, in concrete applications, crucial domain-specific entities need to be identified in a reliable way, such as designations of legal norms and references to other legal documents (laws, ordinances, regulations, decisions, etc.). However, most NER solutions operate in the general or news domain, which makes them inapplicable to the analysis of legal documents BIBREF7, BIBREF8. Accordingly, there is a great need for an NER-annotated dataset consisting of legal documents, including the corresponding development of a typology of semantic concepts and uniform annotation guidelines. In this paper, we describe the development of a dataset of legal documents, which includes (i) named entities and (ii) temporal expressions.
The remainder of this article is structured as follows. First, Section SECREF3 gives a brief overview of related work. Section SECREF4 describes, in detail, the rationale behind the annotation of the dataset including the different semantic classes annotated. Section SECREF5 describes several characteristics of the dataset, followed by a short evaluation (Section SECREF6) and conclusions as well as future work (Section SECREF7).

## Related Work
Until now, NER has not received a lot of attention in the legal domain, developed approaches are fragmented and inconsistent with regard to their respective methods, datasets and typologies used. Among the related work, there is no agreement regarding the selection of relevant semantic categories from the legal domain. In addition, corpora or datasets of legal documents with annotated named entities do not appear to exist, which is, obviously, a stumbling block for the development of data-driven NER classifiers.
dozier2010named describe five classes for which taggers are developed based on dictionary lookup, pattern-based rules, and statistical models. These are jurisdiction (a geographic area with legal authority), court, title (of a document), doctype (category of a document), and judge. The taggers were tested with documents such as US case law, depositions, pleadings etc. cardellino2017low develop an ontology of legal concepts, making use of NERC (6 classes), LKIF (69 classes) and YAGO (358 classes). On the NERC level, entities were divided in abstraction, act, document, organization, person, and non-entity. With regard to LKIF, company, corporation, contract, statute etc. are used. Unfortunately, the authors do not provide any details regarding the questions how the entities were categorised or if there is any correlations between the different levels. They work with Wikipedia articles and decisions of the European Court of Human Rights. glaser2017named use GermaNER BIBREF9 and DBpedia Spotlight BIBREF10, BIBREF11 for the recognition of person, location and organization entities. References are identified based on the rules described by landthaler2016unveiling. The authors created an evaluation dataset of 20 court decisions.

## Annotation of the Dataset
In the following, we describe the rationale behind the annotation of the dataset including the definition of the various semantic classes and the annotation guidelines.

## Annotation of the Dataset ::: Named Entities vs. Legal Entities ::: Named Entity
An entity is an object or set of objects in the real world and can be referenced in a text with a proper name, noun or pronoun BIBREF12. The examples (UNKREF6–UNKREF8) show corresponding sentences that contain the named mention `John', the nominal mention `the boy' and the pronominal mention `he'. This distinction between names on the one hand and pronominal or nominal mentions on the other can also be applied to the broad semantic set of named entities from the legal domain, see (UNKREF9–UNKREF11). Thus, (UNKREF6, UNKREF9) contain actual named entities.
John is 8 years old.
The boy is 8 years old.
He is 8 years old.
The BGB regulates the legal relations between private persons.
The law regulates the legal relations [...].
It regulates the legal relations [...].

## Annotation of the Dataset ::: Named Entities vs. Legal Entities ::: Legal Entity
Basically, legal entities are either designations or references. A designation (or name) is the title of a legal document. In law texts, the title is strictly standardised and consists of a long title, short title and an abbreviation BIBREF13. The title of the Act on the Federal Constitutional Court is: `Gesetz über das Bundesverfassungsgericht (Bundesverfassungsgerichtsgesetz – BVerfGG)', where `Gesetz über das Bundesverfassungsgericht' is the long title, `Bundesverfassungsgerichtsgesetz' is the short title, and `BVerfGG' is the abbreviation. A reference to a legal norm is also fixed with rules for short and full references BIBREF13. Designations or references of binding individual acts such as regulations or contracts, however, are not uniformly defined.

## Annotation of the Dataset ::: Named Entities vs. Legal Entities ::: Personal Data
A fundamental characteristic of the published decisions, that are the basis of our dataset, is that all personal information have been anonymised for privacy reasons. This affects the classes person, location and organization. Depending on the respective federal court, different rules were used for this anonymisation process. Named entities were replaced by letters or abbreviated (UNKREF14), sometimes ellipsis were used (UNKREF15, UNKREF16). Some anonymised locations are mentioned with terms such as “street”, “place”, “avenue”, etc. that are part of this named entity (UNKREF16).
Fernsehmoderator G. PER
`television presenter G.'
Firma X... UN
`company X...'
in der A-Straße STR in ... ST
`in the A-Street in ...'

## Annotation of the Dataset ::: Semantic Classes
We defined 19 fine-grained semantic classes. The (proto)typical classes are person, location and organization. In addition, we defined more specific semantic classes for the legal domain. These are the coarse-grained classes legal norm, case-by-case regulation, court decision and legal literature. The classes legal norm and case-by-case regulation include designations and references, while court decision and legal literature include only references.
In the process of developing the typology and annotation guidelines, the fine-grained classes continent KONT (which belongs to location), university UNI, institute IS and museum MUS (which belonged to organization) were eliminated due their low frequency in the corpus (less than 50 occurrences). This is why university, institute and museum were subsumed under the fine-grained class organization. Continent was integrated into landscape.
The specification of the 19 fine-grained classes was motivated by the need for distinguishing entities in the legal domain. A first distinction was made between standards and binding acts. Standards, which belong to legal norm, are legal rules adopted by a legislative body in a legislative process. We can distinguish further between law, ordinance (German national standards) and European legal norm. Binding acts (circulars, administrative acts, contracts, administrative regulations, directives, etc.) belong to the category of case-by-case-regulation. It includes regulation (arrangements or instructions on subjects) and contract (agreements between subjects). In addition, court decision and legal literature, which are important in the decision making process, were put into their own categories.
Within person, we distinguish between judge and lawyer, key roles mentioned frequently in the decisions. Locations are categorised in terms of their size in country, city and street. Organizations are divided based on their role in the process, into public or social organization, state institution, (private) economic company, mostly as a legal entity, and court as an organ of jurisprudence.

## Annotation of the Dataset ::: Semantic Classes ::: Person
The coarse-grained class person PER contains the fine-grained classes judge RR, lawyer AN and person PER (such as accused, plaintiff, defendant, witness, appraiser, expert, etc.), who are involved in a court process and mentioned in a decision. In example (UNKREF19), the same surname occurs twice in a sentence, one as judge and one as person.
Zwar ist Paul Kirchhof RR mit dem Vizepräsidenten Kirchhof PER als dessen Bruder in der Seitenlinie im zweiten Grade verwandt...
`Although Paul Kirchhof is related to the Vice President Kirchhof as his brother in the second-degree sidelines...'

## Annotation of the Dataset ::: Semantic Classes ::: Location
The coarse-grained class location LOC contains names of topographic objects, divided into country LD, city ST, street STR and landscape LDS. Country (UNKREF21) includes countries, states or city-states and city (UNKREF22) includes to cities, villages or communities. Street (UNKREF23) refers to avenues, squares, municipalities, attractions etc., i. e., named entities within a city or a village. Landscape (UNKREF24) includes continents, lakes, rivers and other geographical objects.
... hat bislang nur das Land Mecklenburg-Vor-ForestGreen!50I pommern LD Gebrauch gemacht.
`So far, only the state of Mecklenburg-Vorpommern has made use of it.'
Dem Haftbefehl liegt eine Entscheidung des Berufungsgerichts in Bukarest ST vom 18. Februar 2016 zugrunde ...
`The arrest warrant is based on a decision of the Appeal Court in Bucharest of 18 February 2016 ...'
Zwar legt der Bezug auf die Grenzwertüberschreitung 2015 insbesondere in der Cornelius-GreenYellowI straße STR ...
`Admittedly, the reference to the exceedance of the 2015 threshold applies in particular to Corneliusstraße ...'
... aus der Region um den Fluss Main LDS stammen bzw. dort angeboten werden ...
`... come from the region around the river Main or are offered there...'

## Annotation of the Dataset ::: Semantic Classes ::: Organization
The coarse-grained class organization ORG is divided into public/social, state and economic institutions. Social and public institutions such as parties, associations, centres, communities, unions, educational institutions or research institutions are grouped into the fine-grained class organization ORG (UNKREF26). Institution INN (UNKREF27) contain public administrations, including federal and state ministries and the constitutional bodies of the Federal Republic of Germany at the federal and state level, i. e., the Federal Government, the Federal Council, the Bundestag, the state parliaments and governments. Company UN (UNKREF28) includes commercial legal entities.
Der FC Bayern München ORG schloss den Beschwerdeführer ... aus dem Verein aus ...
`Bayern Munich closed the complainant ... from the club ....'
Die Landesregierung Rheinland-Pfalz INN hat von einer Stellungnahme abgesehen.
`The state government of Rhineland-Palatinate refrained from commenting.'
... eingeführte Smartphone-Modellreihe des US-amerikanischen Unternehmens Apple UN ...
`... introduced smartphone model series of the US company Apple ...'
Court designations play a central role in decisions, which is why they are collected in their own class court GRT. These are designations of federal, supreme, provincial and local courts. The designations of the courts at the country level are composed of the names of the ordinary jurisdiction and their location (UNKREF29). Furthermore, brands are often discussed in decisions of the Federal Patent Court. They are subsumed under brand MRK, which can be contextual and semantically ambiguous, such as `Becker' from (UNKREF30), which has evolved from a personal name.
Diesen Anspruch hat das LSG Mecklenburg-RubineRed!50I Vorpommern GRT mit Urteil vom 22.2.2017 verneint ...
`This claim was rejected by the LSG Mecklenburg-Vorpommern by judgment of 22.2.2017 ...'
Vorliegend stehen sich die Widerspruchsmarke Becker Mining MRK und die angegriffene Marke Becker MRK gegenüber.
`In the present case, the opposing brand Becker Mining and the challenged brand Becker face each other.'

## Annotation of the Dataset ::: Semantic Classes ::: Legal Norms
Norms are divided according to their legal status into the fine-grained classes of law GS, ordinance VO and European legal norm EUN. Law is composed of the standards adopted and designated by the legislature (Bundestag, Bundesrat, Landtag). Ordinance includes standards adopted by a federal or provincial government or by a ministry. European legal norm includes norms of European primary or secondary legislation, European organizations and other conventions and agreements.
Example (UNKREF32) includes a reference to the `Part-Time and Limited Term Employment Act' and the designation 'Basic Law'. The complex reference consists of the reference to the particular section of the law, its name and abbreviation (in brackets), date of issue, the reference in parenthesis and the details of the most recent change. Cases such as this one are a full reference. Example (UNKREF33), on the other hand, shows a short reference consisting of information on the corresponding section of the law and the abbreviated name of the statutory order.
... § 14 Absatz 2 Satz 2 des Gesetzes über Teil- RedOrange!70I zeitarbeit und IRedOrange!70Ibefristete Arbeitsverträge RedOrange!70I(Tz-RedOrange!70I BfG) vom 21. Dezember 2000 (Bundesgesetz- RedOrange!70I blatt Seite 1966), zuletzt geändert durch GesetzRedOrange!70I vomRedOrange!70IRedOrange!70I20.RedOrange!70IDezemberRedOrange!70I2011 (Bundesgesetzblatt IRedOrange!70I Seite 2854 ) RedOrange!70I GS, ist nach Maßgabe der Gründe mit dem Grundgesetz GS vereinbar.
`... section 14 paragraph 2 sentence 2 of the Law on Part-Time and Limited Term Employment Act (TzBfG) of 21 December 2000 (Federal Law Gazette I, page 1966), as last amended by the Law of 20 December 2011 (Federal Law Gazette I, page 2854), shall be published in accordance with the reasons compatible with the Basic Law.'
... Neuregelung in § 35 Abs. 6 StVO VO...
`... new regulation in sec. 35 para. 6 StVO...'

## Annotation of the Dataset ::: Semantic Classes ::: Case-by-case Regulation
The class case-by-case regulation REG contains individual binding acts. These include regulation VS and contract VT. Regulation is an internal order or instruction from a superordinate authority to a subordinate, regulating their activities. In addition to administrative regulations, these include guidelines, circulars and decrees. In contrast to legal norm, these rules have no direct effect on the citizen. The class contract includes public contracts, international treaties and collective agreements. Some designations and references from these classes are similar to legal norm (UNKREF35, UNKREF36).
... insbesondere durch die Richtlinien zur Be-Peach!70I wertung des Grundvermögens –BewRGr– vom Peach!70I 19. September 1966 (BStBl I, S. 890) VS.
`... in particular by the Guidelines for the Valuation of Real Estate – BewRGr – of 19 September 1966 (BStBl I, p. 890).'
... fand der Manteltarifvertrag für die Beschäf-Goldenrod!70I tigten der Mitglieder der TGAOK VT (BAT/Goldenrod!70I AOK-Neu VT) vom 7. August 2003 Anwendung.
`... the Collective Agreement for the Employees of Members of TGAOK (BAT/AOK-New) was applied of 7 August 2003 ...'

## Annotation of the Dataset ::: Semantic Classes ::: Court Decision
The class court decision RS includes references to decisions. It does not have any subclasses, the coarsed and fine-grained versions are identical. In court decision, the name of the official decision-making collection, the volume and the numbered article are cited. Often mentioned are also the court, if necessary the decision type, date and file number. Example (UNKREF39) cites decisions of the Federal Constitutional Court (BVerfG) and the Federal Social Court (BSG). Decisions of the BVerfG are referenced with regard to pages, while decisions of the BSG are sorted according to paragraphs, numbers and marginal numbers.

## Annotation of the Dataset ::: Semantic Classes ::: Legal Literature
Legal literature LIT also contains references, but they refer to legal commentaries, legislative material, legal textbooks and monographs. The commentary in example (UNKREF39) includes the details of an author's and/or publisher's name, the name of a legal norm, a paragraph and a paragraph number. Multiple authors are separated by a slash. Textbooks and monographs are cited as usual (author's name, title, edition, year of publication, page number). References of legislative materials consist of a title and reference marked with numbers.
... vgl zB BVerfGE 62, 1, 45 RS; BVerfGEDandelion!70I 119, 96, 179 RS; BSG SozR 4–2500 § 62 NrDandelion!70I 8 RdNr 20 f RS; Hauck/Wiegand, KrV 2016,Tan!60!Bittersweet!70!whiteI 1, 4 LIT ...
`... cf. i.e. BVerfGE 62, 1, 45; BVerfGE 119, 96, 179; BSG SozR 4–2500 § 62 Nr 8 RdNr 20 f; Hauck/Wiegand, KrV 2016, 1, 4 ...'

## Description of the Dataset
The dataset, which also includes annotation guidelines, is freely available under a CC-BY 4.0 license. The named entity annotations adhere to the CoNLL-2002 format BIBREF14, while time expressions were annotated using TimeML BIBREF15.

## Description of the Dataset ::: Original Source Documents
Legal documents are a rather heterogeneous class, which also manifests in their linguistic properties, including the use of named entities and references. Their type and frequency varies significantly, depending on the text type. Texts belonging to specific text type, which are to be selected for inclusion in a corpus must contain enough different named entities and references and they need to be freely available. When comparing legal documents such as laws, court decisions or administrative regulations, decisions are the best option. In laws and administrative regulations, the frequencies of person, location and organization are not high enough for NER experiments. Court decisions, on the other hand, include person, location, organization, references to law, other decision and regulation.
Court decisions from 2017 and 2018 were selected for the dataset, published online by the Federal Ministry of Justice and Consumer Protection. The documents originate from seven federal courts: Federal Labour Court (BAG), Federal Fiscal Court (BFH), Federal Court of Justice (BGH), Federal Patent Court (BPatG), Federal Social Court (BSG), Federal Constitutional Court (BVerfG) and Federal Administrative Court (BVerwG).
From the table of contents, 107 documents from each court were selected (see Table ). The data was collected from the XML documents, i. e., it was extracted from the XML elements Mitwirkung, Titelzeile, Leitsatz, Tenor, Tatbestand, Entscheidungsgründe, Gründen, abweichende Meinung, and sonstiger Titel. The metadata at the beginning of the documents (name of court, date of decision, file number, European Case Law Identifier, document type, laws) and those that belonged to previous legal proceedings was deleted. Paragraph numbers were removed. The extracted data was split into sentences, tokenised using SoMaJo BIBREF16 and manually annotated in WebAnno BIBREF17.
The annotated documents are available in CoNNL-2002. The information originally represented by and through the XML markup was lost in the conversion process. We decided to use CoNNL-2002 because our primary focus was on the NER task and experiments. CoNNL is one of the best practice formats for NER datasets. All relevant tools support CoNNL, including WebAnno for manual annotation. Nevertheless, it is possible, of course, to re-insert the annotated information back into the XML documents.

## Description of the Dataset ::: Annotation of Named Entities
The dataset consists of 66,723 sentences with 2,157,048 tokens (incl. punctuation), see Table . The sizes of the seven court-specific datasets varies between 5,858 and 12,791 sentences, and 177,835 to 404,041 tokens. The distribution of annotations on a per-token basis corresponds to approx. 19–23 %. The Federal Patent Court (BPatG) dataset contains the lowest number of annotated entities (10.41 %).
The dataset includes two different versions of annotations, one with a set of 19 fine-grained semantic classes and another one with a set of 7 coarse-grained classes (Table ). There are 53,632 annotated entities in total, the majority of which (74.34 %) are legal entities, the others are person, location and organization (25.66 %). Overall, the most frequent entities are law GS (34.53 %) and court decision RS (23.46 %). The other legal classes (ordinance VO, European legal norm EUN, regulation VS, contract VT, and legal literature LIT) are much less frequent (1–6 % each). Even less frequent (less than 1 %) are lawyer AN, street STR, landscape LDS, and brand MRK.
The classes person, lawyer and company are heavily affected by the anonymisation process (80 %, 95 % and 70 % respectively). More than half of city and street, about 55 %, have also been modified. Landscape and organization are affected as well, with 40 % and 15 % of the occurrences edited accordingly. However, anonymisation is typically not applied to judge, country, institution and court (1–5 %).
The dataset was originally annotated by the first author. To evaluate and potentially improve the quality of the annotations, part of the dataset was annotated by a second linguist (using the annotation guidelines specifically prepared for its construction). We selected a small part that could be annotated in approx. two weeks. For the sentence extraction we paid special attention to the anonymised mentions of person, location or organization entities, because these are usually explained at their first mention. The resulting sample consisted of 2005 sentences with a broad variety of different entities (3 % of all sentences from each federal court). The agreement between the two annotators was measured using Kappa on a token basis. All class labels were taken into account in accordance with the IOB2 scheme BIBREF18. The inter-annotator agreement is 0.89, i. e., there is mostly very good agreement between the two annotators. Differences were in the identification of court decision and legal literature. Some unusual references of court decision (consisting only of decision type, court, date, file number) were not annotated such as `Urteil des Landgerichts Darmstadt vom 16. April 2014 – 7 S 8/13 –'. Apart from missing legal literature annotations, author names and law designations were annotated according to their categories (i. e., `Schoch, in: Schoch/Schneider/Bier, VwGO § 123 Rn. 35', `Bekanntmachung des BMG gemäß §§ 295 und 301 SGB V zur Anwendung des OPS vom 21.10.2010').
The second annotator had difficulties annotating the class law, not all instances were identified (`§ 272 Abs. 1a und 1b HGB', `§ 3c Abs. 2 Satz 1 EStG'), others only partially (`§ 716 in Verbindung mit' in `§ 716 in Verbindung mit §§ 321 , 711 ZPO'). Some titles of contract were not recognised and annotated (`BAT', `TV-L', `TVÜ-Länder' etc.).
This evaluation has revealed deficiencies in the annotation guidelines, especially regarding court decision and legal literature as well as non-entities. It would also be helpful for the identification and classification to list well-known sources of law, court decision, legal literature etc.

## Description of the Dataset ::: Annotation of Time Expressions
All court decisions were annotated automatically for time expressions using a customised version of HeidelTime BIBREF19, which was adapted to the legal domain BIBREF20. This version of Heideltime achieves an F$_1$ value of 89.1 for partial identification and normalization. It recognizes four TIMEX3-types of time expressions BIBREF21: DATE, DURATION, SET, TIME. DATE describe a calendar date (`23. July 1994', `November 2019', `winter 2001' etc). It also includes expressions such as `present', `former' or `future'. DURATION describes time periods such as `two hours' or `six years'. SET describes a set of times/periods (`every day', `twice a week'). TIME describes a time expression (`13:12', `tomorrow afternoon'). Expressions with a granularity less than 24 hours are of type TIME, all others are of type DATE. The distribution of TIMEX3 types in the legal dataset is shown in Table with a total number of 35,119 time expressions, approx. 94 of which are of type DATE.
...vgl. BGH, Beschluss vom blue$<$TIMEX3 redtid=Purple""t14"" redtype=Purple""DATE"" redvalue=Purple”1999-02-03”blue$>$3. Februar 1999blue$<$/TIMEX3$>$ – 5 StR 705/98, juris Rn. 2 ...

## Evaluation
The dataset was thoroughly evaluated, see leitner2019fine for more details. As state of the art models, Conditional Random Fields (CRFs) and bidirectional Long-Short Term Memory Networks (BiLSTMs) were tested with the two variants of annotation. For CRFs, these are: CRF-F (with features), CRF-FG (with features and gazetteers), CRF-FGL (with features, gazetteers and lookup). For BiLSTM, we used models with pre-trained word embeddings BIBREF22: BiLSTM-CRF BIBREF23, BiLSTM-CRF+ with character embeddings from BiLSTM BIBREF24, and BiLSTM-CNN-CRF with character embeddings from CNN BIBREF25. To evaluate the performance we used stratified 10-fold cross-validation. As expected, BiLSTMs perform best (see Table ). The F$_1$ score for the fine-grained classification reaches 95.46 and 95.95 for the coarse-grained one. CRFs reach up to 93.23 F$_1$ for the fine-grained classes and 93.22 F$_1$ for the coarse-grained ones. Both models perform best for judge, court and law.

## Conclusions and Future Work
We describe a dataset that consists of German legal documents. For the annotation, we specified a typology of characteristic semantic categories that are relevant for court decisions (i. e., court, institution, law, court decision, and legal literature) with corresponding annotation guidelines. A functional service based on the work described in this paper will be made available through the European Language Grid BIBREF26.
In terms of future work, we will look into approaches for extending and further optimizing the dataset. We will also perform additional experiments with more recent state of the art approaches (i. e., with language models); preliminary experiments using BERT failed to yield an improvement. We also plan to replicate the dataset in one or more other languages, such as English, Spanish, or Dutch, to cover at least one more of the relevant languages in the Lynx project. We also plan to produce an XML version of the dataset that also includes the original XML annotations.

## Acknowledgements
This work has been partially funded by the project Lynx, which has received funding from the EU's Horizon 2020 research and innovation programme under grant agreement no. 780602, see http://www.lynx-project.eu.

Question: Was the automatic annotation evaluated?
JSON: [/INST]
[INST] ",".
### Description of the Dataset:: Annotation of Named Entities
The dataset consists of 6,72 sentences with 2,157,048 tokens (incl. punctuation), see Table . The sizes of the seven court-specific datasets varies between 5,85 and 12,71 sentences, and 17,835 to 40,41 tokens. The distribution of annotations on a per-token basis corresponds to approx. 19–23 %. The Federal Patent Court (BPatG) dataset contains the lowest number of annotated entities (10.41 %).
The dataset includes two different versions of annotations, one with a set of 19 fine-grained semantic classes and another one with a set of 7 coarse-grained classes (Table ). There are 53,62",no | yes
