tokens_per_second,latency_per_token,tokens_generated,total_time_seconds,peak_vram_mb,kv_cache_size,kv_cache_method,compression_ratio,perplexity,rouge1,rouge2,rougeL,f1,exact_match,sample_id,baseline,model,dataset,max_new_tokens,topk_k,topk_recent,topk_method
7.8536661470329046,0.12732906916062348,128,16.298120852559805,2274.64697265625,192,topk_k128_recent64_attention,10.0,3.385664224624634,0.0,0.0,0.0,0.0,0.0,govreport_0,topk_thinning,TinyLlama/TinyLlama-1.1B-Chat-v1.0,govreport,128,128,64,attention
7.955695605235908,0.12569611126673408,128,16.089102242141962,2274.64697265625,192,topk_k128_recent64_attention,10.0,152.94923400878906,0.06272617611580218,0.0,0.06272617611580218,0.0,0.0,govreport_1,topk_thinning,TinyLlama/TinyLlama-1.1B-Chat-v1.0,govreport,128,128,64,attention
7.931619103687654,0.12607766294968314,128,16.137940857559443,2274.64697265625,192,topk_k128_recent64_attention,10.0,44.45866775512695,0.0,0.0,0.0,0.0,0.0,govreport_2,topk_thinning,TinyLlama/TinyLlama-1.1B-Chat-v1.0,govreport,128,128,64,attention
7.821111737379439,0.12785906065255404,128,16.365959763526917,2274.64697265625,192,topk_k128_recent64_attention,10.0,3.385664224624634,0.0,0.0,0.0,0.0,0.0,govreport_0,topk_thinning,TinyLlama/TinyLlama-1.1B-Chat-v1.0,govreport,128,128,64,attention
7.951564167476357,0.1257614198839292,128,16.097461745142937,2274.64697265625,192,topk_k128_recent64_attention,10.0,152.94923400878906,0.06272617611580218,0.0,0.06272617611580218,0.0,0.0,govreport_1,topk_thinning,TinyLlama/TinyLlama-1.1B-Chat-v1.0,govreport,128,128,64,attention
7.923967349250552,0.12619940945296548,128,16.153524409979582,2274.64697265625,192,topk_k128_recent64_attention,10.0,44.45866775512695,0.0,0.0,0.0,0.0,0.0,govreport_2,topk_thinning,TinyLlama/TinyLlama-1.1B-Chat-v1.0,govreport,128,128,64,attention
7.908757212530188,0.12644211639417335,128,16.18459089845419,2274.64697265625,192,topk_k128_recent64_attention,10.0,1.4103742837905884,0.0,0.0,0.0,0.0,0.0,govreport_3,topk_thinning,TinyLlama/TinyLlama-1.1B-Chat-v1.0,govreport,128,128,64,attention
7.901265089303812,0.12656201110803522,128,16.19993742182851,2274.64697265625,192,topk_k128_recent64_attention,10.0,152.94923400878906,0.07641633728590248,0.0,0.07641633728590248,0.0,0.0,govreport_4,topk_thinning,TinyLlama/TinyLlama-1.1B-Chat-v1.0,govreport,128,128,64,attention
7.892635757504782,0.12670038637588732,128,16.217649456113577,2274.64697265625,192,topk_k128_recent64_attention,10.0,1.5738718509674072,0.0,0.0,0,0.0,0.0,govreport_5,topk_thinning,TinyLlama/TinyLlama-1.1B-Chat-v1.0,govreport,128,128,64,attention
7.891404506566744,0.1267201547161676,128,16.220179803669453,2274.64697265625,192,topk_k128_recent64_attention,10.0,1.381546139717102,0.002312138728323699,0.0,0.002312138728323699,0.0025094102885821834,0.0,govreport_6,topk_thinning,TinyLlama/TinyLlama-1.1B-Chat-v1.0,govreport,128,128,64,attention
7.888014266788135,0.12677461857674643,128,16.227151177823544,2274.64697265625,192,topk_k128_recent64_attention,10.0,69.58287048339844,0.05448154657293497,0.0,0.052724077328646736,0.003773584905660377,0.0,govreport_7,topk_thinning,TinyLlama/TinyLlama-1.1B-Chat-v1.0,govreport,128,128,64,attention
7.886923347546828,0.12679215404205024,128,16.22939571738243,2274.64697265625,192,topk_k128_recent64_attention,10.0,1.5505820512771606,0.006482982171799027,0.0,0.006482982171799027,0.006956521739130434,0.0,govreport_8,topk_thinning,TinyLlama/TinyLlama-1.1B-Chat-v1.0,govreport,128,128,64,attention
7.885489508393135,0.1268152089905925,128,16.23234675079584,2274.64697265625,192,topk_k128_recent64_attention,10.0,1.5757068395614624,0.018126888217522657,0.0,0.018126888217522657,0.0,0.0,govreport_9,topk_thinning,TinyLlama/TinyLlama-1.1B-Chat-v1.0,govreport,128,128,64,attention
7.894387791057476,0.12667226724443026,128,16.214050207287073,2274.64697265625,192,topk_k128_recent64_attention,10.0,1.6116331815719604,0.0,0.0,0.0,0.0,0.0,govreport_10,topk_thinning,TinyLlama/TinyLlama-1.1B-Chat-v1.0,govreport,128,128,64,attention
7.889507910097623,0.12675061757909134,128,16.22407905012369,2274.64697265625,192,topk_k128_recent64_attention,10.0,25.998289108276367,0.0,0.0,0,0.0,0.0,govreport_11,topk_thinning,TinyLlama/TinyLlama-1.1B-Chat-v1.0,govreport,128,128,64,attention
7.889375631227041,0.12675274276989512,128,16.224351074546576,2274.64697265625,192,topk_k128_recent64_attention,10.0,1.684108018875122,0.0,0.0,0,0.0,0.0,govreport_12,topk_thinning,TinyLlama/TinyLlama-1.1B-Chat-v1.0,govreport,128,128,64,attention
7.889760866546768,0.12674655378214084,128,16.223558884114027,2274.64697265625,192,topk_k128_recent64_attention,10.0,1.684108018875122,0.0,0.0,0,0.0,0.0,govreport_13,topk_thinning,TinyLlama/TinyLlama-1.1B-Chat-v1.0,govreport,128,128,64,attention
7.890100666149715,0.12674109524232335,128,16.22286019101739,2274.64697265625,192,topk_k128_recent64_attention,10.0,44.65861511230469,0.05780346820809249,0.0,0.05491329479768786,0.00916030534351145,0.0,govreport_14,topk_thinning,TinyLlama/TinyLlama-1.1B-Chat-v1.0,govreport,128,128,64,attention
7.8899854016063875,0.12674294679891318,128,16.223097190260887,2274.64697265625,192,topk_k128_recent64_attention,10.0,47.18430709838867,0.0,0.0,0.0,0.0,0.0,govreport_15,topk_thinning,TinyLlama/TinyLlama-1.1B-Chat-v1.0,govreport,128,128,64,attention
7.888334496452546,0.12676947211730294,128,16.226492431014776,2274.64697265625,192,topk_k128_recent64_attention,10.0,1.2018213272094727,0.0,0.0,0.0,0.0,0.0,govreport_16,topk_thinning,TinyLlama/TinyLlama-1.1B-Chat-v1.0,govreport,128,128,64,attention
7.887046645979251,0.12679017189657316,128,16.229142002761364,2274.64697265625,192,topk_k128_recent64_attention,10.0,1.5171592235565186,0.0,0.0,0.0,0.0,0.0,govreport_17,topk_thinning,TinyLlama/TinyLlama-1.1B-Chat-v1.0,govreport,128,128,64,attention
7.887393182540393,0.12678460130700842,128,16.228428967297077,2274.64697265625,192,topk_k128_recent64_attention,10.0,33.77891159057617,0.0,0.0,0.0,0.0,0.0,govreport_18,topk_thinning,TinyLlama/TinyLlama-1.1B-Chat-v1.0,govreport,128,128,64,attention
7.888180694015471,0.12677194384741597,128,16.226808812469244,2274.64697265625,192,topk_k128_recent64_attention,10.0,1.5778990983963013,0.034383954154727794,0.0028735632183908046,0.034383954154727794,0.0076335877862595426,0.0,govreport_19,topk_thinning,TinyLlama/TinyLlama-1.1B-Chat-v1.0,govreport,128,128,64,attention
7.8884876221101266,0.126767011359334,128,16.22617745399475,2274.64697265625,192,topk_k128_recent64_attention,10.0,1.3694459199905396,0.0,0.0,0.0,0.0,0.0,govreport_20,topk_thinning,TinyLlama/TinyLlama-1.1B-Chat-v1.0,govreport,128,128,64,attention
7.886456191426761,0.12679966460564174,128,16.230357069522142,2274.64697265625,192,topk_k128_recent64_attention,10.0,1.688781499862671,0.004860267314702309,0.0,0.004860267314702309,0.005215123859191656,0.0,govreport_21,topk_thinning,TinyLlama/TinyLlama-1.1B-Chat-v1.0,govreport,128,128,64,attention
7.885733112891356,0.12681129144039005,128,16.231845304369926,2274.64697265625,192,topk_k128_recent64_attention,10.0,2.387763738632202,0.0,0.0,0.0,0.0,0.0,govreport_22,topk_thinning,TinyLlama/TinyLlama-1.1B-Chat-v1.0,govreport,128,128,64,attention
7.886235010288197,0.12680322088999674,128,16.230812273919582,2274.64697265625,192,topk_k128_recent64_attention,10.0,1.684108018875122,0.0,0.0,0,0.0,0.0,govreport_23,topk_thinning,TinyLlama/TinyLlama-1.1B-Chat-v1.0,govreport,128,128,64,attention
7.885152514348101,0.12682062879321165,128,16.23304048553109,2274.64697265625,192,topk_k128_recent64_attention,10.0,1.3285046815872192,0.0,0.0,0.0,0.0,0.0,govreport_24,topk_thinning,TinyLlama/TinyLlama-1.1B-Chat-v1.0,govreport,128,128,64,attention
7.882682293194794,0.12686037097591907,128,16.23812748491764,2274.64697265625,192,topk_k128_recent64_attention,10.0,4.846017837524414,0.0,0.0,0.0,0.0,0.0,govreport_25,topk_thinning,TinyLlama/TinyLlama-1.1B-Chat-v1.0,govreport,128,128,64,attention
7.887097108095987,0.12678936068550684,128,16.229038167744875,2274.64697265625,192,topk_k128_recent64_attention,10.0,1.7109439373016357,0.0,0.0,0.0,0.0,0.0,govreport_26,topk_thinning,TinyLlama/TinyLlama-1.1B-Chat-v1.0,govreport,128,128,64,attention
7.881704199279186,0.12687611393630505,128,16.240142583847046,2274.64697265625,192,topk_k128_recent64_attention,10.0,1.5373139381408691,0.01195814648729447,0.0,0.008968609865470852,0.00980392156862745,0.0,govreport_27,topk_thinning,TinyLlama/TinyLlama-1.1B-Chat-v1.0,govreport,128,128,64,attention
7.8857215156107525,0.12681147793773562,128,16.23186917603016,2274.64697265625,192,topk_k128_recent64_attention,10.0,8.233663558959961,0.003372681281618887,0.0,0.003372681281618887,0.0035650623885918,0.0,govreport_28,topk_thinning,TinyLlama/TinyLlama-1.1B-Chat-v1.0,govreport,128,128,64,attention
7.885281718263704,0.12681855077971704,128,16.23277449980378,2274.64697265625,192,topk_k128_recent64_attention,10.0,3.185499668121338,0.0,0.0,0.0,0.0,0.0,govreport_29,topk_thinning,TinyLlama/TinyLlama-1.1B-Chat-v1.0,govreport,128,128,64,attention
7.8840172943844475,0.12683888970059343,128,16.23537788167596,2274.64697265625,192,topk_k128_recent64_attention,10.0,11.902106285095215,0.06609547123623011,0.0,0.06609547123623011,0.002538071065989848,0.0,govreport_30,topk_thinning,TinyLlama/TinyLlama-1.1B-Chat-v1.0,govreport,128,128,64,attention
7.883056506465856,0.1268543488404248,128,16.237356651574373,2274.64697265625,192,topk_k128_recent64_attention,10.0,52.65086364746094,0.0029411764705882353,0.0,0.0029411764705882353,0.0032573289902280136,0.0,govreport_31,topk_thinning,TinyLlama/TinyLlama-1.1B-Chat-v1.0,govreport,128,128,64,attention
7.885458035962141,0.12681571513530798,128,16.23241153731942,2274.64697265625,192,topk_k128_recent64_attention,10.0,1.8847631216049194,0.0,0.0,0.0,0.0,0.0,govreport_32,topk_thinning,TinyLlama/TinyLlama-1.1B-Chat-v1.0,govreport,128,128,64,attention
7.88339719027367,0.1268488667847123,128,16.236654948443174,2274.64697265625,192,topk_k128_recent64_attention,10.0,2.1102118492126465,0.0,0.0,0.0,0.0,0.0,govreport_33,topk_thinning,TinyLlama/TinyLlama-1.1B-Chat-v1.0,govreport,128,128,64,attention
7.884481804161387,0.12683141705929302,128,16.234421383589506,2274.64697265625,192,topk_k128_recent64_attention,10.0,1.684108018875122,0.0,0.0,0,0.0,0.0,govreport_34,topk_thinning,TinyLlama/TinyLlama-1.1B-Chat-v1.0,govreport,128,128,64,attention
7.885317925072844,0.12681796847027726,128,16.23269996419549,2274.64697265625,192,topk_k128_recent64_attention,10.0,1.5143224000930786,0.0,0.0,0.0,0.0,0.0,govreport_35,topk_thinning,TinyLlama/TinyLlama-1.1B-Chat-v1.0,govreport,128,128,64,attention
7.884535178946531,0.1268305584671907,128,16.23431148380041,2274.64697265625,192,topk_k128_recent64_attention,10.0,1.334754467010498,0.0,0.0,0.0,0.0,0.0,govreport_36,topk_thinning,TinyLlama/TinyLlama-1.1B-Chat-v1.0,govreport,128,128,64,attention
7.884729243749273,0.12682743681943975,128,16.23391191288829,2274.64697265625,192,topk_k128_recent64_attention,10.0,46.8462028503418,0.0,0.0,0.0,0.0,0.0,govreport_37,topk_thinning,TinyLlama/TinyLlama-1.1B-Chat-v1.0,govreport,128,128,64,attention
7.885716985658507,0.12681155078462325,128,16.231878500431776,2274.64697265625,192,topk_k128_recent64_attention,10.0,10.065910339355469,0.028368794326241134,0.0,0.028368794326241134,0.003067484662576687,0.0,govreport_38,topk_thinning,TinyLlama/TinyLlama-1.1B-Chat-v1.0,govreport,128,128,64,attention
7.8849106085926195,0.12682451959699392,128,16.233538508415222,2274.64697265625,192,topk_k128_recent64_attention,10.0,149.98269653320312,0.09510086455331412,0.0,0.09510086455331412,0.0030769230769230765,0.0,govreport_39,topk_thinning,TinyLlama/TinyLlama-1.1B-Chat-v1.0,govreport,128,128,64,attention
7.884189819732772,0.12683611415559426,128,16.235022611916065,2274.64697265625,192,topk_k128_recent64_attention,10.0,1.5546895265579224,0.0,0.0,0.0,0.0,0.0,govreport_40,topk_thinning,TinyLlama/TinyLlama-1.1B-Chat-v1.0,govreport,128,128,64,attention
7.881043831514785,0.12688674512901343,128,16.24150337651372,2274.64697265625,192,topk_k128_recent64_attention,10.0,1.4353160858154297,0.020725388601036267,0.0,0.020725388601036267,0.0028328611898016994,0.0,govreport_41,topk_thinning,TinyLlama/TinyLlama-1.1B-Chat-v1.0,govreport,128,128,64,attention
7.883101247547692,0.12685362886986695,128,16.23726449534297,2274.64697265625,192,topk_k128_recent64_attention,10.0,1.6080242395401,0.005908419497784343,0.0,0.005908419497784343,0.0031796502384737672,0.0,govreport_42,topk_thinning,TinyLlama/TinyLlama-1.1B-Chat-v1.0,govreport,128,128,64,attention
7.882728172960622,0.12685963261174038,128,16.23803297430277,2274.64697265625,192,topk_k128_recent64_attention,10.0,152.94923400878906,0.041358936484490405,0.0,0.041358936484490405,0.0,0.0,govreport_43,topk_thinning,TinyLlama/TinyLlama-1.1B-Chat-v1.0,govreport,128,128,64,attention
7.886611492461264,0.12679716770071536,128,16.230037465691566,2274.64697265625,192,topk_k128_recent64_attention,10.0,1.5086655616760254,0.0030303030303030303,0.0,0.0030303030303030303,0.0032626427406199023,0.0,govreport_44,topk_thinning,TinyLlama/TinyLlama-1.1B-Chat-v1.0,govreport,128,128,64,attention
7.885335901927777,0.1268176793528255,128,16.232662957161665,2274.64697265625,192,topk_k128_recent64_attention,10.0,1.6833560466766357,0.0,0.0,0,0.0,0.0,govreport_45,topk_thinning,TinyLlama/TinyLlama-1.1B-Chat-v1.0,govreport,128,128,64,attention
7.884269376023429,0.12683483431464992,128,16.23485879227519,2274.64697265625,192,topk_k128_recent64_attention,10.0,3.4734973907470703,0.0,0.0,0.0,0.0,0.0,govreport_46,topk_thinning,TinyLlama/TinyLlama-1.1B-Chat-v1.0,govreport,128,128,64,attention
7.885082235710455,0.12682175912777893,128,16.233185168355703,2274.64697265625,192,topk_k128_recent64_attention,10.0,3.7118988037109375,0.002976190476190476,0.0,0.002976190476190476,0.00315955766192733,0.0,govreport_47,topk_thinning,TinyLlama/TinyLlama-1.1B-Chat-v1.0,govreport,128,128,64,attention
7.885163062223326,0.12682045914698392,128,16.233018770813942,2274.64697265625,192,topk_k128_recent64_attention,10.0,1.684108018875122,0.0,0.0,0,0.0,0.0,govreport_48,topk_thinning,TinyLlama/TinyLlama-1.1B-Chat-v1.0,govreport,128,128,64,attention
7.883109288625455,0.12685349947423674,128,16.237247932702303,2274.64697265625,192,topk_k128_recent64_attention,10.0,1.8258485794067383,0.0,0.0,0.0,0.0,0.0,govreport_49,topk_thinning,TinyLlama/TinyLlama-1.1B-Chat-v1.0,govreport,128,128,64,attention
7.882717664150392,0.12685980173409916,128,16.238054621964693,2274.64697265625,192,topk_k128_recent64_attention,10.0,1.5756736993789673,0.11732605729877217,0.0,0.11732605729877217,0.0,0.0,govreport_50,topk_thinning,TinyLlama/TinyLlama-1.1B-Chat-v1.0,govreport,128,128,64,attention
7.88512527711065,0.1268210668640677,128,16.233096558600664,2274.64697265625,192,topk_k128_recent64_attention,10.0,20.64134979248047,0.03840877914951989,0.0,0.03840877914951989,0.0029806259314456036,0.0,govreport_51,topk_thinning,TinyLlama/TinyLlama-1.1B-Chat-v1.0,govreport,128,128,64,attention
7.885439103038885,0.12681601961958222,128,16.232450511306524,2274.64697265625,192,topk_k128_recent64_attention,10.0,8.500776290893555,0.0,0.0,0,0.0,0.0,govreport_52,topk_thinning,TinyLlama/TinyLlama-1.1B-Chat-v1.0,govreport,128,128,64,attention
7.886218004943888,0.12680349432048388,128,16.230847273021936,2274.64697265625,192,topk_k128_recent64_attention,10.0,18.536754608154297,0.003816793893129771,0.0,0.003816793893129771,0.004140786749482402,0.0,govreport_53,topk_thinning,TinyLlama/TinyLlama-1.1B-Chat-v1.0,govreport,128,128,64,attention
7.885693031111431,0.12681193600292318,128,16.231927808374166,2274.64697265625,192,topk_k128_recent64_attention,10.0,1.7344554662704468,0.0,0.0,0.0,0.0,0.0,govreport_54,topk_thinning,TinyLlama/TinyLlama-1.1B-Chat-v1.0,govreport,128,128,64,attention
7.885754656993807,0.1268109449883923,128,16.231800958514214,2274.64697265625,192,topk_k128_recent64_attention,10.0,1.7218235731124878,0.0,0.0,0.0,0.0,0.0,govreport_55,topk_thinning,TinyLlama/TinyLlama-1.1B-Chat-v1.0,govreport,128,128,64,attention
7.884746570168272,0.1268271581211593,128,16.23387623950839,2274.64697265625,192,topk_k128_recent64_attention,10.0,11.902106285095215,0.06929133858267716,0.0,0.06929133858267716,0.0033898305084745766,0.0,govreport_56,topk_thinning,TinyLlama/TinyLlama-1.1B-Chat-v1.0,govreport,128,128,64,attention
7.884991686722955,0.12682321551255882,128,16.23337158560753,2274.64697265625,192,topk_k128_recent64_attention,10.0,21.651498794555664,0.0,0.0,0.0,0.0,0.0,govreport_57,topk_thinning,TinyLlama/TinyLlama-1.1B-Chat-v1.0,govreport,128,128,64,attention
7.885474115083727,0.12681545654777437,128,16.23237843811512,2274.64697265625,192,topk_k128_recent64_attention,10.0,1.567468285560608,0.0,0.0,0.0,0.0,0.0,govreport_58,topk_thinning,TinyLlama/TinyLlama-1.1B-Chat-v1.0,govreport,128,128,64,attention
7.8856931632266205,0.12681193387834355,128,16.231927536427975,2274.64697265625,192,topk_k128_recent64_attention,10.0,1.9555457830429077,0.0,0.0,0.0,0.0,0.0,govreport_59,topk_thinning,TinyLlama/TinyLlama-1.1B-Chat-v1.0,govreport,128,128,64,attention
7.884924416437963,0.1268242975056637,128,16.233510080724955,2274.64697265625,192,topk_k128_recent64_attention,10.0,2.8667147159576416,0.012944983818770227,0.0,0.012944983818770227,0.003496503496503497,0.0,govreport_60,topk_thinning,TinyLlama/TinyLlama-1.1B-Chat-v1.0,govreport,128,128,64,attention
7.886469581109853,0.12679944932460785,128,16.230329513549805,2274.64697265625,192,topk_k128_recent64_attention,10.0,2.1139235496520996,0.0,0.0,0.0,0.0,0.0,govreport_61,topk_thinning,TinyLlama/TinyLlama-1.1B-Chat-v1.0,govreport,128,128,64,attention
7.887228173574996,0.12678725377190858,128,16.2287684828043,2274.64697265625,192,topk_k128_recent64_attention,10.0,8.500776290893555,0.0,0.0,0,0.0,0.0,govreport_62,topk_thinning,TinyLlama/TinyLlama-1.1B-Chat-v1.0,govreport,128,128,64,attention
7.888566020922837,0.12676575151272118,128,16.22601619362831,2274.64697265625,192,topk_k128_recent64_attention,10.0,1.2018213272094727,0.0,0.0,0.0,0.0,0.0,govreport_63,topk_thinning,TinyLlama/TinyLlama-1.1B-Chat-v1.0,govreport,128,128,64,attention
7.8844601168471105,0.1268317659269087,128,16.234466038644314,2274.64697265625,192,topk_k128_recent64_attention,10.0,26.26551055908203,0.09090909090909091,0.0,0.0879765395894428,0.006172839506172838,0.0,govreport_64,topk_thinning,TinyLlama/TinyLlama-1.1B-Chat-v1.0,govreport,128,128,64,attention
7.886095655508904,0.12680546162300743,128,16.23109908774495,2274.64697265625,192,topk_k128_recent64_attention,10.0,2.234520435333252,0.0,0.0,0.0,0.0,0.0,govreport_65,topk_thinning,TinyLlama/TinyLlama-1.1B-Chat-v1.0,govreport,128,128,64,attention
7.8866674394772085,0.12679626821773127,128,16.229922331869602,2274.64697265625,192,topk_k128_recent64_attention,10.0,1.4206737279891968,0.03616133518776078,0.0,0.03616133518776078,0.002911208151382824,0.0,govreport_66,topk_thinning,TinyLlama/TinyLlama-1.1B-Chat-v1.0,govreport,128,128,64,attention
7.88564197525623,0.1268127570510842,128,16.232032902538776,2274.64697265625,192,topk_k128_recent64_attention,10.0,3.577023506164551,0.009523809523809523,0.0,0.006349206349206349,0.0066555740432612314,0.0,govreport_67,topk_thinning,TinyLlama/TinyLlama-1.1B-Chat-v1.0,govreport,128,128,64,attention
7.886371913674345,0.12680101965088397,128,16.23053051531315,2274.64697265625,192,topk_k128_recent64_attention,10.0,14.137210845947266,0.07953216374269005,0.0,0.07953216374269005,0.0024691358024691358,0.0,govreport_68,topk_thinning,TinyLlama/TinyLlama-1.1B-Chat-v1.0,govreport,128,128,64,attention
7.884681981877582,0.12682819704059511,128,16.234009221196175,2274.64697265625,192,topk_k128_recent64_attention,10.0,1.832250952720642,0.002631578947368421,0.0,0.002631578947368421,0.0,0.0,govreport_69,topk_thinning,TinyLlama/TinyLlama-1.1B-Chat-v1.0,govreport,128,128,64,attention
7.884984584539255,0.12682332974509336,128,16.23338620737195,2274.64697265625,192,topk_k128_recent64_attention,10.0,53.82524490356445,0.06354009077155824,0.0,0.06354009077155824,0.0,0.0,govreport_70,topk_thinning,TinyLlama/TinyLlama-1.1B-Chat-v1.0,govreport,128,128,64,attention
7.886706240446156,0.12679564440622926,128,16.229842483997345,2274.64697265625,192,topk_k128_recent64_attention,10.0,116.45916748046875,0.022471910112359546,0.0,0.022471910112359546,0.0034722222222222225,0.0,govreport_71,topk_thinning,TinyLlama/TinyLlama-1.1B-Chat-v1.0,govreport,128,128,64,attention
7.887026030798074,0.12679050330189057,128,16.229184422641993,2274.64697265625,192,topk_k128_recent64_attention,10.0,1.445146918296814,0.002296211251435132,0.0,0.002296211251435132,0.0024968789013732834,0.0,govreport_72,topk_thinning,TinyLlama/TinyLlama-1.1B-Chat-v1.0,govreport,128,128,64,attention
7.886972785218413,0.12679135927464813,128,16.22929398715496,2274.64697265625,192,topk_k128_recent64_attention,10.0,1.579293966293335,0.012547051442910916,0.0,0.012547051442910916,0.002635046113306983,0.0,govreport_73,topk_thinning,TinyLlama/TinyLlama-1.1B-Chat-v1.0,govreport,128,128,64,attention
7.886318747519509,0.12680187448859215,128,16.230639934539795,2274.64697265625,192,topk_k128_recent64_attention,10.0,2.015590190887451,0.0,0.0,0.0,0.0,0.0,govreport_74,topk_thinning,TinyLlama/TinyLlama-1.1B-Chat-v1.0,govreport,128,128,64,attention
7.8852926899341,0.12681837432319298,128,16.232751913368702,2274.64697265625,192,topk_k128_recent64_attention,10.0,1.88139009475708,0.0,0.0,0.0,0.0,0.0,govreport_75,topk_thinning,TinyLlama/TinyLlama-1.1B-Chat-v1.0,govreport,128,128,64,attention
7.886047441505706,0.12680623689084314,128,16.23119832202792,2274.64697265625,192,topk_k128_recent64_attention,10.0,1.5019457340240479,0.0,0.0,0.0,0.0,0.0,govreport_76,topk_thinning,TinyLlama/TinyLlama-1.1B-Chat-v1.0,govreport,128,128,64,attention
7.885276383542041,0.12681863657780923,128,16.23278548195958,2274.64697265625,192,topk_k128_recent64_attention,10.0,1.2018213272094727,0.0,0.0,0.0,0.0,0.0,govreport_77,topk_thinning,TinyLlama/TinyLlama-1.1B-Chat-v1.0,govreport,128,128,64,attention
7.886212563973213,0.12680358180659823,128,16.230858471244574,2274.64697265625,192,topk_k128_recent64_attention,10.0,34.66658401489258,0.0,0.0,0.0,0.0,0.0,govreport_78,topk_thinning,TinyLlama/TinyLlama-1.1B-Chat-v1.0,govreport,128,128,64,attention
7.886967727007205,0.12679144059075043,128,16.229304395616055,2274.64697265625,192,topk_k128_recent64_attention,10.0,1.416332721710205,0.0,0.0,0.0,0.0,0.0,govreport_79,topk_thinning,TinyLlama/TinyLlama-1.1B-Chat-v1.0,govreport,128,128,64,attention
7.887085521286567,0.12678954695002176,128,16.229062009602785,2274.64697265625,192,topk_k128_recent64_attention,10.0,15.397828102111816,0.0,0.0,0,0.0,0.0,govreport_80,topk_thinning,TinyLlama/TinyLlama-1.1B-Chat-v1.0,govreport,128,128,64,attention
7.886520980754955,0.12679862292134203,128,16.23022373393178,2274.64697265625,192,topk_k128_recent64_attention,10.0,1.2018213272094727,0.0,0.0,0.0,0.0,0.0,govreport_81,topk_thinning,TinyLlama/TinyLlama-1.1B-Chat-v1.0,govreport,128,128,64,attention
7.8852206969344065,0.12681953218998387,128,16.232900120317936,2274.64697265625,192,topk_k128_recent64_attention,10.0,45.25901794433594,0.007092198581560283,0.0,0.007092198581560283,0.004115226337448559,0.0,govreport_82,topk_thinning,TinyLlama/TinyLlama-1.1B-Chat-v1.0,govreport,128,128,64,attention
7.887739068717795,0.12677904166048393,128,16.227717332541943,2274.64697265625,192,topk_k128_recent64_attention,10.0,1.895176887512207,0.0,0.0,0,0.0,0.0,govreport_83,topk_thinning,TinyLlama/TinyLlama-1.1B-Chat-v1.0,govreport,128,128,64,attention
7.888424703879661,0.1267680224555079,128,16.22630687430501,2274.64697265625,192,topk_k128_recent64_attention,10.0,1.4658854007720947,0.0031031807602792867,0.0,0.0031031807602792867,0.003341687552213868,0.0,govreport_84,topk_thinning,TinyLlama/TinyLlama-1.1B-Chat-v1.0,govreport,128,128,64,attention
7.888637622234917,0.1267646009218879,128,16.22586891800165,2274.64697265625,192,topk_k128_recent64_attention,10.0,8.500776290893555,0.0,0.0,0,0.0,0.0,govreport_85,topk_thinning,TinyLlama/TinyLlama-1.1B-Chat-v1.0,govreport,128,128,64,attention
7.88425077626111,0.12683513353113085,128,16.23489709198475,2274.64697265625,192,topk_k128_recent64_attention,10.0,1.3911616802215576,0.0,0.0,0.0,0.0,0.0,govreport_86,topk_thinning,TinyLlama/TinyLlama-1.1B-Chat-v1.0,govreport,128,128,64,attention
7.888274824132748,0.1267704310885165,128,16.22661517933011,2274.64697265625,192,topk_k128_recent64_attention,10.0,1.5756736993789673,0.06361323155216285,0.0,0.06361323155216285,0.0,0.0,govreport_87,topk_thinning,TinyLlama/TinyLlama-1.1B-Chat-v1.0,govreport,128,128,64,attention
7.8884764658727455,0.1267671906389296,128,16.22620040178299,2274.64697265625,192,topk_k128_recent64_attention,10.0,152.94923400878906,0.08055555555555555,0.0,0.08055555555555555,0.0,0.0,govreport_88,topk_thinning,TinyLlama/TinyLlama-1.1B-Chat-v1.0,govreport,128,128,64,attention
7.888544023168553,0.1267661050078459,128,16.226061441004276,2274.64697265625,192,topk_k128_recent64_attention,10.0,1.7021774053573608,0.030898876404494385,0.0,0.030898876404494385,0.002989536621823617,0.0,govreport_89,topk_thinning,TinyLlama/TinyLlama-1.1B-Chat-v1.0,govreport,128,128,64,attention
7.888818304779759,0.12676169755286537,128,16.225497286766768,2274.64697265625,192,topk_k128_recent64_attention,10.0,1.5116760730743408,0.010652463382157123,0.0,0.010652463382157123,0.005856515373352855,0.0,govreport_90,topk_thinning,TinyLlama/TinyLlama-1.1B-Chat-v1.0,govreport,128,128,64,attention
7.88773965539642,0.12677903223084286,128,16.227716125547886,2274.64697265625,192,topk_k128_recent64_attention,10.0,3.955223798751831,0.0,0.0,0.0,0.0,0.0,govreport_91,topk_thinning,TinyLlama/TinyLlama-1.1B-Chat-v1.0,govreport,128,128,64,attention
7.885166617998226,0.12682040195795707,128,16.233011450618505,2274.64697265625,192,topk_k128_recent64_attention,10.0,1.2886648178100586,0.0,0.0,0.0,0.0,0.0,govreport_92,topk_thinning,TinyLlama/TinyLlama-1.1B-Chat-v1.0,govreport,128,128,64,attention
7.886106332606614,0.12680528993951157,128,16.23107711225748,2274.64697265625,192,topk_k128_recent64_attention,10.0,5.38357400894165,0.048192771084337345,0.0,0.048192771084337345,0.0,0.0,govreport_93,topk_thinning,TinyLlama/TinyLlama-1.1B-Chat-v1.0,govreport,128,128,64,attention
7.886919004491116,0.1267922238621395,128,16.229404654353857,2274.64697265625,192,topk_k128_recent64_attention,10.0,1.697171926498413,0.005449591280653952,0.0,0.005449591280653952,0.00605143721633888,0.0,govreport_94,topk_thinning,TinyLlama/TinyLlama-1.1B-Chat-v1.0,govreport,128,128,64,attention
7.887915981628125,0.1267761982162483,128,16.227353371679783,2274.64697265625,192,topk_k128_recent64_attention,10.0,1.6120017766952515,0.04146341463414634,0.0,0.04146341463414634,0.0,0.0,govreport_95,topk_thinning,TinyLlama/TinyLlama-1.1B-Chat-v1.0,govreport,128,128,64,attention
7.88661379868056,0.12679713062243536,128,16.230032719671726,2274.64697265625,192,topk_k128_recent64_attention,10.0,4.613171577453613,0.0,0.0,0,0.0,0.0,govreport_96,topk_thinning,TinyLlama/TinyLlama-1.1B-Chat-v1.0,govreport,128,128,64,attention
7.888325419682133,0.1267696179857012,128,16.226511102169752,2274.64697265625,192,topk_k128_recent64_attention,10.0,1.4065001010894775,0.0,0.0,0.0,0.0,0.0,govreport_97,topk_thinning,TinyLlama/TinyLlama-1.1B-Chat-v1.0,govreport,128,128,64,attention
7.887599559380917,0.12678128402330913,128,16.228004354983568,2274.64697265625,192,topk_k128_recent64_attention,10.0,1.5738718509674072,0.0,0.0,0,0.0,0.0,govreport_98,topk_thinning,TinyLlama/TinyLlama-1.1B-Chat-v1.0,govreport,128,128,64,attention
7.88687383989179,0.12679294994450174,128,16.229497592896223,2274.64697265625,192,topk_k128_recent64_attention,10.0,2.5813708305358887,0.006700167504187605,0.0,0.006700167504187605,0.007575757575757576,0.0,govreport_99,topk_thinning,TinyLlama/TinyLlama-1.1B-Chat-v1.0,govreport,128,128,64,attention
12.987445172100916,0.07699743765988387,256,19.71134404093027,2274.64501953125,192,topk_k128_recent64_attention,9.333333333333334,10.974328994750977,0.002594033722438392,0.0,0.002594033722438392,0.0027894002789400282,0.0,govreport_0,topk_thinning,TinyLlama/TinyLlama-1.1B-Chat-v1.0,govreport,256,128,64,attention
13.15257930110312,0.07603071436460596,256,19.463862877339125,2274.64501953125,192,topk_k128_recent64_attention,9.333333333333334,14.688139915466309,0.0,0.0,0.0,0.0,0.0,govreport_1,topk_thinning,TinyLlama/TinyLlama-1.1B-Chat-v1.0,govreport,256,128,64,attention
13.124763581114344,0.0761918486241484,256,19.505113247781992,2274.64501953125,192,topk_k128_recent64_attention,9.333333333333334,10.974328994750977,0.002594033722438392,0.0,0.002594033722438392,0.0027894002789400282,0.0,govreport_0,topk_thinning,TinyLlama/TinyLlama-1.1B-Chat-v1.0,govreport,256,128,64,attention
13.254974034486674,0.07544337675790302,256,19.313504450023174,2274.64501953125,192,topk_k128_recent64_attention,9.333333333333334,14.688139915466309,0.0,0.0,0.0,0.0,0.0,govreport_1,topk_thinning,TinyLlama/TinyLlama-1.1B-Chat-v1.0,govreport,256,128,64,attention
13.24678578174614,0.07549001066945493,256,19.325442731380463,2274.64501953125,192,topk_k128_recent64_attention,9.333333333333334,57.46149444580078,0.06356968215158924,0.0,0.06356968215158924,0.0025575447570332483,0.0,govreport_2,topk_thinning,TinyLlama/TinyLlama-1.1B-Chat-v1.0,govreport,256,128,64,attention
13.232404301399841,0.07557205608463846,256,19.346446357667446,2274.64501953125,192,topk_k128_recent64_attention,9.333333333333334,39.67928695678711,0.0,0.0,0.0,0.0,0.0,govreport_3,topk_thinning,TinyLlama/TinyLlama-1.1B-Chat-v1.0,govreport,256,128,64,attention
13.224295592370913,0.07561839441768825,256,19.358308970928192,2274.64501953125,192,topk_k128_recent64_attention,9.333333333333334,1.3390756845474243,0.004524886877828055,0.0,0.0022624434389140274,0.004842615012106538,0.0,govreport_4,topk_thinning,TinyLlama/TinyLlama-1.1B-Chat-v1.0,govreport,256,128,64,attention
13.213178650626034,0.07568201614776626,256,19.374596133828163,2274.64501953125,192,topk_k128_recent64_attention,9.333333333333334,1.4169436693191528,0.007434944237918217,0.0024844720496894407,0.007434944237918217,0.007999999999999998,0.0,govreport_5,topk_thinning,TinyLlama/TinyLlama-1.1B-Chat-v1.0,govreport,256,128,64,attention
13.218417151651767,0.0756520231225295,256,19.366917919367552,2274.64501953125,192,topk_k128_recent64_attention,9.333333333333334,27.746723175048828,0.024266936299292215,0.0,0.02224469160768453,0.004343105320304018,0.0,govreport_6,topk_thinning,TinyLlama/TinyLlama-1.1B-Chat-v1.0,govreport,256,128,64,attention
13.212591101550188,0.0756853816419607,256,19.37545770034194,2274.64501953125,192,topk_k128_recent64_attention,9.333333333333334,3.1786179542541504,0.011075949367088608,0.0,0.00949367088607595,0.0016877637130801686,0.0,govreport_7,topk_thinning,TinyLlama/TinyLlama-1.1B-Chat-v1.0,govreport,256,128,64,attention
13.215612299082311,0.0756680793419946,256,19.371028311550617,2274.64501953125,192,topk_k128_recent64_attention,9.333333333333334,7.247091293334961,0.0,0.0,0.0,0.0,0.0,govreport_8,topk_thinning,TinyLlama/TinyLlama-1.1B-Chat-v1.0,govreport,256,128,64,attention
13.124061380470259,0.07619592525588814,256,19.506156865507364,2276.27001953125,192,topk_k128_recent64_attention,9.333333333333334,10.974328994750977,0.002594033722438392,0.0,0.002594033722438392,0.0027894002789400282,0.0,govreport_0,topk_thinning,TinyLlama/TinyLlama-1.1B-Chat-v1.0,govreport,256,128,64,attention
13.269516611813485,0.07536069543857593,256,19.29233803227544,2276.27001953125,192,topk_k128_recent64_attention,9.333333333333334,14.688139915466309,0.0,0.0,0.0,0.0,0.0,govreport_1,topk_thinning,TinyLlama/TinyLlama-1.1B-Chat-v1.0,govreport,256,128,64,attention
13.23252045762903,0.07557139270647895,256,19.34627653285861,2276.27001953125,192,topk_k128_recent64_attention,9.333333333333334,57.46149444580078,0.06356968215158924,0.0,0.06356968215158924,0.0025575447570332483,0.0,govreport_2,topk_thinning,TinyLlama/TinyLlama-1.1B-Chat-v1.0,govreport,256,128,64,attention
13.212195288952985,0.0756876490340801,256,19.376038152724504,2276.27001953125,192,topk_k128_recent64_attention,9.333333333333334,39.67928695678711,0.0,0.0,0.0,0.0,0.0,govreport_3,topk_thinning,TinyLlama/TinyLlama-1.1B-Chat-v1.0,govreport,256,128,64,attention
13.213687845351217,0.07567909971112385,256,19.373849526047707,2276.27001953125,192,topk_k128_recent64_attention,9.333333333333334,1.3390756845474243,0.004524886877828055,0.0,0.0022624434389140274,0.004842615012106538,0.0,govreport_4,topk_thinning,TinyLlama/TinyLlama-1.1B-Chat-v1.0,govreport,256,128,64,attention
13.212187584491616,0.07568769317003898,256,19.37604945152998,2276.27001953125,192,topk_k128_recent64_attention,9.333333333333334,1.4169436693191528,0.007434944237918217,0.0024844720496894407,0.007434944237918217,0.007999999999999998,0.0,govreport_5,topk_thinning,TinyLlama/TinyLlama-1.1B-Chat-v1.0,govreport,256,128,64,attention
13.20176823317332,0.075747428854811,256,19.391341786831617,2276.27001953125,192,topk_k128_recent64_attention,9.333333333333334,27.746723175048828,0.024266936299292215,0.0,0.02224469160768453,0.004343105320304018,0.0,govreport_6,topk_thinning,TinyLlama/TinyLlama-1.1B-Chat-v1.0,govreport,256,128,64,attention
13.201097207713527,0.07575127917516511,256,19.392327468842268,2276.27001953125,192,topk_k128_recent64_attention,9.333333333333334,3.1786179542541504,0.011075949367088608,0.0,0.00949367088607595,0.0016877637130801686,0.0,govreport_7,topk_thinning,TinyLlama/TinyLlama-1.1B-Chat-v1.0,govreport,256,128,64,attention
13.196414840155903,0.07577815733384341,256,19.399208277463913,2276.27001953125,192,topk_k128_recent64_attention,9.333333333333334,7.247091293334961,0.0,0.0,0.0,0.0,0.0,govreport_8,topk_thinning,TinyLlama/TinyLlama-1.1B-Chat-v1.0,govreport,256,128,64,attention
13.201154768895007,0.07575094887579326,256,19.392242912203074,2276.27001953125,192,topk_k128_recent64_attention,9.333333333333334,9.326427459716797,0.0,0.0,0.0,0.0,0.0,govreport_9,topk_thinning,TinyLlama/TinyLlama-1.1B-Chat-v1.0,govreport,256,128,64,attention
13.203984401265098,0.0757347153412411,256,19.38808712735772,2276.27001953125,192,topk_k128_recent64_attention,9.333333333333334,4.558529376983643,0.057007125890736345,0.0,0.057007125890736345,0.0025252525252525255,0.0,govreport_10,topk_thinning,TinyLlama/TinyLlama-1.1B-Chat-v1.0,govreport,256,128,64,attention
13.204218167264504,0.07573337454232387,256,19.38774388283491,2276.27001953125,192,topk_k128_recent64_attention,9.333333333333334,2.2915375232696533,0.021660649819494584,0.0,0.01925391095066185,0.0,0.0,govreport_11,topk_thinning,TinyLlama/TinyLlama-1.1B-Chat-v1.0,govreport,256,128,64,attention
13.203350469454254,0.07573835158837028,256,19.38901800662279,2276.27001953125,192,topk_k128_recent64_attention,9.333333333333334,1.2458041906356812,0.0,0.0,0.0,0.0,0.0,govreport_12,topk_thinning,TinyLlama/TinyLlama-1.1B-Chat-v1.0,govreport,256,128,64,attention
13.205900078264387,0.07572372909635305,256,19.385274648666382,2276.27001953125,192,topk_k128_recent64_attention,9.333333333333334,3.2172765731811523,0.009248554913294798,0.0,0.009248554913294798,0.0024301336573511545,0.0,govreport_13,topk_thinning,TinyLlama/TinyLlama-1.1B-Chat-v1.0,govreport,256,128,64,attention
13.20389981887593,0.0757352004875429,256,19.38821132481098,2276.27001953125,192,topk_k128_recent64_attention,9.333333333333334,1.8498157262802124,0.0,0.0,0.0,0.0,0.0,govreport_14,topk_thinning,TinyLlama/TinyLlama-1.1B-Chat-v1.0,govreport,256,128,64,attention
13.207023073494014,0.07571729029587004,256,19.38362631574273,2276.27001953125,192,topk_k128_recent64_attention,9.333333333333334,154.1260528564453,0.08120868744098204,0.0,0.08120868744098204,0.0,0.0,govreport_15,topk_thinning,TinyLlama/TinyLlama-1.1B-Chat-v1.0,govreport,256,128,64,attention
13.210089366467919,0.07569971498742234,256,19.37912703678012,2276.27001953125,192,topk_k128_recent64_attention,9.333333333333334,2.243610143661499,0.0,0.0,0.0,0.0,0.0,govreport_16,topk_thinning,TinyLlama/TinyLlama-1.1B-Chat-v1.0,govreport,256,128,64,attention
13.208700728067148,0.07570767334254924,256,19.381164375692606,2276.27001953125,192,topk_k128_recent64_attention,9.333333333333334,109.87687683105469,0.06174496644295303,0.0,0.06174496644295303,0.002915451895043732,0.0,govreport_17,topk_thinning,TinyLlama/TinyLlama-1.1B-Chat-v1.0,govreport,256,128,64,attention
13.208875188780473,0.07570667340769432,256,19.380908392369747,2276.27001953125,192,topk_k128_recent64_attention,9.333333333333334,14.989982604980469,0.0,0.0,0.0,0.0,0.0,govreport_18,topk_thinning,TinyLlama/TinyLlama-1.1B-Chat-v1.0,govreport,256,128,64,attention
13.209497986246964,0.0757031040120637,256,19.37999462708831,2276.27001953125,192,topk_k128_recent64_attention,9.333333333333334,1.200264811515808,0.0,0.0,0.0,0.0,0.0,govreport_19,topk_thinning,TinyLlama/TinyLlama-1.1B-Chat-v1.0,govreport,256,128,64,attention
13.21096027412696,0.0756947246263735,256,19.377849504351616,2276.27001953125,192,topk_k128_recent64_attention,9.333333333333334,533.0712280273438,0.044554455445544545,0.0,0.044554455445544545,0.0026212319790301438,0.0,govreport_20,topk_thinning,TinyLlama/TinyLlama-1.1B-Chat-v1.0,govreport,256,128,64,attention
13.209955127359194,0.07570048424531706,256,19.379323966801167,2276.27001953125,192,topk_k128_recent64_attention,9.333333333333334,1.4742177724838257,0.031578947368421054,0.002109704641350211,0.031578947368421054,0.004489337822671156,0.0,govreport_21,topk_thinning,TinyLlama/TinyLlama-1.1B-Chat-v1.0,govreport,256,128,64,attention
13.213938082028962,0.07567766655120067,256,19.373482637107372,2276.27001953125,192,topk_k128_recent64_attention,9.333333333333334,13.784525871276855,0.055222088835534214,0.0,0.048019207683073224,0.002583979328165375,0.0,govreport_22,topk_thinning,TinyLlama/TinyLlama-1.1B-Chat-v1.0,govreport,256,128,64,attention
13.217594957078294,0.07565672902273946,256,19.3681226298213,2276.27001953125,192,topk_k128_recent64_attention,9.333333333333334,2.2761008739471436,0.0015290519877675841,0.0,0.0015290519877675841,0.0016246953696181967,0.0,govreport_23,topk_thinning,TinyLlama/TinyLlama-1.1B-Chat-v1.0,govreport,256,128,64,attention
13.218733411091804,0.07565021314076148,256,19.36645456403494,2276.27001953125,192,topk_k128_recent64_attention,9.333333333333334,54.20948028564453,0.04617253948967193,0.00243605359317905,0.04374240583232078,0.003809523809523809,0.0,govreport_24,topk_thinning,TinyLlama/TinyLlama-1.1B-Chat-v1.0,govreport,256,128,64,attention
13.19293647513418,0.07579813651682343,256,19.4043229483068,2276.27001953125,192,topk_k128_recent64_attention,9.333333333333334,81.25191497802734,0.06720430107526883,0.0,0.06451612903225806,0.0,0.0,govreport_25,topk_thinning,TinyLlama/TinyLlama-1.1B-Chat-v1.0,govreport,256,128,64,attention
13.214020813701884,0.07567719274084084,256,19.373361341655254,2276.27001953125,192,topk_k128_recent64_attention,9.333333333333334,1.3442806005477905,0.002577319587628866,0.0,0.002577319587628866,0.00272108843537415,0.0,govreport_26,topk_thinning,TinyLlama/TinyLlama-1.1B-Chat-v1.0,govreport,256,128,64,attention
13.211121734868726,0.07569379951746669,256,19.377612676471472,2276.27001953125,192,topk_k128_recent64_attention,9.333333333333334,1.3865008354187012,0.0,0.0,0.0,0.0,0.0,govreport_27,topk_thinning,TinyLlama/TinyLlama-1.1B-Chat-v1.0,govreport,256,128,64,attention
13.206053728182527,0.07572284806519747,256,19.38504910469055,2276.27001953125,192,topk_k128_recent64_attention,9.333333333333334,1.53227961063385,0.025,0.0,0.025,0.0029069767441860465,0.0,govreport_28,topk_thinning,TinyLlama/TinyLlama-1.1B-Chat-v1.0,govreport,256,128,64,attention
13.200639680361979,0.07575390467536636,256,19.392999596893787,2276.27001953125,192,topk_k128_recent64_attention,9.333333333333334,1.2575832605361938,0.0,0.0,0.0,0.0,0.0,govreport_29,topk_thinning,TinyLlama/TinyLlama-1.1B-Chat-v1.0,govreport,256,128,64,attention
13.200178807310948,0.07575654955871869,256,19.393676687031984,2276.27001953125,192,topk_k128_recent64_attention,9.333333333333334,1.3105276823043823,0.0211864406779661,0.0021231422505307855,0.0211864406779661,0.006564551422319474,0.0,govreport_30,topk_thinning,TinyLlama/TinyLlama-1.1B-Chat-v1.0,govreport,256,128,64,attention
13.203928309718346,0.07573503706953488,256,19.38816948980093,2276.27001953125,192,topk_k128_recent64_attention,9.333333333333334,6.238245487213135,0.002145922746781116,0.0,0.002145922746781116,0.002309468822170901,0.0,govreport_31,topk_thinning,TinyLlama/TinyLlama-1.1B-Chat-v1.0,govreport,256,128,64,attention
13.204640757755202,0.0757309508335311,256,19.38712341338396,2276.27001953125,192,topk_k128_recent64_attention,9.333333333333334,1.2921191453933716,0.011507479861910242,0.0,0.011507479861910242,0.00245398773006135,0.0,govreport_32,topk_thinning,TinyLlama/TinyLlama-1.1B-Chat-v1.0,govreport,256,128,64,attention
13.207143475270103,0.07571660002577119,256,19.383449606597424,2276.27001953125,192,topk_k128_recent64_attention,9.333333333333334,27.765092849731445,0.0,0.0,0.0,0.0,0.0,govreport_33,topk_thinning,TinyLlama/TinyLlama-1.1B-Chat-v1.0,govreport,256,128,64,attention
13.210975532890922,0.07569463719846681,256,19.377827122807503,2276.27001953125,192,topk_k128_recent64_attention,9.333333333333334,1.2666219472885132,0.025,0.0,0.025,0.005201560468140442,0.0,govreport_34,topk_thinning,TinyLlama/TinyLlama-1.1B-Chat-v1.0,govreport,256,128,64,attention
13.212195004449141,0.0756876506638946,256,19.376038569957018,2276.27001953125,192,topk_k128_recent64_attention,9.333333333333334,1.3715969324111938,0.0024721878862793575,0.0,0.0024721878862793575,0.0026007802340702207,0.0,govreport_35,topk_thinning,TinyLlama/TinyLlama-1.1B-Chat-v1.0,govreport,256,128,64,attention
13.211089598855567,0.07569398364285007,256,19.37765981256962,2276.27001953125,192,topk_k128_recent64_attention,9.333333333333334,15.30232048034668,0.010869565217391304,0.0,0.010869565217391304,0.003838771593090211,0.0,govreport_36,topk_thinning,TinyLlama/TinyLlama-1.1B-Chat-v1.0,govreport,256,128,64,attention
13.214706355088499,0.07567326682328712,256,19.372356306761503,2276.27001953125,192,topk_k128_recent64_attention,9.333333333333334,1.4635339975357056,0.02617801047120419,0.0,0.02617801047120419,0.0027894002789400274,0.0,govreport_37,topk_thinning,TinyLlama/TinyLlama-1.1B-Chat-v1.0,govreport,256,128,64,attention
13.214463649036434,0.0756746566912625,256,19.3727121129632,2276.27001953125,192,topk_k128_recent64_attention,9.333333333333334,791.6353149414062,0.03827751196172249,0.0,0.03827751196172249,0.0025542784163473816,0.0,govreport_38,topk_thinning,TinyLlama/TinyLlama-1.1B-Chat-v1.0,govreport,256,128,64,attention
13.21404683526317,0.07567704371467698,256,19.373323190957308,2276.27001953125,192,topk_k128_recent64_attention,9.333333333333334,390.09271240234375,0.036585365853658534,0.0,0.036585365853658534,0.002577319587628866,0.0,govreport_39,topk_thinning,TinyLlama/TinyLlama-1.1B-Chat-v1.0,govreport,256,128,64,attention
13.21472738337492,0.07567314640618861,256,19.372325479984283,2276.27001953125,192,topk_k128_recent64_attention,9.333333333333334,22.286081314086914,0.0730816077953715,0.002442002442002442,0.0730816077953715,0.003898635477582846,0.0,govreport_40,topk_thinning,TinyLlama/TinyLlama-1.1B-Chat-v1.0,govreport,256,128,64,attention
13.2165742786311,0.07566257177677471,256,19.369618374854326,2276.27001953125,192,topk_k128_recent64_attention,9.333333333333334,1.2489718198776245,0.0,0.0,0.0,0.0,0.0,govreport_41,topk_thinning,TinyLlama/TinyLlama-1.1B-Chat-v1.0,govreport,256,128,64,attention
13.215460721606547,0.07566894723277073,256,19.371250491589308,2276.27001953125,192,topk_k128_recent64_attention,9.333333333333334,2.569474697113037,0.0025031289111389237,0.0,0.0025031289111389237,0.002663115845539281,0.0,govreport_42,topk_thinning,TinyLlama/TinyLlama-1.1B-Chat-v1.0,govreport,256,128,64,attention
13.214149293774817,0.07567645693779923,256,19.373172976076603,2276.27001953125,192,topk_k128_recent64_attention,9.333333333333334,2.81703782081604,0.004987531172069825,0.0,0.004987531172069825,0.0026702269692923898,0.0,govreport_43,topk_thinning,TinyLlama/TinyLlama-1.1B-Chat-v1.0,govreport,256,128,64,attention
13.211208096257854,0.07569330470869318,256,19.377486005425453,2276.27001953125,192,topk_k128_recent64_attention,9.333333333333334,2.3806331157684326,0.015228426395939085,0.0,0.015228426395939085,0.008097165991902834,0.0,govreport_44,topk_thinning,TinyLlama/TinyLlama-1.1B-Chat-v1.0,govreport,256,128,64,attention
13.213169118335156,0.0756820707465522,256,19.374610111117363,2276.27001953125,192,topk_k128_recent64_attention,9.333333333333334,1.3495824337005615,0.0,0.0,0.0,0.0,0.0,govreport_45,topk_thinning,TinyLlama/TinyLlama-1.1B-Chat-v1.0,govreport,256,128,64,attention
13.214586188927335,0.07567395495425444,256,19.372532468289137,2276.27001953125,192,topk_k128_recent64_attention,9.333333333333334,1.6402175426483154,0.020408163265306124,0.0022727272727272726,0.020408163265306124,0.0035273368606701942,0.0,govreport_46,topk_thinning,TinyLlama/TinyLlama-1.1B-Chat-v1.0,govreport,256,128,64,attention
13.21253187066195,0.07568572093441617,256,19.37554455921054,2276.27001953125,192,topk_k128_recent64_attention,9.333333333333334,182.9557342529297,0.0,0.0,0.0,0.0,0.0,govreport_47,topk_thinning,TinyLlama/TinyLlama-1.1B-Chat-v1.0,govreport,256,128,64,attention
13.212543683264535,0.07568565326801036,256,19.37552723661065,2276.27001953125,192,topk_k128_recent64_attention,9.333333333333334,1.232879877090454,0.0,0.0,0.0,0.0,0.0,govreport_48,topk_thinning,TinyLlama/TinyLlama-1.1B-Chat-v1.0,govreport,256,128,64,attention
13.213132945550488,0.07568227793672122,256,19.374663151800632,2276.27001953125,192,topk_k128_recent64_attention,9.333333333333334,2.055628538131714,0.0,0.0,0.0,0.0,0.0,govreport_49,topk_thinning,TinyLlama/TinyLlama-1.1B-Chat-v1.0,govreport,256,128,64,attention
13.211402106817804,0.07569219314609654,256,19.377201445400715,2276.27001953125,192,topk_k128_recent64_attention,9.333333333333334,1.9359582662582397,0.0,0.0,0.0,0.0,0.0,govreport_50,topk_thinning,TinyLlama/TinyLlama-1.1B-Chat-v1.0,govreport,256,128,64,attention
13.213594281536025,0.07567963558540214,256,19.373986709862947,2276.27001953125,192,topk_k128_recent64_attention,9.333333333333334,14.768940925598145,0.0033167495854063015,0.0,0.0033167495854063015,0.0036697247706422016,0.0,govreport_51,topk_thinning,TinyLlama/TinyLlama-1.1B-Chat-v1.0,govreport,256,128,64,attention
13.211527561682729,0.07569147438334767,256,19.377017442137003,2276.27001953125,192,topk_k128_recent64_attention,9.333333333333334,35.87322998046875,0.04890604890604891,0.0,0.04890604890604891,0.0,0.0,govreport_52,topk_thinning,TinyLlama/TinyLlama-1.1B-Chat-v1.0,govreport,256,128,64,attention
13.21365276479958,0.07567930062941741,256,19.373900961130857,2276.27001953125,192,topk_k128_recent64_attention,9.333333333333334,1.3795408010482788,0.015444015444015443,0.0,0.015444015444015443,0.002717391304347826,0.0,govreport_53,topk_thinning,TinyLlama/TinyLlama-1.1B-Chat-v1.0,govreport,256,128,64,attention
13.211043806640323,0.07569424601388164,256,19.3777269795537,2276.27001953125,192,topk_k128_recent64_attention,9.333333333333334,1.310526728630066,0.002717391304347826,0.0,0.002717391304347826,0.0028653295128939827,0.0,govreport_54,topk_thinning,TinyLlama/TinyLlama-1.1B-Chat-v1.0,govreport,256,128,64,attention
13.212338370536791,0.07568682938290294,256,19.375828322023153,2276.27001953125,192,topk_k128_recent64_attention,9.333333333333334,15.654973030090332,0.006103763987792472,0.0,0.006103763987792472,0.004357298474945534,0.0,govreport_55,topk_thinning,TinyLlama/TinyLlama-1.1B-Chat-v1.0,govreport,256,128,64,attention
13.211219403605641,0.07569323992356658,256,19.377469420433044,2276.27001953125,192,topk_k128_recent64_attention,9.333333333333334,1.5836431980133057,0.0,0.0,0.0,0.0,0.0,govreport_56,topk_thinning,TinyLlama/TinyLlama-1.1B-Chat-v1.0,govreport,256,128,64,attention
13.21195752675992,0.07568901110789739,256,19.37638684362173,2276.27001953125,192,topk_k128_recent64_attention,9.333333333333334,2.6209213733673096,0.0,0.0,0.0,0.0,0.0,govreport_57,topk_thinning,TinyLlama/TinyLlama-1.1B-Chat-v1.0,govreport,256,128,64,attention
13.213400196423958,0.07568074720620643,256,19.374271284788847,2276.27001953125,192,topk_k128_recent64_attention,9.333333333333334,1.2215266227722168,0.0,0.0,0.0,0.0,0.0,govreport_58,topk_thinning,TinyLlama/TinyLlama-1.1B-Chat-v1.0,govreport,256,128,64,attention
13.214719238876588,0.07567319304507691,256,19.37233741953969,2276.27001953125,192,topk_k128_recent64_attention,9.333333333333334,1.4225844144821167,0.0022935779816513763,0.0,0.0022935779816513763,0.002506265664160401,0.0,govreport_59,topk_thinning,TinyLlama/TinyLlama-1.1B-Chat-v1.0,govreport,256,128,64,attention
13.215337349699679,0.07566965364094358,256,19.371431332081556,2276.27001953125,192,topk_k128_recent64_attention,9.333333333333334,123.81405639648438,0.06702412868632708,0.0,0.064343163538874,0.0,0.0,govreport_60,topk_thinning,TinyLlama/TinyLlama-1.1B-Chat-v1.0,govreport,256,128,64,attention
13.214863109550187,0.07567236918839626,256,19.372126512229443,2276.27001953125,192,topk_k128_recent64_attention,9.333333333333334,1.3471440076828003,0.010025062656641603,0.0,0.010025062656641603,0.0026595744680851063,0.0,govreport_61,topk_thinning,TinyLlama/TinyLlama-1.1B-Chat-v1.0,govreport,256,128,64,attention
13.21682967813128,0.07566110968764406,256,19.36924408003688,2276.27001953125,192,topk_k128_recent64_attention,9.333333333333334,29.04829216003418,0.006134969325153375,0.0,0.006134969325153375,0.006557377049180327,0.0,govreport_62,topk_thinning,TinyLlama/TinyLlama-1.1B-Chat-v1.0,govreport,256,128,64,attention
13.218386401446667,0.07565219911339227,256,19.36696297302842,2276.27001953125,192,topk_k128_recent64_attention,9.333333333333334,4.132898807525635,0.0,0.0,0.0,0.0,0.0,govreport_63,topk_thinning,TinyLlama/TinyLlama-1.1B-Chat-v1.0,govreport,256,128,64,attention
13.217569193564906,0.07565687649184838,256,19.368160381913185,2276.27001953125,192,topk_k128_recent64_attention,9.333333333333334,1.533945918083191,0.0,0.0,0,0.0,0.0,govreport_64,topk_thinning,TinyLlama/TinyLlama-1.1B-Chat-v1.0,govreport,256,128,64,attention
13.21459690743245,0.07567389357427601,256,19.372516755014658,2276.27001953125,192,topk_k128_recent64_attention,9.333333333333334,1.2531110048294067,0.014336917562724014,0.0,0.014336917562724014,0.0026041666666666665,0.0,govreport_65,topk_thinning,TinyLlama/TinyLlama-1.1B-Chat-v1.0,govreport,256,128,64,attention
13.219232007933558,0.0756473598012235,256,19.365724109113216,2276.27001953125,192,topk_k128_recent64_attention,9.333333333333334,76.09957885742188,0.023612750885478158,0.0,0.02125147579693034,0.004914004914004914,0.0,govreport_66,topk_thinning,TinyLlama/TinyLlama-1.1B-Chat-v1.0,govreport,256,128,64,attention
13.215473744105212,0.0756688726687571,256,19.37123140320182,2276.27001953125,192,topk_k128_recent64_attention,9.333333333333334,1.2103191614151,0.026420079260237782,0.0,0.023778071334214005,0.005494505494505495,0.0,govreport_67,topk_thinning,TinyLlama/TinyLlama-1.1B-Chat-v1.0,govreport,256,128,64,attention
13.220706819078703,0.07563892110192683,256,19.363563802093267,2276.27001953125,192,topk_k128_recent64_attention,9.333333333333334,14.80588150024414,0.004081632653061224,0.0,0.004081632653061224,0.0021390374331550803,0.0,govreport_68,topk_thinning,TinyLlama/TinyLlama-1.1B-Chat-v1.0,govreport,256,128,64,attention
13.22081770077654,0.07563828672573436,256,19.363401401787996,2276.27001953125,192,topk_k128_recent64_attention,9.333333333333334,1.4293065071105957,0.0,0.0,0.0,0.0,0.0,govreport_69,topk_thinning,TinyLlama/TinyLlama-1.1B-Chat-v1.0,govreport,256,128,64,attention
13.220590664139518,0.07563958565879147,256,19.363733928650618,2276.27001953125,192,topk_k128_recent64_attention,9.333333333333334,1.5052828788757324,0.010152284263959392,0.0,0.007614213197969544,0.0026773761713520753,0.0,govreport_70,topk_thinning,TinyLlama/TinyLlama-1.1B-Chat-v1.0,govreport,256,128,64,attention
13.221539812649343,0.07563415564072784,256,19.362343844026327,2276.27001953125,192,topk_k128_recent64_attention,9.333333333333334,1.574152946472168,0.02130492676431425,0.0,0.018641810918774968,0.002840909090909091,0.0,govreport_71,topk_thinning,TinyLlama/TinyLlama-1.1B-Chat-v1.0,govreport,256,128,64,attention
13.219850571520807,0.07564382022246718,256,19.3648179769516,2276.27001953125,192,topk_k128_recent64_attention,9.333333333333334,2.1498446464538574,0.004012036108324975,0.0,0.004012036108324975,0.002157497303128371,0.0,govreport_72,topk_thinning,TinyLlama/TinyLlama-1.1B-Chat-v1.0,govreport,256,128,64,attention
13.219739561087204,0.07564445542811882,256,19.364980589598417,2276.27001953125,192,topk_k128_recent64_attention,9.333333333333334,131.61724853515625,0.034594594594594595,0.0,0.030270270270270273,0.006299212598425197,0.0,govreport_73,topk_thinning,TinyLlama/TinyLlama-1.1B-Chat-v1.0,govreport,256,128,64,attention
13.21775286820367,0.07565582515962888,256,19.367891240864992,2276.27001953125,192,topk_k128_recent64_attention,9.333333333333334,4.180075645446777,0.0025380710659898475,0.0,0.0025380710659898475,0.0026595744680851063,0.0,govreport_74,topk_thinning,TinyLlama/TinyLlama-1.1B-Chat-v1.0,govreport,256,128,64,attention
13.215197949129506,0.07567045184259769,256,19.371635671705008,2276.27001953125,192,topk_k128_recent64_attention,9.333333333333334,1.5390887260437012,0.0022650056625141564,0.0,0.0022650056625141564,0.0,0.0,govreport_75,topk_thinning,TinyLlama/TinyLlama-1.1B-Chat-v1.0,govreport,256,128,64,attention
13.216192395051856,0.07566475805651862,256,19.370178062468767,2276.27001953125,192,topk_k128_recent64_attention,9.333333333333334,103.58285522460938,0.045454545454545456,0.0,0.043062200956937795,0.002512562814070352,0.0,govreport_76,topk_thinning,TinyLlama/TinyLlama-1.1B-Chat-v1.0,govreport,256,128,64,attention
13.21747727045234,0.0756574026599992,256,19.368295080959797,2276.27001953125,192,topk_k128_recent64_attention,9.333333333333334,4.021391868591309,0.013297872340425532,0.0,0.013297872340425532,0.005633802816901408,0.0,govreport_77,topk_thinning,TinyLlama/TinyLlama-1.1B-Chat-v1.0,govreport,256,128,64,attention
13.218658365454251,0.07565064262598753,256,19.366564512252808,2276.27001953125,192,topk_k128_recent64_attention,9.333333333333334,2.994751214981079,0.0,0.0,0.0,0.0,0.0,govreport_78,topk_thinning,TinyLlama/TinyLlama-1.1B-Chat-v1.0,govreport,256,128,64,attention
13.215820417843068,0.07566688774386421,256,19.370723262429237,2276.27001953125,192,topk_k128_recent64_attention,9.333333333333334,1.662976861000061,0.03316326530612245,0.0,0.03316326530612245,0.0027063599458728013,0.0,govreport_79,topk_thinning,TinyLlama/TinyLlama-1.1B-Chat-v1.0,govreport,256,128,64,attention
13.215617544796208,0.07566804930684157,256,19.37102062255144,2276.27001953125,192,topk_k128_recent64_attention,9.333333333333334,1.159250020980835,0.0,0.0,0.0,0.0,0.0,govreport_80,topk_thinning,TinyLlama/TinyLlama-1.1B-Chat-v1.0,govreport,256,128,64,attention
13.217607332956039,0.07565665818401612,256,19.368104495108128,2276.27001953125,192,topk_k128_recent64_attention,9.333333333333334,241.19729614257812,0.0477326968973747,0.0,0.0477326968973747,0.002560819462227913,0.0,govreport_81,topk_thinning,TinyLlama/TinyLlama-1.1B-Chat-v1.0,govreport,256,128,64,attention
13.21577399301104,0.07566715354914777,256,19.37079130858183,2276.27001953125,192,topk_k128_recent64_attention,9.333333333333334,31.071218490600586,0.00980392156862745,0.0,0.007352941176470589,0.005420054200542005,0.0,govreport_82,topk_thinning,TinyLlama/TinyLlama-1.1B-Chat-v1.0,govreport,256,128,64,attention
13.134130483802549,0.07613751068129204,256,19.491202734410763,2276.27001953125,192,topk_k128_recent64_attention,9.333333333333334,57.75371170043945,0.042723631508678236,0.0,0.042723631508678236,0.0,0.0,govreport_83,topk_thinning,TinyLlama/TinyLlama-1.1B-Chat-v1.0,govreport,256,128,64,attention
13.214610543185044,0.07567381548869889,256,19.372496765106916,2276.27001953125,192,topk_k128_recent64_attention,9.333333333333334,9.422234535217285,0.0,0.0,0,0.0,0.0,govreport_84,topk_thinning,TinyLlama/TinyLlama-1.1B-Chat-v1.0,govreport,256,128,64,attention
13.213857714384135,0.07567812682827935,256,19.373600468039513,2276.27001953125,192,topk_k128_recent64_attention,9.333333333333334,58.08761978149414,0.0747282608695652,0.0,0.0747282608695652,0.0014336917562724014,0.0,govreport_85,topk_thinning,TinyLlama/TinyLlama-1.1B-Chat-v1.0,govreport,256,128,64,attention
13.217142648377235,0.07565931809949689,256,19.368785433471203,2276.27001953125,192,topk_k128_recent64_attention,9.333333333333334,181.078857421875,0.034151547491995726,0.0,0.02988260405549626,0.004519774011299435,0.0,govreport_86,topk_thinning,TinyLlama/TinyLlama-1.1B-Chat-v1.0,govreport,256,128,64,attention
13.21673825844473,0.07566163303272333,256,19.369378056377172,2276.27001953125,192,topk_k128_recent64_attention,9.333333333333334,33.35588073730469,0.05683060109289618,0.0,0.054644808743169404,0.0,0.0,govreport_87,topk_thinning,TinyLlama/TinyLlama-1.1B-Chat-v1.0,govreport,256,128,64,attention
13.215755856255155,0.07566725739161484,256,19.3708178922534,2276.27001953125,192,topk_k128_recent64_attention,9.333333333333334,361.5964050292969,0.07075471698113207,0.0,0.07075471698113207,0.0,0.0,govreport_88,topk_thinning,TinyLlama/TinyLlama-1.1B-Chat-v1.0,govreport,256,128,64,attention
13.214687408087984,0.07567337532236706,256,19.37238408252597,2276.27001953125,192,topk_k128_recent64_attention,9.333333333333334,1.347543478012085,0.04275534441805226,0.0,0.035629453681710214,0.007509386733416771,0.0,govreport_89,topk_thinning,TinyLlama/TinyLlama-1.1B-Chat-v1.0,govreport,256,128,64,attention
13.214060213246636,0.0756769670988433,256,19.373303577303886,2276.27001953125,192,topk_k128_recent64_attention,9.333333333333334,1.327431321144104,0.009111617312072893,0.0,0.006833712984054669,0.0049382716049382715,0.0,govreport_90,topk_thinning,TinyLlama/TinyLlama-1.1B-Chat-v1.0,govreport,256,128,64,attention
13.214397271140651,0.0756750368163921,256,19.372809424996376,2276.27001953125,192,topk_k128_recent64_attention,9.333333333333334,6.287844181060791,0.0,0.0,0.0,0.0,0.0,govreport_91,topk_thinning,TinyLlama/TinyLlama-1.1B-Chat-v1.0,govreport,256,128,64,attention
13.21602001326227,0.07566574498196132,256,19.3704307153821,2276.27001953125,192,topk_k128_recent64_attention,9.333333333333334,2.0663604736328125,0.08333333333333333,0.003883495145631068,0.0678294573643411,0.002717391304347826,0.0,govreport_92,topk_thinning,TinyLlama/TinyLlama-1.1B-Chat-v1.0,govreport,256,128,64,attention
13.215665953477528,0.07566777213651221,256,19.370949666947126,2276.27001953125,192,topk_k128_recent64_attention,9.333333333333334,20.304824829101562,0.05657708628005658,0.0,0.053748231966053744,0.006024096385542169,0.0,govreport_93,topk_thinning,TinyLlama/TinyLlama-1.1B-Chat-v1.0,govreport,256,128,64,attention
13.214465443042872,0.07567464641761035,256,19.37270948290825,2276.27001953125,192,topk_k128_recent64_attention,9.333333333333334,1.5048575401306152,0.004689331770222743,0.0,0.004689331770222743,0.005128205128205128,0.0,govreport_94,topk_thinning,TinyLlama/TinyLlama-1.1B-Chat-v1.0,govreport,256,128,64,attention
13.215201100426174,0.0756704337982228,256,19.371631052345037,2276.27001953125,192,topk_k128_recent64_attention,9.333333333333334,1.7381657361984253,0.038014783526927144,0.0,0.038014783526927144,0.004439511653718091,0.0,govreport_95,topk_thinning,TinyLlama/TinyLlama-1.1B-Chat-v1.0,govreport,256,128,64,attention
13.214347032039663,0.07567532452230807,256,19.372883077710867,2276.27001953125,192,topk_k128_recent64_attention,9.333333333333334,4.3542561531066895,0.0,0.0,0,0.0,0.0,govreport_96,topk_thinning,TinyLlama/TinyLlama-1.1B-Chat-v1.0,govreport,256,128,64,attention
13.212437063224643,0.0756862640264444,256,19.375683590769768,2276.27001953125,192,topk_k128_recent64_attention,9.333333333333334,1.5189743041992188,0.0,0.0,0.0,0.0,0.0,govreport_97,topk_thinning,TinyLlama/TinyLlama-1.1B-Chat-v1.0,govreport,256,128,64,attention
13.215282612794637,0.07566996706009377,256,19.371511567384005,2276.27001953125,192,topk_k128_recent64_attention,9.333333333333334,53.420127868652344,0.05757575757575757,0.0,0.05454545454545454,0.005319148936170213,0.0,govreport_98,topk_thinning,TinyLlama/TinyLlama-1.1B-Chat-v1.0,govreport,256,128,64,attention
13.216045778361803,0.07566559746919665,256,19.370392952114344,2276.27001953125,192,topk_k128_recent64_attention,9.333333333333334,4.205021858215332,0.004711425206124852,0.0,0.004711425206124852,0.0025673940949935813,0.0,govreport_99,topk_thinning,TinyLlama/TinyLlama-1.1B-Chat-v1.0,govreport,256,128,64,attention
12.13779466584998,0.08238728925061878,256,21.091146048158407,351.8515625,192,topk_k128_recent64_attention,9.333333333333334,10.974328994750977,0.002594033722438392,0.0,0.002594033722438392,0.0027894002789400282,0.0,govreport_0,topk_thinning,TinyLlama/TinyLlama-1.1B-Chat-v1.0,govreport,256,128,64,attention
12.464158978276117,0.08023004213464446,256,20.538890786468983,351.8515625,192,topk_k128_recent64_attention,9.333333333333334,14.688139915466309,0.0,0.0,0.0,0.0,0.0,govreport_1,topk_thinning,TinyLlama/TinyLlama-1.1B-Chat-v1.0,govreport,256,128,64,attention
12.46170813366803,0.0802458209800534,256,20.54293017089367,351.8515625,192,topk_k128_recent64_attention,9.333333333333334,57.46149444580078,0.06356968215158924,0.0,0.06356968215158924,0.0025575447570332483,0.0,govreport_2,topk_thinning,TinyLlama/TinyLlama-1.1B-Chat-v1.0,govreport,256,128,64,attention
12.498043630432921,0.08001252272515558,256,20.483205817639828,351.8515625,192,topk_k128_recent64_attention,9.333333333333334,39.67928695678711,0.0,0.0,0.0,0.0,0.0,govreport_3,topk_thinning,TinyLlama/TinyLlama-1.1B-Chat-v1.0,govreport,256,128,64,attention
12.64906063005467,0.07905725407181308,256,20.238657042384148,351.8515625,192,topk_k128_recent64_attention,9.333333333333334,1.3390756845474243,0.004524886877828055,0.0,0.0022624434389140274,0.004842615012106538,0.0,govreport_4,topk_thinning,TinyLlama/TinyLlama-1.1B-Chat-v1.0,govreport,256,128,64,attention
12.652000951638765,0.07903888118744362,256,20.233953583985567,351.8515625,192,topk_k128_recent64_attention,9.333333333333334,1.4169436693191528,0.007434944237918217,0.0024844720496894407,0.007434944237918217,0.007999999999999998,0.0,govreport_5,topk_thinning,TinyLlama/TinyLlama-1.1B-Chat-v1.0,govreport,256,128,64,attention
12.654118421977183,0.07902565525728278,256,20.23056774586439,351.8515625,192,topk_k128_recent64_attention,9.333333333333334,27.746723175048828,0.024266936299292215,0.0,0.02224469160768453,0.004343105320304018,0.0,govreport_6,topk_thinning,TinyLlama/TinyLlama-1.1B-Chat-v1.0,govreport,256,128,64,attention
12.653049150417122,0.07903233348042704,256,20.232277370989323,351.8515625,192,topk_k128_recent64_attention,9.333333333333334,3.1786179542541504,0.011075949367088608,0.0,0.00949367088607595,0.0016877637130801686,0.0,govreport_7,topk_thinning,TinyLlama/TinyLlama-1.1B-Chat-v1.0,govreport,256,128,64,attention
12.656153210384002,0.07901294993644115,256,20.227315183728933,351.8515625,192,topk_k128_recent64_attention,9.333333333333334,7.247091293334961,0.0,0.0,0.0,0.0,0.0,govreport_8,topk_thinning,TinyLlama/TinyLlama-1.1B-Chat-v1.0,govreport,256,128,64,attention
12.655828717827463,0.0790149758104235,256,20.227833807468414,351.8515625,192,topk_k128_recent64_attention,9.333333333333334,9.326427459716797,0.0,0.0,0.0,0.0,0.0,govreport_9,topk_thinning,TinyLlama/TinyLlama-1.1B-Chat-v1.0,govreport,256,128,64,attention
12.659171151442155,0.07899411328253336,256,20.22249300032854,351.8515625,192,topk_k128_recent64_attention,9.333333333333334,4.558529376983643,0.057007125890736345,0.0,0.057007125890736345,0.0025252525252525255,0.0,govreport_10,topk_thinning,TinyLlama/TinyLlama-1.1B-Chat-v1.0,govreport,256,128,64,attention
12.657417705330738,0.0790050564246485,256,20.225294444710016,351.8515625,192,topk_k128_recent64_attention,9.333333333333334,2.2915375232696533,0.021660649819494584,0.0,0.01925391095066185,0.0,0.0,govreport_11,topk_thinning,TinyLlama/TinyLlama-1.1B-Chat-v1.0,govreport,256,128,64,attention
12.656930396413541,0.0790080982260406,256,20.226073145866394,351.8515625,192,topk_k128_recent64_attention,9.333333333333334,1.2458041906356812,0.0,0.0,0.0,0.0,0.0,govreport_12,topk_thinning,TinyLlama/TinyLlama-1.1B-Chat-v1.0,govreport,256,128,64,attention
12.657481016211191,0.07900466125283856,256,20.22519328072667,351.8515625,192,topk_k128_recent64_attention,9.333333333333334,3.2172765731811523,0.009248554913294798,0.0,0.009248554913294798,0.0024301336573511545,0.0,govreport_13,topk_thinning,TinyLlama/TinyLlama-1.1B-Chat-v1.0,govreport,256,128,64,attention
12.660145958360838,0.07898803088755812,256,20.22093590721488,351.8515625,192,topk_k128_recent64_attention,9.333333333333334,1.8498157262802124,0.0,0.0,0.0,0.0,0.0,govreport_14,topk_thinning,TinyLlama/TinyLlama-1.1B-Chat-v1.0,govreport,256,128,64,attention
12.658225225315531,0.07900001636880916,256,20.224004190415144,351.8515625,192,topk_k128_recent64_attention,9.333333333333334,154.1260528564453,0.08120868744098204,0.0,0.08120868744098204,0.0,0.0,govreport_15,topk_thinning,TinyLlama/TinyLlama-1.1B-Chat-v1.0,govreport,256,128,64,attention
12.658936574082025,0.07899557708879001,256,20.222867734730244,351.8515625,192,topk_k128_recent64_attention,9.333333333333334,2.243610143661499,0.0,0.0,0.0,0.0,0.0,govreport_16,topk_thinning,TinyLlama/TinyLlama-1.1B-Chat-v1.0,govreport,256,128,64,attention
12.659767624150323,0.0789903914264869,256,20.221540205180645,351.8515625,192,topk_k128_recent64_attention,9.333333333333334,109.87687683105469,0.06174496644295303,0.0,0.06174496644295303,0.002915451895043732,0.0,govreport_17,topk_thinning,TinyLlama/TinyLlama-1.1B-Chat-v1.0,govreport,256,128,64,attention
12.659508670142106,0.07899200719839428,256,20.221953842788935,351.8515625,192,topk_k128_recent64_attention,9.333333333333334,14.989982604980469,0.0,0.0,0.0,0.0,0.0,govreport_18,topk_thinning,TinyLlama/TinyLlama-1.1B-Chat-v1.0,govreport,256,128,64,attention
12.658882228800021,0.07899591622117441,256,20.22295455262065,351.8515625,192,topk_k128_recent64_attention,9.333333333333334,1.200264811515808,0.0,0.0,0.0,0.0,0.0,govreport_19,topk_thinning,TinyLlama/TinyLlama-1.1B-Chat-v1.0,govreport,256,128,64,attention
12.660992196688099,0.07898275146726519,256,20.21958437561989,351.8515625,192,topk_k128_recent64_attention,9.333333333333334,533.0712280273438,0.044554455445544545,0.0,0.044554455445544545,0.0026212319790301438,0.0,govreport_20,topk_thinning,TinyLlama/TinyLlama-1.1B-Chat-v1.0,govreport,256,128,64,attention
12.658298423637458,0.07899955954053439,256,20.223887242376804,351.8515625,192,topk_k128_recent64_attention,9.333333333333334,1.4742177724838257,0.031578947368421054,0.002109704641350211,0.031578947368421054,0.004489337822671156,0.0,govreport_21,topk_thinning,TinyLlama/TinyLlama-1.1B-Chat-v1.0,govreport,256,128,64,attention
12.659416779989773,0.0789925805729581,256,20.222100626677275,351.8515625,192,topk_k128_recent64_attention,9.333333333333334,13.784525871276855,0.055222088835534214,0.0,0.048019207683073224,0.002583979328165375,0.0,govreport_22,topk_thinning,TinyLlama/TinyLlama-1.1B-Chat-v1.0,govreport,256,128,64,attention
12.658965884116933,0.07899539418576751,256,20.222820911556482,351.8515625,192,topk_k128_recent64_attention,9.333333333333334,2.2761008739471436,0.0015290519877675841,0.0,0.0015290519877675841,0.0016246953696181967,0.0,govreport_23,topk_thinning,TinyLlama/TinyLlama-1.1B-Chat-v1.0,govreport,256,128,64,attention
12.660497717627699,0.0789858362841187,256,20.22037408873439,351.8515625,192,topk_k128_recent64_attention,9.333333333333334,54.20948028564453,0.04617253948967193,0.00243605359317905,0.04374240583232078,0.003809523809523809,0.0,govreport_24,topk_thinning,TinyLlama/TinyLlama-1.1B-Chat-v1.0,govreport,256,128,64,attention
12.65846347913201,0.07899852945411112,256,20.223623540252447,351.8515625,192,topk_k128_recent64_attention,9.333333333333334,81.25191497802734,0.06720430107526883,0.0,0.06451612903225806,0.0,0.0,govreport_25,topk_thinning,TinyLlama/TinyLlama-1.1B-Chat-v1.0,govreport,256,128,64,attention
12.658966364495754,0.07899539118807297,256,20.22282014414668,351.8515625,192,topk_k128_recent64_attention,9.333333333333334,1.3442806005477905,0.002577319587628866,0.0,0.002577319587628866,0.00272108843537415,0.0,govreport_26,topk_thinning,TinyLlama/TinyLlama-1.1B-Chat-v1.0,govreport,256,128,64,attention
12.659128748617967,0.07899437788000796,256,20.222560737282038,351.8515625,192,topk_k128_recent64_attention,9.333333333333334,1.3865008354187012,0.0,0.0,0.0,0.0,0.0,govreport_27,topk_thinning,TinyLlama/TinyLlama-1.1B-Chat-v1.0,govreport,256,128,64,attention
12.659353197878572,0.07899297731637489,256,20.222202192991972,351.8515625,192,topk_k128_recent64_attention,9.333333333333334,1.53227961063385,0.025,0.0,0.025,0.0029069767441860465,0.0,govreport_28,topk_thinning,TinyLlama/TinyLlama-1.1B-Chat-v1.0,govreport,256,128,64,attention
12.659807946226133,0.07899013983842451,256,20.221475798636675,351.8515625,192,topk_k128_recent64_attention,9.333333333333334,1.2575832605361938,0.0,0.0,0.0,0.0,0.0,govreport_29,topk_thinning,TinyLlama/TinyLlama-1.1B-Chat-v1.0,govreport,256,128,64,attention
12.658702399496034,0.07899703843577299,256,20.223241839557886,351.8515625,192,topk_k128_recent64_attention,9.333333333333334,1.3105276823043823,0.0211864406779661,0.0021231422505307855,0.0211864406779661,0.006564551422319474,0.0,govreport_30,topk_thinning,TinyLlama/TinyLlama-1.1B-Chat-v1.0,govreport,256,128,64,attention
12.657418726468947,0.07900505005090963,256,20.225292813032866,351.8515625,192,topk_k128_recent64_attention,9.333333333333334,6.238245487213135,0.002145922746781116,0.0,0.002145922746781116,0.002309468822170901,0.0,govreport_31,topk_thinning,TinyLlama/TinyLlama-1.1B-Chat-v1.0,govreport,256,128,64,attention
12.658596194454274,0.07899770121730398,256,20.22341151162982,351.8515625,192,topk_k128_recent64_attention,9.333333333333334,1.2921191453933716,0.011507479861910242,0.0,0.011507479861910242,0.00245398773006135,0.0,govreport_32,topk_thinning,TinyLlama/TinyLlama-1.1B-Chat-v1.0,govreport,256,128,64,attention
12.65748943486213,0.07900460870587267,256,20.225179828703403,351.8515625,192,topk_k128_recent64_attention,9.333333333333334,27.765092849731445,0.0,0.0,0.0,0.0,0.0,govreport_33,topk_thinning,TinyLlama/TinyLlama-1.1B-Chat-v1.0,govreport,256,128,64,attention
12.657121153251191,0.07900690748647321,256,20.225768316537142,351.8515625,192,topk_k128_recent64_attention,9.333333333333334,1.2666219472885132,0.025,0.0,0.025,0.005201560468140442,0.0,govreport_34,topk_thinning,TinyLlama/TinyLlama-1.1B-Chat-v1.0,govreport,256,128,64,attention
12.658223537191697,0.07900002690439578,256,20.22400688752532,351.8515625,192,topk_k128_recent64_attention,9.333333333333334,1.3715969324111938,0.0024721878862793575,0.0,0.0024721878862793575,0.0026007802340702207,0.0,govreport_35,topk_thinning,TinyLlama/TinyLlama-1.1B-Chat-v1.0,govreport,256,128,64,attention
12.659518311199323,0.07899194704077672,256,20.22193844243884,351.8515625,192,topk_k128_recent64_attention,9.333333333333334,15.30232048034668,0.010869565217391304,0.0,0.010869565217391304,0.003838771593090211,0.0,govreport_36,topk_thinning,TinyLlama/TinyLlama-1.1B-Chat-v1.0,govreport,256,128,64,attention
12.65821174365404,0.079000100507983,256,20.22402573004365,351.8515625,192,topk_k128_recent64_attention,9.333333333333334,1.4635339975357056,0.02617801047120419,0.0,0.02617801047120419,0.0027894002789400274,0.0,govreport_37,topk_thinning,TinyLlama/TinyLlama-1.1B-Chat-v1.0,govreport,256,128,64,attention
12.657917506899746,0.07900193688692525,256,20.224495843052864,351.8515625,192,topk_k128_recent64_attention,9.333333333333334,791.6353149414062,0.03827751196172249,0.0,0.03827751196172249,0.0025542784163473816,0.0,govreport_38,topk_thinning,TinyLlama/TinyLlama-1.1B-Chat-v1.0,govreport,256,128,64,attention
12.6572853014702,0.07900588287157007,256,20.225506015121937,351.8515625,192,topk_k128_recent64_attention,9.333333333333334,390.09271240234375,0.036585365853658534,0.0,0.036585365853658534,0.002577319587628866,0.0,govreport_39,topk_thinning,TinyLlama/TinyLlama-1.1B-Chat-v1.0,govreport,256,128,64,attention
12.657790483015063,0.07900272968981881,256,20.224698800593615,351.8515625,192,topk_k128_recent64_attention,9.333333333333334,22.286081314086914,0.0730816077953715,0.002442002442002442,0.0730816077953715,0.003898635477582846,0.0,govreport_40,topk_thinning,TinyLlama/TinyLlama-1.1B-Chat-v1.0,govreport,256,128,64,attention
12.658193025130496,0.07900021733075846,256,20.224055636674166,351.8515625,192,topk_k128_recent64_attention,9.333333333333334,1.2489718198776245,0.0,0.0,0.0,0.0,0.0,govreport_41,topk_thinning,TinyLlama/TinyLlama-1.1B-Chat-v1.0,govreport,256,128,64,attention
12.658608587981998,0.07899762387387455,256,20.223391711711884,351.8515625,192,topk_k128_recent64_attention,9.333333333333334,2.569474697113037,0.0025031289111389237,0.0,0.0025031289111389237,0.002663115845539281,0.0,govreport_42,topk_thinning,TinyLlama/TinyLlama-1.1B-Chat-v1.0,govreport,256,128,64,attention
12.65824931144084,0.07899986604752485,256,20.22396570816636,351.8515625,192,topk_k128_recent64_attention,9.333333333333334,2.81703782081604,0.004987531172069825,0.0,0.004987531172069825,0.0026702269692923898,0.0,govreport_43,topk_thinning,TinyLlama/TinyLlama-1.1B-Chat-v1.0,govreport,256,128,64,attention
12.657589655203864,0.07900398316269275,256,20.225019689649343,351.8515625,192,topk_k128_recent64_attention,9.333333333333334,2.3806331157684326,0.015228426395939085,0.0,0.015228426395939085,0.008097165991902834,0.0,govreport_44,topk_thinning,TinyLlama/TinyLlama-1.1B-Chat-v1.0,govreport,256,128,64,attention
12.655472983165048,0.07901719685469288,256,20.22840239480138,351.8515625,192,topk_k128_recent64_attention,9.333333333333334,1.3495824337005615,0.0,0.0,0.0,0.0,0.0,govreport_45,topk_thinning,TinyLlama/TinyLlama-1.1B-Chat-v1.0,govreport,256,128,64,attention
12.657038792831848,0.07900742159108631,256,20.225899927318096,351.8515625,192,topk_k128_recent64_attention,9.333333333333334,1.6402175426483154,0.020408163265306124,0.0022727272727272726,0.020408163265306124,0.0035273368606701942,0.0,govreport_46,topk_thinning,TinyLlama/TinyLlama-1.1B-Chat-v1.0,govreport,256,128,64,attention
12.656895155971805,0.07900831820734311,256,20.226129461079836,351.8515625,192,topk_k128_recent64_attention,9.333333333333334,182.9557342529297,0.0,0.0,0.0,0.0,0.0,govreport_47,topk_thinning,TinyLlama/TinyLlama-1.1B-Chat-v1.0,govreport,256,128,64,attention
12.658673316868562,0.07899721992725972,256,20.22328830137849,351.8515625,192,topk_k128_recent64_attention,9.333333333333334,1.232879877090454,0.0,0.0,0.0,0.0,0.0,govreport_48,topk_thinning,TinyLlama/TinyLlama-1.1B-Chat-v1.0,govreport,256,128,64,attention
12.659114992188872,0.07899446372175589,256,20.22258271276951,351.8515625,192,topk_k128_recent64_attention,9.333333333333334,2.055628538131714,0.0,0.0,0.0,0.0,0.0,govreport_49,topk_thinning,TinyLlama/TinyLlama-1.1B-Chat-v1.0,govreport,256,128,64,attention
12.660666655883647,0.07898478233255446,256,20.22010427713394,351.8515625,192,topk_k128_recent64_attention,9.333333333333334,1.9359582662582397,0.0,0.0,0.0,0.0,0.0,govreport_50,topk_thinning,TinyLlama/TinyLlama-1.1B-Chat-v1.0,govreport,256,128,64,attention
12.658452123515602,0.07899860032193828,256,20.2236416824162,351.8515625,192,topk_k128_recent64_attention,9.333333333333334,14.768940925598145,0.0033167495854063015,0.0,0.0033167495854063015,0.0036697247706422016,0.0,govreport_51,topk_thinning,TinyLlama/TinyLlama-1.1B-Chat-v1.0,govreport,256,128,64,attention
12.658991113382099,0.07899523674859665,256,20.222780607640743,351.8515625,192,topk_k128_recent64_attention,9.333333333333334,35.87322998046875,0.04890604890604891,0.0,0.04890604890604891,0.0,0.0,govreport_52,topk_thinning,TinyLlama/TinyLlama-1.1B-Chat-v1.0,govreport,256,128,64,attention
12.56935266504982,0.07955859196954407,256,20.36699954420328,351.8515625,192,topk_k128_recent64_attention,9.333333333333334,1.3795408010482788,0.015444015444015443,0.0,0.015444015444015443,0.002717391304347826,0.0,govreport_53,topk_thinning,TinyLlama/TinyLlama-1.1B-Chat-v1.0,govreport,256,128,64,attention
12.657250124328637,0.07900610244541895,256,20.22556222602725,351.8515625,192,topk_k128_recent64_attention,9.333333333333334,1.310526728630066,0.002717391304347826,0.0,0.002717391304347826,0.0028653295128939827,0.0,govreport_54,topk_thinning,TinyLlama/TinyLlama-1.1B-Chat-v1.0,govreport,256,128,64,attention
12.657108114547908,0.07900698887533508,256,20.22578915208578,351.8515625,192,topk_k128_recent64_attention,9.333333333333334,15.654973030090332,0.006103763987792472,0.0,0.006103763987792472,0.004357298474945534,0.0,govreport_55,topk_thinning,TinyLlama/TinyLlama-1.1B-Chat-v1.0,govreport,256,128,64,attention
12.657354660856651,0.0790054499375401,256,20.225395184010267,351.8515625,192,topk_k128_recent64_attention,9.333333333333334,1.5836431980133057,0.0,0.0,0.0,0.0,0.0,govreport_56,topk_thinning,TinyLlama/TinyLlama-1.1B-Chat-v1.0,govreport,256,128,64,attention
12.658647032556258,0.07899738395644818,256,20.223330292850733,351.8515625,192,topk_k128_recent64_attention,9.333333333333334,2.6209213733673096,0.0,0.0,0.0,0.0,0.0,govreport_57,topk_thinning,TinyLlama/TinyLlama-1.1B-Chat-v1.0,govreport,256,128,64,attention
12.658149006040494,0.07900049205636606,256,20.22412596642971,351.8515625,192,topk_k128_recent64_attention,9.333333333333334,1.2215266227722168,0.0,0.0,0.0,0.0,0.0,govreport_58,topk_thinning,TinyLlama/TinyLlama-1.1B-Chat-v1.0,govreport,256,128,64,attention
12.656870403624334,0.079008472719579,256,20.226169016212225,351.8515625,192,topk_k128_recent64_attention,9.333333333333334,1.4225844144821167,0.0022935779816513763,0.0,0.0022935779816513763,0.002506265664160401,0.0,govreport_59,topk_thinning,TinyLlama/TinyLlama-1.1B-Chat-v1.0,govreport,256,128,64,attention
12.658060157381314,0.07900104657164775,256,20.224267922341824,351.8515625,192,topk_k128_recent64_attention,9.333333333333334,123.81405639648438,0.06702412868632708,0.0,0.064343163538874,0.0,0.0,govreport_60,topk_thinning,TinyLlama/TinyLlama-1.1B-Chat-v1.0,govreport,256,128,64,attention
12.65716301109722,0.07900664620683528,256,20.225701428949833,351.8515625,192,topk_k128_recent64_attention,9.333333333333334,1.3471440076828003,0.010025062656641603,0.0,0.010025062656641603,0.0026595744680851063,0.0,govreport_61,topk_thinning,TinyLlama/TinyLlama-1.1B-Chat-v1.0,govreport,256,128,64,attention
12.658159901780168,0.0790004240552662,256,20.224108558148146,351.8515625,192,topk_k128_recent64_attention,9.333333333333334,29.04829216003418,0.006134969325153375,0.0,0.006134969325153375,0.006557377049180327,0.0,govreport_62,topk_thinning,TinyLlama/TinyLlama-1.1B-Chat-v1.0,govreport,256,128,64,attention
12.655581196134683,0.07901652120926883,256,20.22822942957282,351.8515625,192,topk_k128_recent64_attention,9.333333333333334,4.132898807525635,0.0,0.0,0.0,0.0,0.0,govreport_63,topk_thinning,TinyLlama/TinyLlama-1.1B-Chat-v1.0,govreport,256,128,64,attention
12.656258768392412,0.07901229093840811,256,20.227146480232477,351.8515625,192,topk_k128_recent64_attention,9.333333333333334,1.533945918083191,0.0,0.0,0,0.0,0.0,govreport_64,topk_thinning,TinyLlama/TinyLlama-1.1B-Chat-v1.0,govreport,256,128,64,attention
12.657645341628763,0.07900363559019752,256,20.224930711090565,351.8515625,192,topk_k128_recent64_attention,9.333333333333334,1.2531110048294067,0.014336917562724014,0.0,0.014336917562724014,0.0026041666666666665,0.0,govreport_65,topk_thinning,TinyLlama/TinyLlama-1.1B-Chat-v1.0,govreport,256,128,64,attention
12.656057080144913,0.079013550086529,256,20.227468822151423,351.8515625,192,topk_k128_recent64_attention,9.333333333333334,76.09957885742188,0.023612750885478158,0.0,0.02125147579693034,0.004914004914004914,0.0,govreport_66,topk_thinning,TinyLlama/TinyLlama-1.1B-Chat-v1.0,govreport,256,128,64,attention
12.658924681275002,0.07899565130355768,256,20.222886733710766,351.8515625,192,topk_k128_recent64_attention,9.333333333333334,1.2103191614151,0.026420079260237782,0.0,0.023778071334214005,0.005494505494505495,0.0,govreport_67,topk_thinning,TinyLlama/TinyLlama-1.1B-Chat-v1.0,govreport,256,128,64,attention
12.660461587300631,0.07898606169328559,256,20.22043179348111,351.8515625,192,topk_k128_recent64_attention,9.333333333333334,14.80588150024414,0.004081632653061224,0.0,0.004081632653061224,0.0021390374331550803,0.0,govreport_68,topk_thinning,TinyLlama/TinyLlama-1.1B-Chat-v1.0,govreport,256,128,64,attention
12.65695346587296,0.0790079542202875,256,20.2260362803936,351.8515625,192,topk_k128_recent64_attention,9.333333333333334,1.4293065071105957,0.0,0.0,0.0,0.0,0.0,govreport_69,topk_thinning,TinyLlama/TinyLlama-1.1B-Chat-v1.0,govreport,256,128,64,attention
12.656496859609417,0.07901080457668286,256,20.22676597163081,351.8515625,192,topk_k128_recent64_attention,9.333333333333334,1.5052828788757324,0.010152284263959392,0.0,0.007614213197969544,0.0026773761713520753,0.0,govreport_70,topk_thinning,TinyLlama/TinyLlama-1.1B-Chat-v1.0,govreport,256,128,64,attention
12.659345653608689,0.07899302439182065,256,20.222214244306087,351.8515625,192,topk_k128_recent64_attention,9.333333333333334,1.574152946472168,0.02130492676431425,0.0,0.018641810918774968,0.002840909090909091,0.0,govreport_71,topk_thinning,TinyLlama/TinyLlama-1.1B-Chat-v1.0,govreport,256,128,64,attention
12.660741708862238,0.07898431411013007,256,20.2199844121933,351.8515625,192,topk_k128_recent64_attention,9.333333333333334,2.1498446464538574,0.004012036108324975,0.0,0.004012036108324975,0.002157497303128371,0.0,govreport_72,topk_thinning,TinyLlama/TinyLlama-1.1B-Chat-v1.0,govreport,256,128,64,attention
12.659692951208209,0.07899085734970868,256,20.22165948152542,351.8515625,192,topk_k128_recent64_attention,9.333333333333334,131.61724853515625,0.034594594594594595,0.0,0.030270270270270273,0.006299212598425197,0.0,govreport_73,topk_thinning,TinyLlama/TinyLlama-1.1B-Chat-v1.0,govreport,256,128,64,attention
12.659336978292458,0.0789930785249453,256,20.222228102385998,351.8515625,192,topk_k128_recent64_attention,9.333333333333334,4.180075645446777,0.0025380710659898475,0.0,0.0025380710659898475,0.0026595744680851063,0.0,govreport_74,topk_thinning,TinyLlama/TinyLlama-1.1B-Chat-v1.0,govreport,256,128,64,attention
12.661260726800982,0.07898107633809559,256,20.21915554255247,351.8515625,192,topk_k128_recent64_attention,9.333333333333334,1.5390887260437012,0.0022650056625141564,0.0,0.0022650056625141564,0.0,0.0,govreport_75,topk_thinning,TinyLlama/TinyLlama-1.1B-Chat-v1.0,govreport,256,128,64,attention
12.659077899650768,0.07899469518451951,256,20.222641967236996,351.8515625,192,topk_k128_recent64_attention,9.333333333333334,103.58285522460938,0.045454545454545456,0.0,0.043062200956937795,0.002512562814070352,0.0,govreport_76,topk_thinning,TinyLlama/TinyLlama-1.1B-Chat-v1.0,govreport,256,128,64,attention
12.65878540184457,0.07899652046035044,256,20.223109237849712,351.8515625,192,topk_k128_recent64_attention,9.333333333333334,4.021391868591309,0.013297872340425532,0.0,0.013297872340425532,0.005633802816901408,0.0,govreport_77,topk_thinning,TinyLlama/TinyLlama-1.1B-Chat-v1.0,govreport,256,128,64,attention
12.659410709531024,0.07899261845159344,256,20.22211032360792,351.8515625,192,topk_k128_recent64_attention,9.333333333333334,2.994751214981079,0.0,0.0,0.0,0.0,0.0,govreport_78,topk_thinning,TinyLlama/TinyLlama-1.1B-Chat-v1.0,govreport,256,128,64,attention
12.659765623096161,0.07899040391203016,256,20.22154340147972,351.8515625,192,topk_k128_recent64_attention,9.333333333333334,1.662976861000061,0.03316326530612245,0.0,0.03316326530612245,0.0027063599458728013,0.0,govreport_79,topk_thinning,TinyLlama/TinyLlama-1.1B-Chat-v1.0,govreport,256,128,64,attention
12.65959588329761,0.0789914630149724,256,20.221814531832933,351.8515625,192,topk_k128_recent64_attention,9.333333333333334,1.159250020980835,0.0,0.0,0.0,0.0,0.0,govreport_80,topk_thinning,TinyLlama/TinyLlama-1.1B-Chat-v1.0,govreport,256,128,64,attention
12.659039611032853,0.07899493411241565,256,20.222703132778406,351.8515625,192,topk_k128_recent64_attention,9.333333333333334,241.19729614257812,0.0477326968973747,0.0,0.0477326968973747,0.002560819462227913,0.0,govreport_81,topk_thinning,TinyLlama/TinyLlama-1.1B-Chat-v1.0,govreport,256,128,64,attention
12.660260705043342,0.07898731497698463,256,20.220752634108067,351.8515625,192,topk_k128_recent64_attention,9.333333333333334,31.071218490600586,0.00980392156862745,0.0,0.007352941176470589,0.005420054200542005,0.0,govreport_82,topk_thinning,TinyLlama/TinyLlama-1.1B-Chat-v1.0,govreport,256,128,64,attention
12.657575909113842,0.07900406896078493,256,20.225041653960943,351.8515625,192,topk_k128_recent64_attention,9.333333333333334,57.75371170043945,0.042723631508678236,0.0,0.042723631508678236,0.0,0.0,govreport_83,topk_thinning,TinyLlama/TinyLlama-1.1B-Chat-v1.0,govreport,256,128,64,attention
12.65859488165116,0.07899770941003226,256,20.223413608968258,351.8515625,192,topk_k128_recent64_attention,9.333333333333334,9.422234535217285,0.0,0.0,0,0.0,0.0,govreport_84,topk_thinning,TinyLlama/TinyLlama-1.1B-Chat-v1.0,govreport,256,128,64,attention
12.657833492395364,0.07900246125063859,256,20.22463008016348,351.8515625,192,topk_k128_recent64_attention,9.333333333333334,58.08761978149414,0.0747282608695652,0.0,0.0747282608695652,0.0014336917562724014,0.0,govreport_85,topk_thinning,TinyLlama/TinyLlama-1.1B-Chat-v1.0,govreport,256,128,64,attention
12.659440275961629,0.07899243396241218,256,20.222063094377518,351.8515625,192,topk_k128_recent64_attention,9.333333333333334,181.078857421875,0.034151547491995726,0.0,0.02988260405549626,0.004519774011299435,0.0,govreport_86,topk_thinning,TinyLlama/TinyLlama-1.1B-Chat-v1.0,govreport,256,128,64,attention
12.660052869464993,0.07898861168359872,256,20.221084591001272,351.8515625,192,topk_k128_recent64_attention,9.333333333333334,33.35588073730469,0.05683060109289618,0.0,0.054644808743169404,0.0,0.0,govreport_87,topk_thinning,TinyLlama/TinyLlama-1.1B-Chat-v1.0,govreport,256,128,64,attention
12.659892460395218,0.07898961252067238,256,20.22134080529213,351.8515625,192,topk_k128_recent64_attention,9.333333333333334,361.5964050292969,0.07075471698113207,0.0,0.07075471698113207,0.0,0.0,govreport_88,topk_thinning,TinyLlama/TinyLlama-1.1B-Chat-v1.0,govreport,256,128,64,attention
12.661207061390316,0.07898141110490542,256,20.219241242855787,351.8515625,192,topk_k128_recent64_attention,9.333333333333334,1.347543478012085,0.04275534441805226,0.0,0.035629453681710214,0.007509386733416771,0.0,govreport_89,topk_thinning,TinyLlama/TinyLlama-1.1B-Chat-v1.0,govreport,256,128,64,attention
12.659997807906162,0.07898895522521343,256,20.22117253765464,351.8515625,192,topk_k128_recent64_attention,9.333333333333334,1.327431321144104,0.009111617312072893,0.0,0.006833712984054669,0.0049382716049382715,0.0,govreport_90,topk_thinning,TinyLlama/TinyLlama-1.1B-Chat-v1.0,govreport,256,128,64,attention
12.659382080738343,0.07899279709090479,256,20.222156055271626,351.8515625,192,topk_k128_recent64_attention,9.333333333333334,6.287844181060791,0.0,0.0,0.0,0.0,0.0,govreport_91,topk_thinning,TinyLlama/TinyLlama-1.1B-Chat-v1.0,govreport,256,128,64,attention
12.658398474915886,0.07899893513240386,256,20.223727393895388,351.8515625,192,topk_k128_recent64_attention,9.333333333333334,2.0663604736328125,0.08333333333333333,0.003883495145631068,0.0678294573643411,0.002717391304347826,0.0,govreport_92,topk_thinning,TinyLlama/TinyLlama-1.1B-Chat-v1.0,govreport,256,128,64,attention
12.660379995097971,0.0789865707338322,256,20.220562107861042,351.8515625,192,topk_k128_recent64_attention,9.333333333333334,20.304824829101562,0.05657708628005658,0.0,0.053748231966053744,0.006024096385542169,0.0,govreport_93,topk_thinning,TinyLlama/TinyLlama-1.1B-Chat-v1.0,govreport,256,128,64,attention
12.659036693747689,0.0789949523168616,256,20.22270779311657,351.8515625,192,topk_k128_recent64_attention,9.333333333333334,1.5048575401306152,0.004689331770222743,0.0,0.004689331770222743,0.005128205128205128,0.0,govreport_94,topk_thinning,TinyLlama/TinyLlama-1.1B-Chat-v1.0,govreport,256,128,64,attention
12.66018210554552,0.07898780536197592,256,20.220878172665834,351.8515625,192,topk_k128_recent64_attention,9.333333333333334,1.7381657361984253,0.038014783526927144,0.0,0.038014783526927144,0.004439511653718091,0.0,govreport_95,topk_thinning,TinyLlama/TinyLlama-1.1B-Chat-v1.0,govreport,256,128,64,attention
12.660446995278642,0.07898615273006726,256,20.22045509889722,351.8515625,192,topk_k128_recent64_attention,9.333333333333334,4.3542561531066895,0.0,0.0,0,0.0,0.0,govreport_96,topk_thinning,TinyLlama/TinyLlama-1.1B-Chat-v1.0,govreport,256,128,64,attention
12.659351689023877,0.07899298673146404,256,20.222204603254795,351.8515625,192,topk_k128_recent64_attention,9.333333333333334,1.5189743041992188,0.0,0.0,0.0,0.0,0.0,govreport_97,topk_thinning,TinyLlama/TinyLlama-1.1B-Chat-v1.0,govreport,256,128,64,attention
12.65905833206029,0.0789948172896402,256,20.22267322614789,351.8515625,192,topk_k128_recent64_attention,9.333333333333334,53.420127868652344,0.05757575757575757,0.0,0.05454545454545454,0.005319148936170213,0.0,govreport_98,topk_thinning,TinyLlama/TinyLlama-1.1B-Chat-v1.0,govreport,256,128,64,attention
12.657991487404225,0.07900147515465505,256,20.224377639591694,351.8515625,192,topk_k128_recent64_attention,9.333333333333334,4.205021858215332,0.004711425206124852,0.0,0.004711425206124852,0.0025673940949935813,0.0,govreport_99,topk_thinning,TinyLlama/TinyLlama-1.1B-Chat-v1.0,govreport,256,128,64,attention
26.43066405084844,0.03783484206360299,256,9.685719568282366,11466.20361328125,192,topk_k128_recent64_attention,9.333333333333334,1.171349287033081,0.07782101167315175,0.0,0.07782101167315175,0.0055788005578800565,0.0,govreport_0,topk_thinning,TinyLlama/TinyLlama-1.1B-Chat-v1.0,govreport,256,128,64,attention
27.322668757809314,0.03659964584221598,256,9.36950933560729,11466.20361328125,192,topk_k128_recent64_attention,9.333333333333334,2.449300765991211,0.007731958762886597,0.0,0.007731958762886597,0.00554016620498615,0.0,govreport_1,topk_thinning,TinyLlama/TinyLlama-1.1B-Chat-v1.0,govreport,256,128,64,attention
27.32403818169135,0.03659781154419761,256,9.369039755314589,11466.20361328125,192,topk_k128_recent64_attention,9.333333333333334,78.2868881225586,0.06326034063260341,0.0,0.06326034063260341,0.002544529262086514,0.0,govreport_2,topk_thinning,TinyLlama/TinyLlama-1.1B-Chat-v1.0,govreport,256,128,64,attention
23.45274047586129,0.04263894025643822,256,10.915568705648184,3302.14794921875,192,topk_k128_recent64_attention,71.91666666666667,1.3923704624176025,0.02635431918008785,0.0,0.02635431918008785,0.006389776357827476,0.0,govreport_0,topk_thinning,TinyLlama/TinyLlama-1.1B-Chat-v1.0,govreport,256,128,64,attention
23.775264996063317,0.04206051962682977,256,10.767493024468422,3302.15087890625,192,topk_k128_recent64_attention,72.9375,1.1586108207702637,0.06060606060606061,0.0,0.06060606060606061,0.0025806451612903226,0.0,govreport_1,topk_thinning,TinyLlama/TinyLlama-1.1B-Chat-v1.0,govreport,256,128,64,attention
23.942881057310682,0.041766068068682216,256,10.692113425582647,3302.14794921875,192,topk_k128_recent64_attention,71.83333333333333,273.71990966796875,0.0389294403892944,0.0,0.0389294403892944,0.002544529262086514,0.0,govreport_2,topk_thinning,TinyLlama/TinyLlama-1.1B-Chat-v1.0,govreport,256,128,64,attention
23.809381483008387,0.042000251065474004,256,10.752064272761345,3302.14990234375,192,topk_k128_recent64_attention,72.40625,1.1919772624969482,0.05113636363636364,0.0,0.05113636363636364,0.0034188034188034192,0.0,govreport_3,topk_thinning,TinyLlama/TinyLlama-1.1B-Chat-v1.0,govreport,256,128,64,attention
22.19382327888965,0.045057581446599215,256,11.534740850329399,3302.18408203125,192,topk_k128_recent64_attention,84.11458333333333,273.71990966796875,0.04058624577226607,0.0,0.04058624577226607,0.0024125452352231607,0.0,govreport_4,topk_thinning,TinyLlama/TinyLlama-1.1B-Chat-v1.0,govreport,256,128,64,attention
36.41268886106542,0.02746295402175747,256,7.030516229569912,3301.98388671875,192,topk_k128_recent64_attention,15.901041666666666,1.5688996315002441,0.0862533692722372,0.0,0.0862533692722372,0.003048780487804878,0.0,govreport_5,topk_thinning,TinyLlama/TinyLlama-1.1B-Chat-v1.0,govreport,256,128,64,attention
29.379421608189762,0.034037429781164974,256,8.713582023978233,3302.05908203125,192,topk_k128_recent64_attention,41.5625,1.132386565208435,0.07042253521126761,0.0,0.07042253521126761,0.0025062656641604013,0.0,govreport_6,topk_thinning,TinyLlama/TinyLlama-1.1B-Chat-v1.0,govreport,256,128,64,attention
21.991890884840817,0.04547130600258242,256,11.6406543366611,3302.18896484375,192,topk_k128_recent64_attention,85.796875,273.71990966796875,0.05055292259083728,0.0,0.05055292259083728,0.0016835016835016834,0.0,govreport_7,topk_thinning,TinyLlama/TinyLlama-1.1B-Chat-v1.0,govreport,256,128,64,attention
26.806497073385028,0.03730438920320012,256,9.54992363601923,3302.09716796875,192,topk_k128_recent64_attention,54.541666666666664,1.6368474960327148,0.11244979919678715,0.0,0.11244979919678715,0.006015037593984962,0.0,govreport_8,topk_thinning,TinyLlama/TinyLlama-1.1B-Chat-v1.0,govreport,256,128,64,attention
20.581563482126754,0.048587173703708686,256,12.438316468149424,3302.22412109375,192,topk_k128_recent64_attention,97.96354166666667,273.71990966796875,0.06329113924050633,0.0,0.06329113924050633,0.002684563758389262,0.0,govreport_9,topk_thinning,TinyLlama/TinyLlama-1.1B-Chat-v1.0,govreport,256,128,64,attention
36.45819130515079,0.027428678280557506,256,7.0217416398227215,3301.98388671875,192,topk_k128_recent64_attention,15.947916666666666,1.9106920957565308,0.07843137254901962,0.005242463958060288,0.07058823529411765,0.006633499170812605,0.0,govreport_10,topk_thinning,TinyLlama/TinyLlama-1.1B-Chat-v1.0,govreport,256,128,64,attention
26.114362478457835,0.03829310406581499,256,9.803034640848637,3302.10791015625,192,topk_k128_recent64_attention,58.182291666666664,1.8122031688690186,0.13445378151260504,0.0,0.11044417767106843,0.0058479532163742695,0.0,govreport_11,topk_thinning,TinyLlama/TinyLlama-1.1B-Chat-v1.0,govreport,256,128,64,attention
19.71726188227851,0.05071698118990753,256,12.983547184616327,3302.24853515625,192,topk_k128_recent64_attention,106.19270833333333,1.3771023750305176,0.09418282548476455,0.0,0.09418282548476455,0.008733624454148471,0.0,govreport_12,topk_thinning,TinyLlama/TinyLlama-1.1B-Chat-v1.0,govreport,256,128,64,attention
26.873079397685064,0.03721196165133733,256,9.526262182742357,3302.09619140625,192,topk_k128_recent64_attention,54.244791666666664,8.293667793273926,0.0792838874680307,0.0,0.0792838874680307,0.005405405405405406,0.0,govreport_13,topk_thinning,TinyLlama/TinyLlama-1.1B-Chat-v1.0,govreport,256,128,64,attention
28.138592199404215,0.03553838063089643,256,9.097825441509485,3302.07763671875,192,topk_k128_recent64_attention,47.796875,1.5132009983062744,0.09610389610389611,0.0078125,0.0935064935064935,0.0061068702290076335,0.0,govreport_14,topk_thinning,TinyLlama/TinyLlama-1.1B-Chat-v1.0,govreport,256,128,64,attention
26.900588423849282,0.03717390802921727,256,9.516520455479622,3302.09716796875,192,topk_k128_recent64_attention,54.489583333333336,1.1957865953445435,0.09431939978563772,0.0,0.09217577706323686,0.002898550724637681,0.0,govreport_15,topk_thinning,TinyLlama/TinyLlama-1.1B-Chat-v1.0,govreport,256,128,64,attention
22.247007033727453,0.044949866671231575,256,11.507165867835283,3302.18505859375,192,topk_k128_recent64_attention,84.45833333333333,1.3717468976974487,0.12989690721649486,0.004132231404958678,0.12989690721649486,0.002538071065989848,0.0,govreport_16,topk_thinning,TinyLlama/TinyLlama-1.1B-Chat-v1.0,govreport,256,128,64,attention
33.93378624676063,0.0294691548042465,256,7.544103629887104,3302.01025390625,192,topk_k128_recent64_attention,24.760416666666668,1.1788111925125122,0.045112781954887216,0.0,0.042105263157894736,0.0,0.0,govreport_17,topk_thinning,TinyLlama/TinyLlama-1.1B-Chat-v1.0,govreport,256,128,64,attention
20.492850587599985,0.04879750602412969,256,12.4921615421772,3302.22802734375,192,topk_k128_recent64_attention,99.16666666666667,1.2332494258880615,0.0899149453219927,0.00243605359317905,0.0899149453219927,0.005747126436781609,0.0,govreport_18,topk_thinning,TinyLlama/TinyLlama-1.1B-Chat-v1.0,govreport,256,128,64,attention
34.84827999461738,0.028695820859866217,256,7.3461301401257515,3302.00048828125,192,topk_k128_recent64_attention,21.619791666666668,1.1927467584609985,0.06402439024390243,0.0,0.06097560975609756,0.0,0.0,govreport_19,topk_thinning,TinyLlama/TinyLlama-1.1B-Chat-v1.0,govreport,256,128,64,attention
25.527078731019582,0.03917408687993884,256,10.028566241264343,3302.11962890625,192,topk_k128_recent64_attention,62.046875,1.4797848463058472,0.1271523178807947,0.0398406374501992,0.1271523178807947,0.005633802816901408,0.0,govreport_20,topk_thinning,TinyLlama/TinyLlama-1.1B-Chat-v1.0,govreport,256,128,64,attention
26.921288655508423,0.03714532438607421,256,9.509203042834997,3302.09716796875,192,topk_k128_recent64_attention,54.609375,1.1209663152694702,0.0,0.0,0.0,0.0,0.0,govreport_21,topk_thinning,TinyLlama/TinyLlama-1.1B-Chat-v1.0,govreport,256,128,64,attention
25.805327538269815,0.03875168794183992,256,9.92043211311102,3302.11474609375,192,topk_k128_recent64_attention,60.520833333333336,2.1744437217712402,0.15126050420168066,0.0,0.15126050420168066,0.003067484662576687,0.0,govreport_22,topk_thinning,TinyLlama/TinyLlama-1.1B-Chat-v1.0,govreport,256,128,64,attention
21.713131715560483,0.04605507916130591,256,11.790100265294313,3302.19677734375,192,topk_k128_recent64_attention,88.515625,1.5156043767929077,0.007745933384972889,0.0,0.007745933384972889,0.0016474464579901153,0.0,govreport_23,topk_thinning,TinyLlama/TinyLlama-1.1B-Chat-v1.0,govreport,256,128,64,attention
26.94834272573299,0.03710803332796786,256,9.499656531959772,3302.09619140625,192,topk_k128_recent64_attention,54.208333333333336,2.0960617065429688,0.10277777777777777,0.002785515320334262,0.08333333333333334,0.006339144215530903,0.0,govreport_24,topk_thinning,TinyLlama/TinyLlama-1.1B-Chat-v1.0,govreport,256,128,64,attention
22.3517956526088,0.04473913485708181,256,11.453218523412943,3302.18310546875,192,topk_k128_recent64_attention,83.6875,151.71592712402344,0.07455429497568883,0.0,0.07455429497568883,0.0035273368606701942,0.0,govreport_25,topk_thinning,TinyLlama/TinyLlama-1.1B-Chat-v1.0,govreport,256,128,64,attention
18.599895685404235,0.05376374238403514,256,13.763518050312996,3302.28466796875,192,topk_k128_recent64_attention,118.48958333333333,1.2431352138519287,0.0736196319018405,0.0,0.07055214723926381,0.0,0.0,govreport_26,topk_thinning,TinyLlama/TinyLlama-1.1B-Chat-v1.0,govreport,256,128,64,attention
21.310441857818255,0.04692535268259235,256,12.012890286743641,3302.20751953125,192,topk_k128_recent64_attention,92.09375,1.1500442028045654,0.08782936010037642,0.005031446540880504,0.08531994981179422,0.006535947712418301,0.0,govreport_27,topk_thinning,TinyLlama/TinyLlama-1.1B-Chat-v1.0,govreport,256,128,64,attention
32.11709902709467,0.031136062418227084,256,7.9708319790661335,3302.02880859375,192,topk_k128_recent64_attention,31.166666666666668,2.1744437217712402,0.11634349030470915,0.0027777777777777775,0.11634349030470915,0.0035587188612099642,0.0,govreport_28,topk_thinning,TinyLlama/TinyLlama-1.1B-Chat-v1.0,govreport,256,128,64,attention
21.249536949675964,0.04705984899192117,256,12.04732134193182,3302.20849609375,192,topk_k128_recent64_attention,92.43229166666667,1.3717468976974487,0.11233211233211234,0.004895960832313341,0.11233211233211234,0.0030911901081916537,0.0,govreport_29,topk_thinning,TinyLlama/TinyLlama-1.1B-Chat-v1.0,govreport,256,128,64,attention
27.953107525698144,0.035774197880527936,256,9.158194657415152,3302.08154296875,192,topk_k128_recent64_attention,49.244791666666664,1.1385377645492554,0.14179894179894179,0.008483563096500531,0.14179894179894179,0.004366812227074236,0.0,govreport_30,topk_thinning,TinyLlama/TinyLlama-1.1B-Chat-v1.0,govreport,256,128,64,attention
31.08743329561803,0.03216733882436529,256,8.234838739037514,3302.04052734375,192,topk_k128_recent64_attention,35.229166666666664,1.1914438009262085,0.012391573729863693,0.0,0.012391573729863693,0.0026990553306342783,0.0,govreport_31,topk_thinning,TinyLlama/TinyLlama-1.1B-Chat-v1.0,govreport,256,128,64,attention
29.58094011098377,0.03380555169133004,256,8.65422123298049,3302.05908203125,192,topk_k128_recent64_attention,41.479166666666664,1.143436074256897,0.06106870229007633,0.0025510204081632655,0.06106870229007633,0.00546448087431694,0.0,govreport_32,topk_thinning,TinyLlama/TinyLlama-1.1B-Chat-v1.0,govreport,256,128,64,attention
29.20827817292556,0.03423686922178604,256,8.764638520777225,3302.06396484375,192,topk_k128_recent64_attention,43.010416666666664,1.1953799724578857,0.05548216644649933,0.0,0.05548216644649933,0.003134796238244514,0.0,govreport_33,topk_thinning,TinyLlama/TinyLlama-1.1B-Chat-v1.0,govreport,256,128,64,attention
25.05230992255233,0.039916478883242235,256,10.218618594110012,3302.12841796875,192,topk_k128_recent64_attention,65.16145833333333,75.82675170898438,0.0,0.0,0.0,0.0,0.0,govreport_34,topk_thinning,TinyLlama/TinyLlama-1.1B-Chat-v1.0,govreport,256,128,64,attention
30.015031755922646,0.033316639746772125,256,8.529059775173664,3302.05419921875,192,topk_k128_recent64_attention,39.682291666666664,82.76420593261719,0.08620689655172413,0.0,0.08620689655172413,0.002680965147453083,0.0,govreport_35,topk_thinning,TinyLlama/TinyLlama-1.1B-Chat-v1.0,govreport,256,128,64,attention
36.632669493701094,0.02729803789407015,256,6.988297700881958,3301.98583984375,192,topk_k128_recent64_attention,16.630208333333332,1.2693750858306885,0.08997955010224948,0.004106776180698152,0.08997955010224948,0.005076142131979695,0.0,govreport_36,topk_thinning,TinyLlama/TinyLlama-1.1B-Chat-v1.0,govreport,256,128,64,attention
33.183417332998935,0.03013553396158386,256,7.714696694165468,3302.01806640625,192,topk_k128_recent64_attention,27.588541666666668,1.222001552581787,0.08763693270735524,0.0,0.08763693270735524,0.0,0.0,govreport_37,topk_thinning,TinyLlama/TinyLlama-1.1B-Chat-v1.0,govreport,256,128,64,attention
23.921049556516778,0.04180418579198886,256,10.701871562749147,3302.14990234375,192,topk_k128_recent64_attention,72.52083333333333,78.27188873291016,0.050179211469534045,0.0,0.050179211469534045,0.0025510204081632655,0.0,govreport_38,topk_thinning,TinyLlama/TinyLlama-1.1B-Chat-v1.0,govreport,256,128,64,attention
30.799930702496702,0.032467605517013,256,8.311707012355328,3302.04443359375,192,topk_k128_recent64_attention,36.348958333333336,1.2289857864379883,0.0923913043478261,0.0,0.0923913043478261,0.0028943560057887122,0.0,govreport_39,topk_thinning,TinyLlama/TinyLlama-1.1B-Chat-v1.0,govreport,256,128,64,attention
33.21011321101607,0.030111309577478096,256,7.7084952518343925,3302.01806640625,192,topk_k128_recent64_attention,27.536458333333332,1.3195698261260986,0.07173601147776183,0.0,0.07173601147776183,0.0031446540880503146,0.0,govreport_40,topk_thinning,TinyLlama/TinyLlama-1.1B-Chat-v1.0,govreport,256,128,64,attention
26.21090335646679,0.03815206162107643,256,9.766927774995565,3302.10888671875,192,topk_k128_recent64_attention,58.338541666666664,1.4456825256347656,0.12956419316843346,0.011806375442739079,0.12485276796230861,0.005830903790087464,0.0,govreport_41,topk_thinning,TinyLlama/TinyLlama-1.1B-Chat-v1.0,govreport,256,128,64,attention
18.976856801861764,0.052695765712996945,256,13.490116022527218,3302.27294921875,192,topk_k128_recent64_attention,114.38020833333333,1.2004567384719849,0.0,0.0,0.0,0.0,0.0,govreport_42,topk_thinning,TinyLlama/TinyLlama-1.1B-Chat-v1.0,govreport,256,128,64,attention
29.23777855220189,0.03420232485223096,256,8.755795162171125,3302.06298828125,192,topk_k128_recent64_attention,42.96875,1.2687474489212036,0.01388888888888889,0.0,0.01388888888888889,0.0029985007496251873,0.0,govreport_43,topk_thinning,TinyLlama/TinyLlama-1.1B-Chat-v1.0,govreport,256,128,64,attention
34.07061896249948,0.02935080225870479,256,7.513805378228426,3302.00830078125,192,topk_k128_recent64_attention,24.244791666666668,1.174107551574707,0.008534850640113797,0.0,0.008534850640113797,0.003048780487804878,0.0,govreport_44,topk_thinning,TinyLlama/TinyLlama-1.1B-Chat-v1.0,govreport,256,128,64,attention
20.962088844816826,0.04770516943244729,256,12.212523374706507,3302.21630859375,192,topk_k128_recent64_attention,95.015625,1.3303070068359375,0.0712742980561555,0.0,0.06911447084233262,0.008064516129032258,0.0,govreport_45,topk_thinning,TinyLlama/TinyLlama-1.1B-Chat-v1.0,govreport,256,128,64,attention
24.737479833702235,0.04042448975087609,256,10.34866937622428,3302.13330078125,192,topk_k128_recent64_attention,66.76041666666667,1.274515986442566,0.014005602240896357,0.0,0.014005602240896357,0.0,0.0,govreport_46,topk_thinning,TinyLlama/TinyLlama-1.1B-Chat-v1.0,govreport,256,128,64,attention
27.89766680836803,0.03584529153886251,256,9.176394633948803,3302.08251953125,192,topk_k128_recent64_attention,49.338541666666664,1.477985143661499,0.06240713224368499,0.0,0.06240713224368499,0.0,0.0,govreport_47,topk_thinning,TinyLlama/TinyLlama-1.1B-Chat-v1.0,govreport,256,128,64,attention
36.51287915490625,0.027387596463086084,256,7.011224694550037,3301.98681640625,192,topk_k128_recent64_attention,16.958333333333332,14.713642120361328,0.07012987012987014,0.0,0.07012987012987014,0.0027434842249657067,0.0,govreport_48,topk_thinning,TinyLlama/TinyLlama-1.1B-Chat-v1.0,govreport,256,128,64,attention
18.73409783913968,0.05337860454164911,256,13.664922762662172,3302.28076171875,192,topk_k128_recent64_attention,117.05208333333333,1.195252537727356,0.0024906600249066002,0.0,0.0024906600249066002,0.002861230329041488,0.0,govreport_49,topk_thinning,TinyLlama/TinyLlama-1.1B-Chat-v1.0,govreport,256,128,64,attention
30.35273942628443,0.03294595541956369,256,8.434164587408304,3302.05029296875,192,topk_k128_recent64_attention,38.354166666666664,1.4090979099273682,0.02462380300957592,0.0,0.02462380300957592,0.0,0.0,govreport_50,topk_thinning,TinyLlama/TinyLlama-1.1B-Chat-v1.0,govreport,256,128,64,attention
18.041952789714756,0.05542637272446882,256,14.189151417464018,3302.30322265625,192,topk_k128_recent64_attention,124.703125,1.611969232559204,0.1245136186770428,0.0,0.11932555123216602,0.005610098176718092,0.0,govreport_51,topk_thinning,TinyLlama/TinyLlama-1.1B-Chat-v1.0,govreport,256,128,64,attention
34.076263773745445,0.029345940230996348,256,7.512560699135065,3302.00830078125,192,topk_k128_recent64_attention,24.244791666666668,538.9674682617188,0.046213093709884474,0.0,0.046213093709884474,0.0,0.0,govreport_52,topk_thinning,TinyLlama/TinyLlama-1.1B-Chat-v1.0,govreport,256,128,64,attention
29.237610393693952,0.034202521565021016,256,8.75584552064538,3302.06396484375,192,topk_k128_recent64_attention,43.145833333333336,3.7383382320404053,0.0,0.0,0.0,0.0,0.0,govreport_53,topk_thinning,TinyLlama/TinyLlama-1.1B-Chat-v1.0,govreport,256,128,64,attention
19.57092949464597,0.05109619347786065,256,13.080625530332327,3302.25439453125,192,topk_k128_recent64_attention,108.09375,1.1784580945968628,0.05882352941176471,0.0,0.05882352941176471,0.0,0.0,govreport_54,topk_thinning,TinyLlama/TinyLlama-1.1B-Chat-v1.0,govreport,256,128,64,attention
21.54909022060261,0.046405671411775984,256,11.879851881414652,3302.20068359375,192,topk_k128_recent64_attention,89.97916666666667,1.5742268562316895,0.07568807339449542,0.006896551724137932,0.07339449541284404,0.007575757575757575,0.0,govreport_55,topk_thinning,TinyLlama/TinyLlama-1.1B-Chat-v1.0,govreport,256,128,64,attention
34.48837419244678,0.02899527807312552,256,7.422791186720133,3302.00537109375,192,topk_k128_recent64_attention,23.166666666666668,8.172750473022461,0.10484927916120576,0.021024967148488827,0.06815203145478375,0.008486562942008486,0.0,govreport_56,topk_thinning,TinyLlama/TinyLlama-1.1B-Chat-v1.0,govreport,256,128,64,attention
31.790983138342643,0.03145546004816424,256,8.052597772330046,3302.03271484375,192,topk_k128_recent64_attention,32.364583333333336,1.1560028791427612,0.11065006915629323,0.013869625520110958,0.11065006915629323,0.0,0.0,govreport_57,topk_thinning,TinyLlama/TinyLlama-1.1B-Chat-v1.0,govreport,256,128,64,attention
25.865018375859798,0.03866225747333374,256,9.897537913173437,3302.11474609375,192,topk_k128_recent64_attention,60.359375,1.296903133392334,0.13861386138613863,0.0024813895781637717,0.13861386138613863,0.0029761904761904765,0.0,govreport_58,topk_thinning,TinyLlama/TinyLlama-1.1B-Chat-v1.0,govreport,256,128,64,attention
31.368708200832398,0.03187890280969441,256,8.160999119281769,3302.03759765625,192,topk_k128_recent64_attention,34.057291666666664,1.5250780582427979,0.008547008547008546,0.0,0.008547008547008546,0.0,0.0,govreport_59,topk_thinning,TinyLlama/TinyLlama-1.1B-Chat-v1.0,govreport,256,128,64,attention
27.66673608901609,0.03614448761800304,256,9.252988830208778,3302.08544921875,192,topk_k128_recent64_attention,50.619791666666664,1.2898565530776978,0.1242603550295858,0.005934718100890208,0.1242603550295858,0.00398406374501992,0.0,govreport_60,topk_thinning,TinyLlama/TinyLlama-1.1B-Chat-v1.0,govreport,256,128,64,attention
28.519054784890177,0.03506427571119275,256,8.976454582065344,3302.07373046875,192,topk_k128_recent64_attention,46.588541666666664,273.71990966796875,0.04244694132334582,0.0,0.04244694132334582,0.002649006622516556,0.0,govreport_61,topk_thinning,TinyLlama/TinyLlama-1.1B-Chat-v1.0,govreport,256,128,64,attention
35.14194384920591,0.028456024068873376,256,7.284742161631584,3301.99951171875,192,topk_k128_recent64_attention,21.03125,1.256258249282837,0.06683804627249357,0.0,0.06683804627249357,0.0,0.0,govreport_62,topk_thinning,TinyLlama/TinyLlama-1.1B-Chat-v1.0,govreport,256,128,64,attention
31.30434749588117,0.031944444781402126,256,8.177777864038944,3302.03857421875,192,topk_k128_recent64_attention,34.380208333333336,1.892106533050537,0.006756756756756757,0.0,0.006756756756756757,0.0036697247706422025,0.0,govreport_63,topk_thinning,TinyLlama/TinyLlama-1.1B-Chat-v1.0,govreport,256,128,64,attention
25.603669873780373,0.03905690101964865,256,9.998566661030054,3302.11865234375,192,topk_k128_recent64_attention,61.864583333333336,1.148107886314392,0.03216374269005848,0.0,0.03216374269005848,0.006153846153846153,0.0,govreport_64,topk_thinning,TinyLlama/TinyLlama-1.1B-Chat-v1.0,govreport,256,128,64,attention
29.96441104161967,0.03337292358628474,256,8.543468438088894,3302.05419921875,192,topk_k128_recent64_attention,39.994791666666664,1.586254596710205,0.145933014354067,0.0,0.145933014354067,0.0059701492537313425,0.0,govreport_65,topk_thinning,TinyLlama/TinyLlama-1.1B-Chat-v1.0,govreport,256,128,64,attention
28.548103609917867,0.035028596423217095,256,8.967320684343576,3302.07373046875,192,topk_k128_recent64_attention,46.447916666666664,1.174639344215393,0.02125147579693034,0.0023668639053254434,0.02125147579693034,0.0049079754601227,0.0,govreport_66,topk_thinning,TinyLlama/TinyLlama-1.1B-Chat-v1.0,govreport,256,128,64,attention
20.81308606704122,0.0480466950830305,256,12.299953941255808,3302.22021484375,192,topk_k128_recent64_attention,96.59895833333333,1.1532273292541504,0.04761904761904762,0.0,0.04761904761904762,0.0,0.0,govreport_67,topk_thinning,TinyLlama/TinyLlama-1.1B-Chat-v1.0,govreport,256,128,64,attention
30.343936486259075,0.032955513219349086,256,8.436611384153366,3302.05029296875,192,topk_k128_recent64_attention,38.395833333333336,1.3428866863250732,0.12318029115341544,0.004489337822671156,0.12318029115341544,0.00258732212160414,0.0,govreport_68,topk_thinning,TinyLlama/TinyLlama-1.1B-Chat-v1.0,govreport,256,128,64,attention
32.423906542348924,0.03084144098102115,256,7.895408891141415,3302.02587890625,192,topk_k128_recent64_attention,30.098958333333332,1.21499764919281,0.014906832298136647,0.0024906600249066007,0.014906832298136647,0.005502063273727648,0.0,govreport_69,topk_thinning,TinyLlama/TinyLlama-1.1B-Chat-v1.0,govreport,256,128,64,attention
25.29782255359579,0.03952909377403557,256,10.119448006153107,3302.12451171875,192,topk_k128_recent64_attention,63.692708333333336,1.7067979574203491,0.003496503496503496,0.0,0.003496503496503496,0.00375234521575985,0.0,govreport_70,topk_thinning,TinyLlama/TinyLlama-1.1B-Chat-v1.0,govreport,256,128,64,attention
25.434403285240617,0.0393168256705394,256,10.065107371658087,3302.12158203125,192,topk_k128_recent64_attention,62.838541666666664,1.8906062841415405,0.1038961038961039,0.013029315960912051,0.08766233766233766,0.00425531914893617,0.0,govreport_71,topk_thinning,TinyLlama/TinyLlama-1.1B-Chat-v1.0,govreport,256,128,64,attention
33.26889287361793,0.030058108750381507,256,7.694875840097666,3302.01708984375,192,topk_k128_recent64_attention,27.151041666666668,2.876863479614258,0.028169014084507043,0.0051347881899871635,0.028169014084507043,0.0028288543140028285,0.0,govreport_72,topk_thinning,TinyLlama/TinyLlama-1.1B-Chat-v1.0,govreport,256,128,64,attention
36.975171444433165,0.02704517547681462,256,6.923564922064543,3301.98291015625,192,topk_k128_recent64_attention,15.447916666666666,1.5865505933761597,0.04112554112554113,0.0,0.03896103896103897,0.005263157894736842,0.0,govreport_73,topk_thinning,TinyLlama/TinyLlama-1.1B-Chat-v1.0,govreport,256,128,64,attention
37.61225962897749,0.026587075859424658,256,6.8062914200127125,3301.97705078125,192,topk_k128_recent64_attention,13.416666666666666,30.59471893310547,0.06091370558375634,0.0,0.06091370558375634,0.0,0.0,govreport_74,topk_thinning,TinyLlama/TinyLlama-1.1B-Chat-v1.0,govreport,256,128,64,attention
31.016450187520128,0.03224095581390429,256,8.253684688359499,3302.04150390625,192,topk_k128_recent64_attention,35.625,1.13083016872406,0.0,0.0,0.0,0.0,0.0,govreport_75,topk_thinning,TinyLlama/TinyLlama-1.1B-Chat-v1.0,govreport,256,128,64,attention
29.10491227712432,0.034358461227384396,256,8.795766074210405,3302.06591796875,192,topk_k128_recent64_attention,43.859375,1.2244642972946167,0.05741626794258373,0.002398081534772182,0.055023923444976086,0.0029850746268656717,0.0,govreport_76,topk_thinning,TinyLlama/TinyLlama-1.1B-Chat-v1.0,govreport,256,128,64,attention
30.12067520331089,0.033199786965269595,256,8.499145463109016,3302.05224609375,192,topk_k128_recent64_attention,39.1875,1.2328214645385742,0.064,0.003210272873194221,0.0576,0.00437636761487965,0.0,govreport_77,topk_thinning,TinyLlama/TinyLlama-1.1B-Chat-v1.0,govreport,256,128,64,attention
30.22140513178108,0.033089129894506186,256,8.470817252993584,3302.05126953125,192,topk_k128_recent64_attention,38.927083333333336,1.3380184173583984,0.1232876712328767,0.0,0.1232876712328767,0.0,0.0,govreport_78,topk_thinning,TinyLlama/TinyLlama-1.1B-Chat-v1.0,govreport,256,128,64,attention
29.95600590334147,0.03338228745269589,256,8.545865587890148,3302.05419921875,192,topk_k128_recent64_attention,39.994791666666664,1.207275152206421,0.0729483282674772,0.0,0.0729483282674772,0.003241491085899514,0.0,govreport_79,topk_thinning,TinyLlama/TinyLlama-1.1B-Chat-v1.0,govreport,256,128,64,attention
22.522474475959086,0.04440009471727535,256,11.36642424762249,3302.17919921875,192,topk_k128_recent64_attention,82.44270833333333,1.2223234176635742,0.0655226209048362,0.0,0.05928237129485179,0.00423728813559322,0.0,govreport_80,topk_thinning,TinyLlama/TinyLlama-1.1B-Chat-v1.0,govreport,256,128,64,attention
16.981359146081424,0.058888101440970786,256,15.075353968888521,3302.34228515625,192,topk_k128_recent64_attention,138.3125,1.7247138023376465,0.14779499404052443,0.014336917562724016,0.14779499404052443,0.0030534351145038168,0.0,govreport_81,topk_thinning,TinyLlama/TinyLlama-1.1B-Chat-v1.0,govreport,256,128,64,attention
35.77137140628343,0.027955316239967942,256,7.156560957431793,3301.99365234375,192,topk_k128_recent64_attention,19.15625,1.78013277053833,0.01692524682651622,0.0,0.01692524682651622,0.0031695721077654514,0.0,govreport_82,topk_thinning,TinyLlama/TinyLlama-1.1B-Chat-v1.0,govreport,256,128,64,attention
26.49271348220461,0.03774622787022963,256,9.663034334778786,3302.10400390625,192,topk_k128_recent64_attention,56.78125,2.0431365966796875,0.10652463382157124,0.0,0.10652463382157124,0.0034129692832764505,0.0,govreport_83,topk_thinning,TinyLlama/TinyLlama-1.1B-Chat-v1.0,govreport,256,128,64,attention
17.424246577092767,0.057391290669329464,256,14.692170411348343,3302.32568359375,192,topk_k128_recent64_attention,132.40625,1.1418390274047852,0.0030959752321981426,0.0,0.0030959752321981426,0.0016680567139282737,0.0,govreport_84,topk_thinning,TinyLlama/TinyLlama-1.1B-Chat-v1.0,govreport,256,128,64,attention
17.362297662573454,0.05759606357605662,256,14.744592275470495,3302.32763671875,192,topk_k128_recent64_attention,133.125,1.3102933168411255,0.008935219657483246,0.0014914243102162566,0.008935219657483246,0.0015860428231562254,0.0,govreport_85,topk_thinning,TinyLlama/TinyLlama-1.1B-Chat-v1.0,govreport,256,128,64,attention
23.2117330183352,0.04308166043483652,256,11.02890507131815,3302.16357421875,192,topk_k128_recent64_attention,77.25,2.5944836139678955,0.005813953488372093,0.0,0.005813953488372093,0.0,0.0,govreport_86,topk_thinning,TinyLlama/TinyLlama-1.1B-Chat-v1.0,govreport,256,128,64,attention
31.46843978644246,0.03177787036111113,256,8.135134812444448,3302.03662109375,192,topk_k128_recent64_attention,33.958333333333336,1.15999436378479,0.01267427122940431,0.0,0.01267427122940431,0.002728512960436562,0.0,govreport_87,topk_thinning,TinyLlama/TinyLlama-1.1B-Chat-v1.0,govreport,256,128,64,attention
25.6225958008896,0.03902805194957182,256,9.991181299090385,3302.11767578125,192,topk_k128_recent64_attention,61.348958333333336,2.01865816116333,0.033946251768033946,0.0,0.03111739745403112,0.006051437216338881,0.0,govreport_88,topk_thinning,TinyLlama/TinyLlama-1.1B-Chat-v1.0,govreport,256,128,64,attention
24.84160827698036,0.040255042622447945,256,10.305290911346674,3302.13232421875,192,topk_k128_recent64_attention,66.46354166666667,1.2464847564697266,0.010152284263959392,0.0,0.010152284263959392,0.0036496350364963507,0.0,govreport_89,topk_thinning,TinyLlama/TinyLlama-1.1B-Chat-v1.0,govreport,256,128,64,attention
33.5514167466277,0.02980500071134884,256,7.630080182105303,3302.01416015625,192,topk_k128_recent64_attention,26.1875,1.5067908763885498,0.12606060606060604,0.0024301336573511545,0.12363636363636366,0.006006006006006006,0.0,govreport_90,topk_thinning,TinyLlama/TinyLlama-1.1B-Chat-v1.0,govreport,256,128,64,attention
19.71473970954243,0.05072346958331764,256,12.985208213329315,3302.24951171875,192,topk_k128_recent64_attention,106.50520833333333,1.5213004350662231,0.026344676180021953,0.0,0.026344676180021953,0.0024242424242424242,0.0,govreport_91,topk_thinning,TinyLlama/TinyLlama-1.1B-Chat-v1.0,govreport,256,128,64,attention
17.724200600303437,0.05642003397224471,256,14.443528696894646,3302.31396484375,192,topk_k128_recent64_attention,128.59895833333334,1.3384454250335693,0.12500000000000003,0.002159827213822894,0.12500000000000003,0.002621231979030144,0.0,govreport_92,topk_thinning,TinyLlama/TinyLlama-1.1B-Chat-v1.0,govreport,256,128,64,attention
28.507120757772064,0.03507895478105638,256,8.980212423950434,3302.07373046875,192,topk_k128_recent64_attention,46.484375,1.4923715591430664,0.12560386473429952,0.006462035541195476,0.12560386473429952,0.0038240917782026763,0.0,govreport_93,topk_thinning,TinyLlama/TinyLlama-1.1B-Chat-v1.0,govreport,256,128,64,attention
31.691189752741415,0.03155451113707386,256,8.077954851090908,3302.03369140625,192,topk_k128_recent64_attention,32.90625,1.250224232673645,0.14884979702300405,0.0027137042062415195,0.14073071718538566,0.0036832412523020255,0.0,govreport_94,topk_thinning,TinyLlama/TinyLlama-1.1B-Chat-v1.0,govreport,256,128,64,attention
27.39443421017034,0.03650376541190781,256,9.344963945448399,3302.09033203125,192,topk_k128_recent64_attention,52.0625,1.2086831331253052,0.0633373934226553,0.0,0.0633373934226553,0.0,0.0,govreport_95,topk_thinning,TinyLlama/TinyLlama-1.1B-Chat-v1.0,govreport,256,128,64,attention
26.15250982372167,0.03823724784888327,256,9.788735449314117,3302.10888671875,192,topk_k128_recent64_attention,58.546875,1.4022681713104248,0.03614457831325301,0.006042296072507554,0.03614457831325301,0.006600660066006602,0.0,govreport_96,topk_thinning,TinyLlama/TinyLlama-1.1B-Chat-v1.0,govreport,256,128,64,attention
21.700755065964266,0.04608134587761015,256,11.796824544668198,3302.19775390625,192,topk_k128_recent64_attention,88.77604166666667,1.1800270080566406,0.10264900662251657,0.006644518272425249,0.10264900662251657,0.00404040404040404,0.0,govreport_97,topk_thinning,TinyLlama/TinyLlama-1.1B-Chat-v1.0,govreport,256,128,64,attention
28.524067558689236,0.03505811357172206,256,8.974877074360847,3302.07373046875,192,topk_k128_recent64_attention,46.65625,1.1660865545272827,0.06585788561525129,0.0,0.06585788561525129,0.004338394793926247,0.0,govreport_98,topk_thinning,TinyLlama/TinyLlama-1.1B-Chat-v1.0,govreport,256,128,64,attention
27.84888263740293,0.035908083387766965,256,9.192469347268343,3302.08349609375,192,topk_k128_recent64_attention,49.682291666666664,1.3171565532684326,0.24713375796178347,0.04342273307790549,0.24713375796178347,0.003072196620583717,0.0,govreport_99,topk_thinning,TinyLlama/TinyLlama-1.1B-Chat-v1.0,govreport,256,128,64,attention
